run_id,host_id,window_id,event_count,process_count,unique_process_count,powershell_count,cmd_count,suspicious_parent_child_count,process_tree_depth,file_create_count,file_write_count,file_modify_count,file_delete_count,file_rename_count,unique_files_modified,file_write_velocity,entropy_mean,entropy_delta_mean,high_entropy_write_count,registry_event_count,registry_modify_count,persistence_key_count,network_connection_count,unique_destinations,unique_ports,total_bytes_sent,total_bytes_received,average_network_interval,auth_event_count,failed_login_count,successful_login_count,signal_diversity,label,scenario,dominant_phase
BENIGN_HIGH_ENTROPY-0001,WIN-ARGUS-001,0,43,1,1,0,0,0,2.0,0,14,13,0,0,40,0.4666666666666667,7.1938249999999995,2.2440249999999997,11,0,0,0,2,2,2,9034,5184,5.0,0,0,0,3,0,benign_high_entropy,BENIGN
BENIGN_HIGH_ENTROPY-0001,WIN-ARGUS-001,1,47,1,1,0,0,0,2.0,0,15,16,0,0,43,0.5,7.286604651162791,2.314232558139535,13,0,0,0,3,2,3,8063,8470,13.5,0,0,0,3,0,benign_high_entropy,BENIGN
BENIGN_HIGH_ENTROPY-0001,WIN-ARGUS-001,2,38,1,1,0,0,0,2.0,0,13,12,0,0,34,0.43333333333333335,7.601441176470589,2.453264705882353,12,0,0,0,3,2,2,10814,8423,5.0,0,0,0,3,0,benign_high_entropy,BENIGN
BENIGN_HIGH_ENTROPY-0001,WIN-ARGUS-001,3,37,1,1,0,0,0,2.0,0,10,9,0,0,33,0.3333333333333333,6.705878787878788,1.9196060606060605,10,0,0,0,3,2,2,6462,7533,3.5,0,0,0,3,0,benign_high_entropy,BENIGN
BENIGN_HIGH_ENTROPY-0001,WIN-ARGUS-001,4,41,1,1,0,0,0,2.0,0,13,14,0,0,37,0.43333333333333335,7.315189189189189,2.4143513513513515,13,0,0,0,3,2,2,7947,8231,9.5,0,0,0,3,0,benign_high_entropy,BENIGN
BENIGN_HIGH_ENTROPY-0001,WIN-ARGUS-001,5,29,1,1,0,0,0,2.0,0,11,7,0,0,27,0.36666666666666664,7.258518518518518,2.42337037037037,11,0,0,0,1,1,1,1474,4409,0.0,0,0,0,3,0,benign_high_entropy,BENIGN
BENIGN_HIGH_ENTROPY-0002,WIN-ARGUS-002,0,45,1,1,0,0,0,2.0,0,16,12,0,0,43,0.5333333333333333,6.679116279069768,2.0718604651162793,12,0,0,0,1,1,1,2500,4132,0.0,0,0,0,3,0,benign_high_entropy,BENIGN
BENIGN_HIGH_ENTROPY-0002,WIN-ARGUS-002,1,38,1,1,0,0,0,2.0,0,18,13,0,0,36,0.6,7.064861111111111,2.282222222222222,15,0,0,0,1,1,1,625,3859,0.0,0,0,0,3,0,benign_high_entropy,BENIGN
BENIGN_HIGH_ENTROPY-0002,WIN-ARGUS-002,2,49,1,1,0,0,0,2.0,0,16,15,0,0,45,0.5333333333333333,7.069288888888889,2.1855777777777776,12,0,0,0,3,3,2,8514,8638,8.5,0,0,0,3,0,benign_high_entropy,BENIGN
BENIGN_HIGH_ENTROPY-0002,WIN-ARGUS-002,3,48,1,1,0,0,0,2.0,0,13,15,0,0,44,0.43333333333333335,7.138545454545454,2.431568181818182,12,0,0,0,3,3,2,7546,6020,16.0,0,0,0,3,0,benign_high_entropy,BENIGN
BENIGN_HIGH_ENTROPY-0002,WIN-ARGUS-002,4,40,1,1,0,0,0,2.0,0,7,17,0,0,37,0.23333333333333334,7.112486486486486,2.3344594594594597,6,0,0,0,2,2,2,4865,3733,2.0,0,0,0,3,0,benign_high_entropy,BENIGN
BENIGN_HIGH_ENTROPY-0002,WIN-ARGUS-002,5,34,1,1,0,0,0,2.0,0,12,8,0,0,32,0.4,6.97309375,2.184,11,0,0,0,1,1,1,3907,3348,0.0,0,0,0,3,0,benign_high_entropy,BENIGN
BENIGN_HIGH_ENTROPY-0003,WIN-ARGUS-003,0,29,1,1,0,0,0,2.0,0,7,9,0,0,26,0.23333333333333334,6.861576923076924,2.2183076923076923,5,0,0,0,2,2,2,3468,7375,12.0,0,0,0,3,0,benign_high_entropy,BENIGN
BENIGN_HIGH_ENTROPY-0003,WIN-ARGUS-003,1,40,1,1,0,0,0,2.0,0,16,11,0,0,37,0.5333333333333333,7.087459459459459,2.300837837837838,13,0,0,0,2,2,2,1605,2667,1.0,0,0,0,3,0,benign_high_entropy,BENIGN
BENIGN_HIGH_ENTROPY-0003,WIN-ARGUS-003,2,33,1,1,0,0,0,2.0,0,13,9,0,0,30,0.43333333333333335,6.8364,1.8920666666666668,11,0,0,0,2,2,1,6018,6063,1.0,0,0,0,3,0,benign_high_entropy,BENIGN
BENIGN_HIGH_ENTROPY-0003,WIN-ARGUS-003,3,49,1,1,0,0,0,2.0,0,22,12,0,0,45,0.7333333333333333,7.036444444444444,2.2581555555555557,19,0,0,0,3,2,3,4094,10417,5.5,0,0,0,3,0,benign_high_entropy,BENIGN
BENIGN_HIGH_ENTROPY-0003,WIN-ARGUS-003,4,34,1,1,0,0,0,2.0,0,11,9,0,0,32,0.36666666666666664,7.01128125,2.166375,10,0,0,0,1,1,1,2248,1197,0.0,0,0,0,3,0,benign_high_entropy,BENIGN
BENIGN_HIGH_ENTROPY-0003,WIN-ARGUS-003,5,44,1,1,0,0,0,2.0,0,10,22,0,0,42,0.3333333333333333,7.014095238095238,2.1760238095238096,10,0,0,0,1,1,1,2881,4815,0.0,0,0,0,3,0,benign_high_entropy,BENIGN
BENIGN_HIGH_ENTROPY-0004,WIN-ARGUS-004,0,32,1,1,0,0,0,2.0,0,13,13,0,0,29,0.43333333333333335,6.819413793103449,2.100655172413793,11,0,0,0,2,1,2,6064,7105,6.0,0,0,0,3,0,benign_high_entropy,BENIGN
BENIGN_HIGH_ENTROPY-0004,WIN-ARGUS-004,1,47,1,1,0,0,0,2.0,0,16,9,0,0,45,0.5333333333333333,7.143133333333334,2.1770888888888886,14,0,0,0,1,1,1,2509,4569,0.0,0,0,0,3,0,benign_high_entropy,BENIGN
BENIGN_HIGH_ENTROPY-0004,WIN-ARGUS-004,2,41,1,1,0,0,0,2.0,0,18,7,0,0,37,0.6,6.928081081081081,2.210594594594595,15,0,0,0,3,2,2,7935,4684,10.5,0,0,0,3,0,benign_high_entropy,BENIGN
BENIGN_HIGH_ENTROPY-0004,WIN-ARGUS-004,3,41,1,1,0,0,0,2.0,0,15,12,0,0,39,0.5,7.150948717948718,2.355230769230769,12,0,0,0,1,1,1,4881,1170,0.0,0,0,0,3,0,benign_high_entropy,BENIGN
BENIGN_HIGH_ENTROPY-0004,WIN-ARGUS-004,4,44,1,1,0,0,0,2.0,0,21,13,0,0,42,0.7,7.153214285714286,2.2702857142857145,18,0,0,0,1,1,1,1281,2775,0.0,0,0,0,3,0,benign_high_entropy,BENIGN
BENIGN_HIGH_ENTROPY-0004,WIN-ARGUS-004,5,43,1,1,0,0,0,2.0,0,9,15,0,0,40,0.3,7.288774999999999,2.4534,8,0,0,0,2,2,2,7786,5875,8.0,0,0,0,3,0,benign_high_entropy,BENIGN
BENIGN_HIGH_ENTROPY-0005,WIN-ARGUS-005,0,36,1,1,0,0,0,2.0,0,14,10,0,0,34,0.4666666666666667,6.808676470588235,2.0208235294117647,13,0,0,0,1,1,1,235,3256,0.0,0,0,0,3,0,benign_high_entropy,BENIGN
BENIGN_HIGH_ENTROPY-0005,WIN-ARGUS-005,1,41,1,1,0,0,0,2.0,0,10,12,0,0,38,0.3333333333333333,7.299,2.2688421052631575,9,0,0,0,2,2,2,6521,1824,14.0,0,0,0,3,0,benign_high_entropy,BENIGN
BENIGN_HIGH_ENTROPY-0005,WIN-ARGUS-005,2,41,1,1,0,0,0,2.0,0,14,10,0,0,39,0.4666666666666667,6.972538461538461,2.3470769230769233,13,0,0,0,1,1,1,590,205,0.0,0,0,0,3,0,benign_high_entropy,BENIGN
BENIGN_HIGH_ENTROPY-0005,WIN-ARGUS-005,3,42,1,1,0,0,0,2.0,0,17,14,0,0,39,0.5666666666666667,7.126512820512821,2.2173589743589743,12,0,0,0,2,2,1,7239,5171,18.0,0,0,0,3,0,benign_high_entropy,BENIGN
BENIGN_HIGH_ENTROPY-0005,WIN-ARGUS-005,4,29,1,1,0,0,0,2.0,0,7,12,0,0,26,0.23333333333333334,6.965461538461539,2.1760384615384614,6,0,0,0,2,2,1,5853,4129,7.0,0,0,0,3,0,benign_high_entropy,BENIGN
BENIGN_HIGH_ENTROPY-0005,WIN-ARGUS-005,5,42,1,1,0,0,0,2.0,0,11,19,0,0,40,0.36666666666666664,7.066075,2.3842,10,0,0,0,1,1,1,950,386,0.0,0,0,0,3,0,benign_high_entropy,BENIGN
BENIGN_HIGH_ENTROPY-0006,WIN-ARGUS-006,0,28,1,1,0,0,0,2.0,0,9,8,0,0,26,0.3,7.297730769230769,2.522307692307692,8,0,0,0,1,1,1,3932,949,0.0,0,0,0,3,0,benign_high_entropy,BENIGN
BENIGN_HIGH_ENTROPY-0006,WIN-ARGUS-006,1,36,1,1,0,0,0,2.0,0,11,8,0,0,33,0.36666666666666664,7.095272727272728,1.981939393939394,8,0,0,0,2,2,2,4996,5191,13.0,0,0,0,3,0,benign_high_entropy,BENIGN
BENIGN_HIGH_ENTROPY-0006,WIN-ARGUS-006,2,28,1,1,0,0,0,2.0,0,7,11,0,0,26,0.23333333333333334,7.085038461538462,2.1355384615384616,6,0,0,0,1,1,1,3912,4438,0.0,0,0,0,3,0,benign_high_entropy,BENIGN
BENIGN_HIGH_ENTROPY-0006,WIN-ARGUS-006,3,32,1,1,0,0,0,2.0,0,11,13,0,0,30,0.36666666666666664,7.095833333333333,2.1643333333333334,8,0,0,0,1,1,1,1163,3330,0.0,0,0,0,3,0,benign_high_entropy,BENIGN
BENIGN_HIGH_ENTROPY-0006,WIN-ARGUS-006,4,43,1,1,0,0,0,2.0,0,13,15,0,0,40,0.43333333333333335,7.208799999999999,2.38605,12,0,0,0,2,2,2,6068,5188,3.0,0,0,0,3,0,benign_high_entropy,BENIGN
BENIGN_HIGH_ENTROPY-0006,WIN-ARGUS-006,5,33,1,1,0,0,0,2.0,0,9,8,0,0,29,0.3,7.355896551724138,2.4309310344827586,8,0,0,0,3,2,2,8154,8006,3.0,0,0,0,3,0,benign_high_entropy,BENIGN
BENIGN_HIGH_ENTROPY-0007,WIN-ARGUS-007,0,29,1,1,0,0,0,2.0,0,8,9,0,0,26,0.26666666666666666,6.984269230769231,2.2223846153846156,6,0,0,0,2,1,2,2879,7452,6.0,0,0,0,3,0,benign_high_entropy,BENIGN
BENIGN_HIGH_ENTROPY-0007,WIN-ARGUS-007,1,47,1,1,0,0,0,2.0,0,13,17,0,0,44,0.43333333333333335,6.956659090909091,2.173909090909091,12,0,0,0,2,2,1,5622,5245,3.0,0,0,0,3,0,benign_high_entropy,BENIGN
BENIGN_HIGH_ENTROPY-0007,WIN-ARGUS-007,2,36,1,1,0,0,0,2.0,0,10,10,0,0,32,0.3333333333333333,7.03025,2.2223125,9,0,0,0,3,2,2,6606,6849,9.0,0,0,0,3,0,benign_high_entropy,BENIGN
BENIGN_HIGH_ENTROPY-0007,WIN-ARGUS-007,3,34,1,1,0,0,0,2.0,0,9,12,0,0,31,0.3,7.004741935483871,2.1125483870967745,7,0,0,0,2,2,2,6865,5344,5.0,0,0,0,3,0,benign_high_entropy,BENIGN
BENIGN_HIGH_ENTROPY-0007,WIN-ARGUS-007,4,41,1,1,0,0,0,2.0,0,11,16,0,0,37,0.36666666666666664,7.29845945945946,2.610864864864865,11,0,0,0,3,2,3,7955,8542,8.5,0,0,0,3,0,benign_high_entropy,BENIGN
BENIGN_HIGH_ENTROPY-0007,WIN-ARGUS-007,5,42,1,1,0,0,0,2.0,0,19,7,0,0,40,0.6333333333333333,7.0799,2.285325,17,0,0,0,1,1,1,2949,4971,0.0,0,0,0,3,0,benign_high_entropy,BENIGN
BENIGN_HIGH_ENTROPY-0008,WIN-ARGUS-008,0,46,1,1,0,0,0,2.0,0,15,12,0,0,43,0.5,7.197093023255815,2.2042790697674417,13,0,0,0,2,2,2,5480,5115,18.0,0,0,0,3,0,benign_high_entropy,BENIGN
BENIGN_HIGH_ENTROPY-0008,WIN-ARGUS-008,1,37,1,1,0,0,0,2.0,0,14,9,0,0,35,0.4666666666666667,7.118628571428571,2.3086857142857142,13,0,0,0,1,1,1,445,2210,0.0,0,0,0,3,0,benign_high_entropy,BENIGN
BENIGN_HIGH_ENTROPY-0008,WIN-ARGUS-008,2,33,1,1,0,0,0,2.0,0,11,10,0,0,31,0.36666666666666664,7.134645161290323,2.065193548387097,9,0,0,0,1,1,1,3716,883,0.0,0,0,0,3,0,benign_high_entropy,BENIGN
BENIGN_HIGH_ENTROPY-0008,WIN-ARGUS-008,3,35,1,1,0,0,0,2.0,0,11,9,0,0,31,0.36666666666666664,7.066548387096774,2.305774193548387,9,0,0,0,3,2,2,6858,10234,20.0,0,0,0,3,0,benign_high_entropy,BENIGN
BENIGN_HIGH_ENTROPY-0008,WIN-ARGUS-008,4,29,1,1,0,0,0,2.0,0,9,9,0,0,25,0.3,7.38068,2.43324,7,0,0,0,3,2,2,11612,3764,7.0,0,0,0,3,0,benign_high_entropy,BENIGN
BENIGN_HIGH_ENTROPY-0008,WIN-ARGUS-008,5,29,1,1,0,0,0,2.0,0,6,15,0,0,26,0.2,6.757769230769231,1.953769230769231,5,0,0,0,2,2,2,4613,6408,0.0,0,0,0,3,0,benign_high_entropy,BENIGN
BENIGN_HIGH_ENTROPY-0009,WIN-ARGUS-009,0,39,1,1,0,0,0,2.0,0,10,10,0,0,37,0.3333333333333333,7.112027027027026,2.2552432432432434,9,0,0,0,1,1,1,4176,3658,0.0,0,0,0,3,0,benign_high_entropy,BENIGN
BENIGN_HIGH_ENTROPY-0009,WIN-ARGUS-009,1,34,1,1,0,0,0,2.0,0,11,8,0,0,32,0.36666666666666664,7.02490625,2.14975,10,0,0,0,1,1,1,4901,4017,0.0,0,0,0,3,0,benign_high_entropy,BENIGN
BENIGN_HIGH_ENTROPY-0009,WIN-ARGUS-009,2,33,1,1,0,0,0,2.0,0,8,12,0,0,29,0.26666666666666666,6.960413793103449,2.052241379310345,6,0,0,0,3,2,3,8025,10732,2.5,0,0,0,3,0,benign_high_entropy,BENIGN
BENIGN_HIGH_ENTROPY-0009,WIN-ARGUS-009,3,31,1,1,0,0,0,2.0,0,4,8,0,0,27,0.13333333333333333,7.152148148148148,2.3083703703703704,4,0,0,0,3,3,3,10949,6024,8.5,0,0,0,3,0,benign_high_entropy,BENIGN
BENIGN_HIGH_ENTROPY-0009,WIN-ARGUS-009,4,35,1,1,0,0,0,2.0,0,13,10,0,0,33,0.43333333333333335,7.316060606060606,2.3520909090909092,11,0,0,0,1,1,1,4851,4682,0.0,0,0,0,3,0,benign_high_entropy,BENIGN
BENIGN_HIGH_ENTROPY-0009,WIN-ARGUS-009,5,43,1,1,0,0,0,2.0,0,8,17,0,0,39,0.26666666666666666,7.316051282051283,2.3567435897435898,7,0,0,0,3,3,2,7215,7953,5.0,0,0,0,3,0,benign_high_entropy,BENIGN
BENIGN_HIGH_ENTROPY-0010,WIN-ARGUS-010,0,45,1,1,0,0,0,2.0,0,16,12,0,0,42,0.5333333333333333,7.024571428571428,2.351357142857143,14,0,0,0,2,2,2,4546,2507,3.0,0,0,0,3,0,benign_high_entropy,BENIGN
BENIGN_HIGH_ENTROPY-0010,WIN-ARGUS-010,1,44,1,1,0,0,0,2.0,0,16,13,0,0,39,0.5333333333333333,6.98325,2.1479500000000002,14,0,0,0,3,2,2,6427,4584,8.0,0,0,0,3,0,benign_high_entropy,BENIGN
BENIGN_HIGH_ENTROPY-0010,WIN-ARGUS-010,2,44,1,1,0,0,0,2.0,0,16,13,0,0,40,0.5333333333333333,6.773175,2.03745,12,0,0,0,3,3,2,7836,10562,8.0,0,0,0,3,0,benign_high_entropy,BENIGN
BENIGN_HIGH_ENTROPY-0010,WIN-ARGUS-010,3,29,1,1,0,0,0,2.0,0,8,7,0,0,27,0.26666666666666666,6.721074074074074,1.8792222222222221,7,0,0,0,1,1,1,797,4986,0.0,0,0,0,3,0,benign_high_entropy,BENIGN
BENIGN_HIGH_ENTROPY-0010,WIN-ARGUS-010,4,34,1,1,0,0,0,2.0,0,12,6,0,0,30,0.4,7.242533333333333,2.4400666666666666,11,0,0,0,3,2,3,13011,6015,3.0,0,0,0,3,0,benign_high_entropy,BENIGN
BENIGN_HIGH_ENTROPY-0010,WIN-ARGUS-010,5,48,1,1,0,0,0,2.0,0,24,8,0,0,44,0.8,6.924522727272728,2.1928181818181818,21,0,0,0,3,3,2,11165,6767,8.5,0,0,0,3,0,benign_high_entropy,BENIGN
BENIGN_HIGH_ENTROPY-0011,WIN-ARGUS-011,0,27,1,1,0,0,0,2.0,0,7,8,0,0,25,0.23333333333333334,6.8888,2.23704,7,0,0,0,1,1,1,2204,2188,0.0,0,0,0,3,0,benign_high_entropy,BENIGN
BENIGN_HIGH_ENTROPY-0011,WIN-ARGUS-011,1,46,1,1,0,0,0,2.0,0,14,19,0,0,43,0.4666666666666667,7.282767441860465,2.3595581395348835,13,0,0,0,2,1,1,9385,4444,4.0,0,0,0,3,0,benign_high_entropy,BENIGN
BENIGN_HIGH_ENTROPY-0011,WIN-ARGUS-011,2,47,1,1,0,0,0,2.0,0,15,14,0,0,43,0.5,7.300372093023256,2.234860465116279,14,0,0,0,3,2,2,8759,10558,1.5,0,0,0,3,0,benign_high_entropy,BENIGN
BENIGN_HIGH_ENTROPY-0011,WIN-ARGUS-011,3,44,1,1,0,0,0,2.0,0,6,20,0,0,41,0.2,7.413731707317074,2.5399268292682926,6,0,0,0,2,2,1,2455,6340,3.0,0,0,0,3,0,benign_high_entropy,BENIGN
BENIGN_HIGH_ENTROPY-0011,WIN-ARGUS-011,4,36,1,1,0,0,0,2.0,0,9,16,0,0,33,0.3,6.993030303030303,2.3477878787878788,7,0,0,0,2,2,1,6198,1814,17.0,0,0,0,3,0,benign_high_entropy,BENIGN
BENIGN_HIGH_ENTROPY-0011,WIN-ARGUS-011,5,28,1,1,0,0,0,2.0,0,9,9,0,0,25,0.3,6.8626,2.04544,6,0,0,0,2,2,1,2991,8754,3.0,0,0,0,3,0,benign_high_entropy,BENIGN
BENIGN_HIGH_ENTROPY-0012,WIN-ARGUS-012,0,32,1,1,0,0,0,2.0,0,7,14,0,0,29,0.23333333333333334,7.372931034482758,2.397655172413793,6,0,0,0,2,2,1,8777,3837,17.0,0,0,0,3,0,benign_high_entropy,BENIGN
BENIGN_HIGH_ENTROPY-0012,WIN-ARGUS-012,1,36,1,1,0,0,0,2.0,0,10,11,0,0,33,0.3333333333333333,7.025787878787879,2.1512727272727274,9,0,0,0,2,2,2,4151,5775,7.0,0,0,0,3,0,benign_high_entropy,BENIGN
BENIGN_HIGH_ENTROPY-0012,WIN-ARGUS-012,2,33,1,1,0,0,0,2.0,0,7,10,0,0,30,0.23333333333333334,7.218133333333333,2.3981333333333335,6,0,0,0,2,1,2,4664,9013,4.0,0,0,0,3,0,benign_high_entropy,BENIGN
BENIGN_HIGH_ENTROPY-0012,WIN-ARGUS-012,3,40,1,1,0,0,0,2.0,0,12,12,0,0,37,0.4,6.993729729729729,2.1825405405405407,9,0,0,0,2,2,2,8096,1401,3.0,0,0,0,3,0,benign_high_entropy,BENIGN
BENIGN_HIGH_ENTROPY-0012,WIN-ARGUS-012,4,37,1,1,0,0,0,2.0,0,15,9,0,0,35,0.5,7.168171428571428,2.304942857142857,14,0,0,0,1,1,1,1388,1067,0.0,0,0,0,3,0,benign_high_entropy,BENIGN
BENIGN_HIGH_ENTROPY-0012,WIN-ARGUS-012,5,31,1,1,0,0,0,2.0,0,9,12,0,0,27,0.3,7.11437037037037,2.394148148148148,7,0,0,0,3,2,2,10364,8527,7.0,0,0,0,3,0,benign_high_entropy,BENIGN
BENIGN_HIGH_ENTROPY-0013,WIN-ARGUS-013,0,43,1,1,0,0,0,2.0,0,12,16,0,0,40,0.4,7.109699999999999,2.2341249999999997,10,0,0,0,2,1,1,2486,1624,10.0,0,0,0,3,0,benign_high_entropy,BENIGN
BENIGN_HIGH_ENTROPY-0013,WIN-ARGUS-013,1,39,1,1,0,0,0,2.0,0,12,13,0,0,37,0.4,6.9177297297297295,2.1400270270270267,12,0,0,0,1,1,1,4281,4887,0.0,0,0,0,3,0,benign_high_entropy,BENIGN
BENIGN_HIGH_ENTROPY-0013,WIN-ARGUS-013,2,39,1,1,0,0,0,2.0,0,13,11,0,0,36,0.43333333333333335,7.054083333333334,2.391472222222222,10,0,0,0,2,1,2,3106,2506,8.0,0,0,0,3,0,benign_high_entropy,BENIGN
BENIGN_HIGH_ENTROPY-0013,WIN-ARGUS-013,3,41,1,1,0,0,0,2.0,0,17,10,0,0,38,0.5666666666666667,7.0778684210526315,2.343578947368421,15,0,0,0,2,2,2,5904,2384,8.0,0,0,0,3,0,benign_high_entropy,BENIGN
BENIGN_HIGH_ENTROPY-0013,WIN-ARGUS-013,4,44,1,1,0,0,0,2.0,0,14,16,0,0,41,0.4666666666666667,7.157439024390244,2.3828048780487805,12,0,0,0,2,1,1,7003,3785,1.0,0,0,0,3,0,benign_high_entropy,BENIGN
BENIGN_HIGH_ENTROPY-0013,WIN-ARGUS-013,5,40,1,1,0,0,0,2.0,0,10,14,0,0,36,0.3333333333333333,7.151722222222222,2.280722222222222,8,0,0,0,3,2,1,7883,7241,1.0,0,0,0,3,0,benign_high_entropy,BENIGN
BENIGN_HIGH_ENTROPY-0014,WIN-ARGUS-014,0,37,1,1,0,0,0,2.0,0,13,9,0,0,33,0.43333333333333335,7.519090909090909,2.588363636363636,12,0,0,0,3,2,2,7476,3626,4.5,0,0,0,3,0,benign_high_entropy,BENIGN
BENIGN_HIGH_ENTROPY-0014,WIN-ARGUS-014,1,33,1,1,0,0,0,2.0,0,8,13,0,0,30,0.26666666666666666,7.246466666666667,2.2879333333333336,6,0,0,0,2,2,2,5930,6302,4.0,0,0,0,3,0,benign_high_entropy,BENIGN
BENIGN_HIGH_ENTROPY-0014,WIN-ARGUS-014,2,38,1,1,0,0,0,2.0,0,11,16,0,0,35,0.36666666666666664,7.1858571428571425,2.210057142857143,10,0,0,0,2,1,1,3315,5229,4.0,0,0,0,3,0,benign_high_entropy,BENIGN
BENIGN_HIGH_ENTROPY-0014,WIN-ARGUS-014,3,38,1,1,0,0,0,2.0,0,13,5,0,0,34,0.43333333333333335,6.9704411764705885,2.2096470588235295,11,0,0,0,3,2,1,8935,6936,10.5,0,0,0,3,0,benign_high_entropy,BENIGN
BENIGN_HIGH_ENTROPY-0014,WIN-ARGUS-014,4,28,1,1,0,0,0,2.0,0,10,5,0,0,26,0.3333333333333333,7.215692307692308,2.2465,8,0,0,0,1,1,1,707,1944,0.0,0,0,0,3,0,benign_high_entropy,BENIGN
BENIGN_HIGH_ENTROPY-0014,WIN-ARGUS-014,5,49,1,1,0,0,0,2.0,0,17,14,0,0,45,0.5666666666666667,7.1677333333333335,2.429688888888889,17,0,0,0,3,2,2,6119,9264,9.5,0,0,0,3,0,benign_high_entropy,BENIGN
BENIGN_HIGH_ENTROPY-0015,WIN-ARGUS-015,0,35,1,1,0,0,0,2.0,0,8,17,0,0,31,0.26666666666666666,7.070387096774194,2.222935483870968,5,0,0,0,3,2,2,4183,7872,7.0,0,0,0,3,0,benign_high_entropy,BENIGN
BENIGN_HIGH_ENTROPY-0015,WIN-ARGUS-015,1,38,1,1,0,0,0,2.0,0,11,12,0,0,34,0.36666666666666664,7.311382352941176,2.4607941176470587,9,0,0,0,3,2,2,6020,10514,5.0,0,0,0,3,0,benign_high_entropy,BENIGN
BENIGN_HIGH_ENTROPY-0015,WIN-ARGUS-015,2,43,1,1,0,0,0,2.0,0,14,13,0,0,39,0.4666666666666667,6.893487179487179,1.876923076923077,9,0,0,0,3,1,2,9746,5786,11.5,0,0,0,3,0,benign_high_entropy,BENIGN
BENIGN_HIGH_ENTROPY-0015,WIN-ARGUS-015,3,29,1,1,0,0,0,2.0,0,10,7,0,0,25,0.3333333333333333,6.58556,1.8848799999999999,7,0,0,0,3,3,3,12494,7878,4.5,0,0,0,3,0,benign_high_entropy,BENIGN
BENIGN_HIGH_ENTROPY-0015,WIN-ARGUS-015,4,31,1,1,0,0,0,2.0,0,8,9,0,0,28,0.26666666666666666,6.678071428571428,2.0328214285714283,6,0,0,0,2,2,2,3631,3582,0.0,0,0,0,3,0,benign_high_entropy,BENIGN
BENIGN_HIGH_ENTROPY-0015,WIN-ARGUS-015,5,37,1,1,0,0,0,2.0,0,11,15,0,0,34,0.36666666666666664,7.295911764705883,2.2630882352941177,10,0,0,0,2,2,2,4253,7550,2.0,0,0,0,3,0,benign_high_entropy,BENIGN
BENIGN_HIGH_ENTROPY-0016,WIN-ARGUS-016,0,45,1,1,0,0,0,2.0,0,12,13,0,0,43,0.4,7.039953488372094,2.2617441860465117,12,0,0,0,1,1,1,458,888,0.0,0,0,0,3,0,benign_high_entropy,BENIGN
BENIGN_HIGH_ENTROPY-0016,WIN-ARGUS-016,1,47,1,1,0,0,0,2.0,0,11,22,0,0,44,0.36666666666666664,7.081522727272727,2.2342045454545456,8,0,0,0,2,2,2,1318,6810,8.0,0,0,0,3,0,benign_high_entropy,BENIGN
BENIGN_HIGH_ENTROPY-0016,WIN-ARGUS-016,2,31,1,1,0,0,0,2.0,0,4,9,0,0,27,0.13333333333333333,7.246740740740741,2.4475925925925925,4,0,0,0,3,2,2,10369,6219,10.5,0,0,0,3,0,benign_high_entropy,BENIGN
BENIGN_HIGH_ENTROPY-0016,WIN-ARGUS-016,3,44,1,1,0,0,0,2.0,0,13,16,0,0,42,0.43333333333333335,6.866452380952381,1.9809761904761902,11,0,0,0,1,1,1,2890,3799,0.0,0,0,0,3,0,benign_high_entropy,BENIGN
BENIGN_HIGH_ENTROPY-0016,WIN-ARGUS-016,4,32,1,1,0,0,0,2.0,0,6,13,0,0,29,0.2,7.021655172413793,2.1766206896551723,6,0,0,0,2,2,1,1446,3441,0.0,0,0,0,3,0,benign_high_entropy,BENIGN
BENIGN_HIGH_ENTROPY-0016,WIN-ARGUS-016,5,29,1,1,0,0,0,2.0,0,11,10,0,0,25,0.36666666666666664,7.2341999999999995,2.32196,11,0,0,0,3,1,2,8534,3951,6.5,0,0,0,3,0,benign_high_entropy,BENIGN
BENIGN_HIGH_ENTROPY-0017,WIN-ARGUS-017,0,32,1,1,0,0,0,2.0,0,11,11,0,0,30,0.36666666666666664,7.288266666666667,2.3258,11,0,0,0,1,1,1,3920,2040,0.0,0,0,0,3,0,benign_high_entropy,BENIGN
BENIGN_HIGH_ENTROPY-0017,WIN-ARGUS-017,1,45,1,1,0,0,0,2.0,0,10,22,0,0,41,0.3333333333333333,6.984,2.1754146341463416,8,0,0,0,3,2,2,9283,8890,8.0,0,0,0,3,0,benign_high_entropy,BENIGN
BENIGN_HIGH_ENTROPY-0017,WIN-ARGUS-017,2,42,1,1,0,0,0,2.0,0,18,8,0,0,38,0.6,6.94721052631579,2.318763157894737,17,0,0,0,3,3,2,4389,5879,6.0,0,0,0,3,0,benign_high_entropy,BENIGN
BENIGN_HIGH_ENTROPY-0017,WIN-ARGUS-017,3,33,1,1,0,0,0,2.0,0,9,12,0,0,29,0.3,6.802034482758621,1.7217241379310344,4,0,0,0,3,3,2,8044,11280,6.5,0,0,0,3,0,benign_high_entropy,BENIGN
BENIGN_HIGH_ENTROPY-0017,WIN-ARGUS-017,4,38,1,1,0,0,0,2.0,0,9,15,0,0,36,0.3,7.331611111111111,2.2445555555555554,7,0,0,0,1,1,1,1900,2392,0.0,0,0,0,3,0,benign_high_entropy,BENIGN
BENIGN_HIGH_ENTROPY-0017,WIN-ARGUS-017,5,32,1,1,0,0,0,2.0,0,8,12,0,0,30,0.26666666666666666,6.7056000000000004,1.9125333333333332,7,0,0,0,1,1,1,1603,4561,0.0,0,0,0,3,0,benign_high_entropy,BENIGN
BENIGN_HIGH_ENTROPY-0018,WIN-ARGUS-018,0,35,1,1,0,0,0,2.0,0,12,15,0,0,33,0.4,7.224484848484848,2.420969696969697,10,0,0,0,1,1,1,3663,3443,0.0,0,0,0,3,0,benign_high_entropy,BENIGN
BENIGN_HIGH_ENTROPY-0018,WIN-ARGUS-018,1,48,1,1,0,0,0,2.0,0,13,15,0,0,45,0.43333333333333335,7.190666666666666,2.1741555555555556,10,0,0,0,2,2,2,6316,3591,20.0,0,0,0,3,0,benign_high_entropy,BENIGN
BENIGN_HIGH_ENTROPY-0018,WIN-ARGUS-018,2,39,1,1,0,0,0,2.0,0,13,12,0,0,36,0.43333333333333335,6.679444444444445,2.020138888888889,11,0,0,0,2,2,2,5299,7827,5.0,0,0,0,3,0,benign_high_entropy,BENIGN
BENIGN_HIGH_ENTROPY-0018,WIN-ARGUS-018,3,47,1,1,0,0,0,2.0,0,16,15,0,0,43,0.5333333333333333,7.2046511627906975,2.4197441860465116,14,0,0,0,3,1,2,10569,3701,5.0,0,0,0,3,0,benign_high_entropy,BENIGN
BENIGN_HIGH_ENTROPY-0018,WIN-ARGUS-018,4,46,1,1,0,0,0,2.0,0,22,10,0,0,43,0.7333333333333333,7.36639534883721,2.401325581395349,18,0,0,0,2,2,1,6587,4793,22.0,0,0,0,3,0,benign_high_entropy,BENIGN
BENIGN_HIGH_ENTROPY-0018,WIN-ARGUS-018,5,35,1,1,0,0,0,2.0,0,7,14,0,0,31,0.23333333333333334,7.159580645161291,2.3948064516129035,6,0,0,0,3,2,2,4415,11479,12.5,0,0,0,3,0,benign_high_entropy,BENIGN
BENIGN_HIGH_ENTROPY-0019,WIN-ARGUS-019,0,42,1,1,0,0,0,2.0,0,15,14,0,0,38,0.5,6.86907894736842,2.1299736842105266,13,0,0,0,3,2,3,7991,8902,7.0,0,0,0,3,0,benign_high_entropy,BENIGN
BENIGN_HIGH_ENTROPY-0019,WIN-ARGUS-019,1,41,1,1,0,0,0,2.0,0,17,10,0,0,39,0.5666666666666667,6.8143076923076915,2.0662820512820517,10,0,0,0,1,1,1,3045,441,0.0,0,0,0,3,0,benign_high_entropy,BENIGN
BENIGN_HIGH_ENTROPY-0019,WIN-ARGUS-019,2,41,1,1,0,0,0,2.0,0,16,7,0,0,37,0.5333333333333333,6.901,1.9966216216216217,13,0,0,0,3,2,1,9359,7096,7.0,0,0,0,3,0,benign_high_entropy,BENIGN
BENIGN_HIGH_ENTROPY-0019,WIN-ARGUS-019,3,28,1,1,0,0,0,2.0,0,6,11,0,0,25,0.2,7.28296,2.1062,5,0,0,0,2,2,2,6823,2953,3.0,0,0,0,3,0,benign_high_entropy,BENIGN
BENIGN_HIGH_ENTROPY-0019,WIN-ARGUS-019,4,46,1,1,0,0,0,2.0,0,14,16,0,0,43,0.4666666666666667,6.931023255813954,2.0537209302325583,13,0,0,0,2,1,2,7499,2595,6.0,0,0,0,3,0,benign_high_entropy,BENIGN
BENIGN_HIGH_ENTROPY-0019,WIN-ARGUS-019,5,33,1,1,0,0,0,2.0,0,13,13,0,0,31,0.43333333333333335,7.203419354838709,2.3470645161290324,11,0,0,0,1,1,1,3979,4368,0.0,0,0,0,3,0,benign_high_entropy,BENIGN
BENIGN_HIGH_ENTROPY-0020,WIN-ARGUS-020,0,28,1,1,0,0,0,2.0,0,8,8,0,0,25,0.26666666666666666,6.97036,2.23224,8,0,0,0,2,2,2,5250,2480,15.0,0,0,0,3,0,benign_high_entropy,BENIGN
BENIGN_HIGH_ENTROPY-0020,WIN-ARGUS-020,1,34,1,1,0,0,0,2.0,0,11,15,0,0,31,0.36666666666666664,7.082548387096774,2.4616129032258067,11,0,0,0,2,2,2,2916,5584,5.0,0,0,0,3,0,benign_high_entropy,BENIGN
BENIGN_HIGH_ENTROPY-0020,WIN-ARGUS-020,2,44,1,1,0,0,0,2.0,0,12,18,0,0,41,0.4,7.025682926829268,2.1827560975609757,10,0,0,0,2,2,1,7597,6296,7.0,0,0,0,3,0,benign_high_entropy,BENIGN
BENIGN_HIGH_ENTROPY-0020,WIN-ARGUS-020,3,28,1,1,0,0,0,2.0,0,9,6,0,0,26,0.3,7.110153846153846,2.204076923076923,8,0,0,0,1,1,1,3964,1942,0.0,0,0,0,3,0,benign_high_entropy,BENIGN
BENIGN_HIGH_ENTROPY-0020,WIN-ARGUS-020,4,34,1,1,0,0,0,2.0,0,15,8,0,0,32,0.5,7.1785,2.26340625,11,0,0,0,1,1,1,3050,3213,0.0,0,0,0,3,0,benign_high_entropy,BENIGN
BENIGN_HIGH_ENTROPY-0020,WIN-ARGUS-020,5,47,1,1,0,0,0,2.0,0,12,17,0,0,43,0.4,6.823744186046511,2.090860465116279,10,0,0,0,3,2,2,8840,7358,5.5,0,0,0,3,0,benign_high_entropy,BENIGN
BENIGN_HIGH_ENTROPY-0021,WIN-ARGUS-021,0,43,1,1,0,0,0,2.0,0,19,11,0,0,39,0.6333333333333333,6.874153846153845,2.0431282051282054,14,0,0,0,3,1,2,9182,13868,10.5,0,0,0,3,0,benign_high_entropy,BENIGN
BENIGN_HIGH_ENTROPY-0021,WIN-ARGUS-021,1,39,1,1,0,0,0,2.0,0,12,13,0,0,35,0.4,7.235428571428572,2.2366571428571427,8,0,0,0,3,2,2,7729,6352,7.0,0,0,0,3,0,benign_high_entropy,BENIGN
BENIGN_HIGH_ENTROPY-0021,WIN-ARGUS-021,2,33,1,1,0,0,0,2.0,0,11,11,0,0,31,0.36666666666666664,7.241290322580645,2.469709677419355,11,0,0,0,1,1,1,4668,3506,0.0,0,0,0,3,0,benign_high_entropy,BENIGN
BENIGN_HIGH_ENTROPY-0021,WIN-ARGUS-021,3,48,1,1,0,0,0,2.0,0,17,15,0,0,44,0.5666666666666667,7.18425,2.2877727272727273,15,0,0,0,3,2,1,5278,8669,8.5,0,0,0,3,0,benign_high_entropy,BENIGN
BENIGN_HIGH_ENTROPY-0021,WIN-ARGUS-021,4,43,1,1,0,0,0,2.0,0,12,14,0,0,39,0.4,7.399589743589743,2.423153846153846,10,0,0,0,3,3,1,9135,12273,7.5,0,0,0,3,0,benign_high_entropy,BENIGN
BENIGN_HIGH_ENTROPY-0021,WIN-ARGUS-021,5,40,1,1,0,0,0,2.0,0,8,12,0,0,37,0.26666666666666666,7.089513513513514,2.3765675675675677,7,0,0,0,2,2,2,5416,3825,11.0,0,0,0,3,0,benign_high_entropy,BENIGN
BENIGN_HIGH_ENTROPY-0022,WIN-ARGUS-022,0,49,1,1,0,0,0,2.0,0,16,14,0,0,45,0.5333333333333333,7.227422222222222,2.297133333333333,16,0,0,0,3,2,2,7851,4266,6.0,0,0,0,3,0,benign_high_entropy,BENIGN
BENIGN_HIGH_ENTROPY-0022,WIN-ARGUS-022,1,41,1,1,0,0,0,2.0,0,14,7,0,0,37,0.4666666666666667,7.075135135135135,2.153027027027027,12,0,0,0,3,2,2,12525,8434,4.0,0,0,0,3,0,benign_high_entropy,BENIGN
BENIGN_HIGH_ENTROPY-0022,WIN-ARGUS-022,2,35,1,1,0,0,0,2.0,0,8,11,0,0,31,0.26666666666666666,7.189516129032258,2.180225806451613,7,0,0,0,3,2,2,5080,3798,5.5,0,0,0,3,0,benign_high_entropy,BENIGN
BENIGN_HIGH_ENTROPY-0022,WIN-ARGUS-022,3,31,1,1,0,0,0,2.0,0,8,7,0,0,29,0.26666666666666666,6.907758620689655,2.249758620689655,6,0,0,0,1,1,1,2749,4756,0.0,0,0,0,3,0,benign_high_entropy,BENIGN
BENIGN_HIGH_ENTROPY-0022,WIN-ARGUS-022,4,40,1,1,0,0,0,2.0,0,12,10,0,0,36,0.4,7.187277777777778,2.4652499999999997,12,0,0,0,3,2,2,5133,6302,5.0,0,0,0,3,0,benign_high_entropy,BENIGN
BENIGN_HIGH_ENTROPY-0022,WIN-ARGUS-022,5,45,1,1,0,0,0,2.0,0,13,9,0,0,41,0.43333333333333335,6.832365853658537,2.094658536585366,10,0,0,0,3,2,1,11672,6198,2.0,0,0,0,3,0,benign_high_entropy,BENIGN
BENIGN_HIGH_ENTROPY-0023,WIN-ARGUS-023,0,41,1,1,0,0,0,2.0,0,13,11,0,0,39,0.43333333333333335,7.088230769230768,2.0123589743589743,12,0,0,0,1,1,1,4089,4465,0.0,0,0,0,3,0,benign_high_entropy,BENIGN
BENIGN_HIGH_ENTROPY-0023,WIN-ARGUS-023,1,34,1,1,0,0,0,2.0,0,12,5,0,0,31,0.4,7.395354838709677,2.5721290322580646,11,0,0,0,2,2,2,7134,5772,2.0,0,0,0,3,0,benign_high_entropy,BENIGN
BENIGN_HIGH_ENTROPY-0023,WIN-ARGUS-023,2,28,1,1,0,0,0,2.0,0,9,11,0,0,25,0.3,6.96328,2.04184,7,0,0,0,2,2,2,1423,6109,15.0,0,0,0,3,0,benign_high_entropy,BENIGN
BENIGN_HIGH_ENTROPY-0023,WIN-ARGUS-023,3,47,1,1,0,0,0,2.0,0,19,10,0,0,43,0.6333333333333333,7.174813953488372,2.3222093023255814,16,0,0,0,3,3,2,10088,8068,6.5,0,0,0,3,0,benign_high_entropy,BENIGN
BENIGN_HIGH_ENTROPY-0023,WIN-ARGUS-023,4,41,1,1,0,0,0,2.0,0,14,13,0,0,37,0.4666666666666667,6.727918918918919,2.114189189189189,13,0,0,0,3,3,2,4950,8956,6.0,0,0,0,3,0,benign_high_entropy,BENIGN
BENIGN_HIGH_ENTROPY-0023,WIN-ARGUS-023,5,42,1,1,0,0,0,2.0,0,18,12,0,0,40,0.6,7.322674999999999,2.3466750000000003,16,0,0,0,1,1,1,3248,3361,0.0,0,0,0,3,0,benign_high_entropy,BENIGN
BENIGN_HIGH_ENTROPY-0024,WIN-ARGUS-024,0,29,1,1,0,0,0,2.0,0,9,7,0,0,27,0.3,6.814037037037037,2.031925925925926,8,0,0,0,1,1,1,1123,4297,0.0,0,0,0,3,0,benign_high_entropy,BENIGN
BENIGN_HIGH_ENTROPY-0024,WIN-ARGUS-024,1,49,1,1,0,0,0,2.0,0,18,17,0,0,45,0.6,6.755044444444444,1.9717555555555555,15,0,0,0,3,2,2,9481,10838,5.5,0,0,0,3,0,benign_high_entropy,BENIGN
BENIGN_HIGH_ENTROPY-0024,WIN-ARGUS-024,2,41,1,1,0,0,0,2.0,0,12,15,0,0,38,0.4,7.065684210526316,2.2896052631578945,11,0,0,0,2,1,1,7024,3627,1.0,0,0,0,3,0,benign_high_entropy,BENIGN
BENIGN_HIGH_ENTROPY-0024,WIN-ARGUS-024,3,28,1,1,0,0,0,2.0,0,14,6,0,0,25,0.4666666666666667,7.3539200000000005,2.70144,12,0,0,0,2,2,2,5453,5525,4.0,0,0,0,3,0,benign_high_entropy,BENIGN
BENIGN_HIGH_ENTROPY-0024,WIN-ARGUS-024,4,48,1,1,0,0,0,2.0,0,12,17,0,0,45,0.4,7.017044444444444,2.236222222222222,8,0,0,0,2,2,2,6978,6654,11.0,0,0,0,3,0,benign_high_entropy,BENIGN
BENIGN_HIGH_ENTROPY-0024,WIN-ARGUS-024,5,32,1,1,0,0,0,2.0,0,10,12,0,0,30,0.3333333333333333,7.210933333333333,2.306633333333333,9,0,0,0,1,1,1,4870,1957,0.0,0,0,0,3,0,benign_high_entropy,BENIGN
BENIGN_HIGH_ENTROPY-0025,WIN-ARGUS-025,0,44,1,1,0,0,0,2.0,0,15,16,0,0,40,0.5,7.190099999999999,2.3207999999999998,13,0,0,0,3,2,1,10196,10890,12.0,0,0,0,3,0,benign_high_entropy,BENIGN
BENIGN_HIGH_ENTROPY-0025,WIN-ARGUS-025,1,40,1,1,0,0,0,2.0,0,11,12,0,0,38,0.36666666666666664,7.289342105263158,2.464184210526316,10,0,0,0,1,1,1,2416,4612,0.0,0,0,0,3,0,benign_high_entropy,BENIGN
BENIGN_HIGH_ENTROPY-0025,WIN-ARGUS-025,2,46,1,1,0,0,0,2.0,0,21,11,0,0,42,0.7,7.132309523809524,2.2888333333333333,19,0,0,0,3,2,3,3031,6643,13.5,0,0,0,3,0,benign_high_entropy,BENIGN
BENIGN_HIGH_ENTROPY-0025,WIN-ARGUS-025,3,47,1,1,0,0,0,2.0,0,15,16,0,0,44,0.5,7.409568181818182,2.250704545454546,15,0,0,0,2,2,1,7983,3898,2.0,0,0,0,3,0,benign_high_entropy,BENIGN
BENIGN_HIGH_ENTROPY-0025,WIN-ARGUS-025,4,30,1,1,0,0,0,2.0,0,14,8,0,0,28,0.4666666666666667,7.324428571428571,2.5412142857142856,12,0,0,0,1,1,1,3050,1158,0.0,0,0,0,3,0,benign_high_entropy,BENIGN
BENIGN_HIGH_ENTROPY-0025,WIN-ARGUS-025,5,39,1,1,0,0,0,2.0,0,16,7,0,0,35,0.5333333333333333,6.923828571428571,2.1702,13,0,0,0,3,2,2,8944,7613,11.5,0,0,0,3,0,benign_high_entropy,BENIGN
BENIGN_HIGH_ENTROPY-0026,WIN-ARGUS-026,0,30,1,1,0,0,0,2.0,0,9,10,0,0,26,0.3,7.2775384615384615,2.3499615384615384,8,0,0,0,3,3,2,7644,4956,9.5,0,0,0,3,0,benign_high_entropy,BENIGN
BENIGN_HIGH_ENTROPY-0026,WIN-ARGUS-026,1,27,1,1,0,0,0,2.0,0,12,6,0,0,25,0.4,7.13508,2.1727600000000002,9,0,0,0,1,1,1,1824,3400,0.0,0,0,0,3,0,benign_high_entropy,BENIGN
BENIGN_HIGH_ENTROPY-0026,WIN-ARGUS-026,2,35,1,1,0,0,0,2.0,0,9,13,0,0,33,0.3,6.982757575757576,2.239757575757576,7,0,0,0,1,1,1,2132,2931,0.0,0,0,0,3,0,benign_high_entropy,BENIGN
BENIGN_HIGH_ENTROPY-0026,WIN-ARGUS-026,3,35,1,1,0,0,0,2.0,0,15,12,0,0,32,0.5,7.4299687500000005,2.390875,13,0,0,0,2,2,2,4058,5927,3.0,0,0,0,3,0,benign_high_entropy,BENIGN
BENIGN_HIGH_ENTROPY-0026,WIN-ARGUS-026,4,46,1,1,0,0,0,2.0,0,13,10,0,0,43,0.43333333333333335,7.1013488372093025,2.312720930232558,11,0,0,0,2,2,1,2729,4601,10.0,0,0,0,3,0,benign_high_entropy,BENIGN
BENIGN_HIGH_ENTROPY-0026,WIN-ARGUS-026,5,29,1,1,0,0,0,2.0,0,8,6,0,0,26,0.26666666666666666,7.063615384615384,2.4155384615384614,8,0,0,0,2,1,2,8748,3888,3.0,0,0,0,3,0,benign_high_entropy,BENIGN
BENIGN_HIGH_ENTROPY-0027,WIN-ARGUS-027,0,36,1,1,0,0,0,2.0,0,16,8,0,0,34,0.5333333333333333,6.714264705882353,2.0842647058823527,15,0,0,0,1,1,1,3868,2378,0.0,0,0,0,3,0,benign_high_entropy,BENIGN
BENIGN_HIGH_ENTROPY-0027,WIN-ARGUS-027,1,36,1,1,0,0,0,2.0,0,18,10,0,0,33,0.6,7.079424242424243,2.1965454545454546,15,0,0,0,2,2,2,5670,1226,8.0,0,0,0,3,0,benign_high_entropy,BENIGN
BENIGN_HIGH_ENTROPY-0027,WIN-ARGUS-027,2,45,1,1,0,0,0,2.0,0,11,14,0,0,41,0.36666666666666664,7.182609756097562,2.360658536585366,10,0,0,0,3,2,2,9358,7087,14.0,0,0,0,3,0,benign_high_entropy,BENIGN
BENIGN_HIGH_ENTROPY-0027,WIN-ARGUS-027,3,32,1,1,0,0,0,2.0,0,9,13,0,0,30,0.3,6.8091,1.9576,9,0,0,0,1,1,1,4622,4839,0.0,0,0,0,3,0,benign_high_entropy,BENIGN
BENIGN_HIGH_ENTROPY-0027,WIN-ARGUS-027,4,48,1,1,0,0,0,2.0,0,17,16,0,0,45,0.5666666666666667,6.9648,1.8974666666666666,10,0,0,0,2,2,2,3680,6342,0.0,0,0,0,3,0,benign_high_entropy,BENIGN
BENIGN_HIGH_ENTROPY-0027,WIN-ARGUS-027,5,37,1,1,0,0,0,2.0,0,13,14,0,0,34,0.43333333333333335,7.399176470588236,2.5986470588235293,13,0,0,0,2,1,1,5549,5183,27.0,0,0,0,3,0,benign_high_entropy,BENIGN
BENIGN_HIGH_ENTROPY-0028,WIN-ARGUS-028,0,46,1,1,0,0,0,2.0,0,15,11,0,0,42,0.5,7.561095238095238,2.5010714285714286,12,0,0,0,3,2,2,11565,8466,10.0,0,0,0,3,0,benign_high_entropy,BENIGN
BENIGN_HIGH_ENTROPY-0028,WIN-ARGUS-028,1,42,1,1,0,0,0,2.0,0,12,9,0,0,39,0.4,7.209282051282051,2.2563846153846154,11,0,0,0,2,1,2,5057,7534,3.0,0,0,0,3,0,benign_high_entropy,BENIGN
BENIGN_HIGH_ENTROPY-0028,WIN-ARGUS-028,2,42,1,1,0,0,0,2.0,0,14,13,0,0,39,0.4666666666666667,7.2605128205128215,2.5248717948717947,14,0,0,0,2,2,2,5063,8390,9.0,0,0,0,3,0,benign_high_entropy,BENIGN
BENIGN_HIGH_ENTROPY-0028,WIN-ARGUS-028,3,34,1,1,0,0,0,2.0,0,10,11,0,0,32,0.3333333333333333,7.26596875,2.3474375,10,0,0,0,1,1,1,3960,1219,0.0,0,0,0,3,0,benign_high_entropy,BENIGN
BENIGN_HIGH_ENTROPY-0028,WIN-ARGUS-028,4,36,1,1,0,0,0,2.0,0,13,9,0,0,34,0.43333333333333335,6.889823529411764,1.9302941176470587,12,0,0,0,1,1,1,4647,1851,0.0,0,0,0,3,0,benign_high_entropy,BENIGN
BENIGN_HIGH_ENTROPY-0028,WIN-ARGUS-028,5,31,1,1,0,0,0,2.0,0,9,9,0,0,27,0.3,6.781555555555555,2.350296296296296,9,0,0,0,3,2,3,6297,7775,9.0,0,0,0,3,0,benign_high_entropy,BENIGN
BENIGN_HIGH_ENTROPY-0029,WIN-ARGUS-029,0,35,1,1,0,0,0,2.0,0,8,6,0,0,31,0.26666666666666666,7.2620645161290325,2.551064516129032,6,0,0,0,3,2,1,10783,10365,9.0,0,0,0,3,0,benign_high_entropy,BENIGN
BENIGN_HIGH_ENTROPY-0029,WIN-ARGUS-029,1,37,1,1,0,0,0,2.0,0,12,12,0,0,34,0.4,7.401617647058823,2.5281470588235297,10,0,0,0,2,2,2,9361,4529,8.0,0,0,0,3,0,benign_high_entropy,BENIGN
BENIGN_HIGH_ENTROPY-0029,WIN-ARGUS-029,2,30,1,1,0,0,0,2.0,0,14,6,0,0,28,0.4666666666666667,6.637035714285714,1.9670357142857142,11,0,0,0,1,1,1,2174,2998,0.0,0,0,0,3,0,benign_high_entropy,BENIGN
BENIGN_HIGH_ENTROPY-0029,WIN-ARGUS-029,3,45,1,1,0,0,0,2.0,0,15,7,0,0,43,0.5,7.13306976744186,2.398162790697674,12,0,0,0,1,1,1,1787,901,0.0,0,0,0,3,0,benign_high_entropy,BENIGN
BENIGN_HIGH_ENTROPY-0029,WIN-ARGUS-029,4,40,1,1,0,0,0,2.0,0,12,16,0,0,37,0.4,7.257594594594595,2.2021351351351353,11,0,0,0,2,1,2,3717,5834,19.0,0,0,0,3,0,benign_high_entropy,BENIGN
BENIGN_HIGH_ENTROPY-0029,WIN-ARGUS-029,5,46,1,1,0,0,0,2.0,0,17,13,0,0,43,0.5666666666666667,6.849697674418604,2.19293023255814,16,0,0,0,2,2,2,4787,7458,5.0,0,0,0,3,0,benign_high_entropy,BENIGN
BENIGN_HIGH_ENTROPY-0030,WIN-ARGUS-030,0,29,1,1,0,0,0,2.0,0,7,14,0,0,27,0.23333333333333334,7.188444444444444,2.679111111111111,6,0,0,0,1,1,1,1240,1814,0.0,0,0,0,3,0,benign_high_entropy,BENIGN
BENIGN_HIGH_ENTROPY-0030,WIN-ARGUS-030,1,42,1,1,0,0,0,2.0,0,13,12,0,0,39,0.43333333333333335,7.286666666666667,2.3333589743589744,13,0,0,0,2,1,2,4090,3683,14.0,0,0,0,3,0,benign_high_entropy,BENIGN
BENIGN_HIGH_ENTROPY-0030,WIN-ARGUS-030,2,32,1,1,0,0,0,2.0,0,11,9,0,0,29,0.36666666666666664,7.37351724137931,2.2809310344827587,10,0,0,0,2,1,2,4355,6363,16.0,0,0,0,3,0,benign_high_entropy,BENIGN
BENIGN_HIGH_ENTROPY-0030,WIN-ARGUS-030,3,32,1,1,0,0,0,2.0,0,9,7,0,0,28,0.3,7.303642857142857,2.4030714285714287,9,0,0,0,3,3,3,6615,9954,11.0,0,0,0,3,0,benign_high_entropy,BENIGN
BENIGN_HIGH_ENTROPY-0030,WIN-ARGUS-030,4,44,1,1,0,0,0,2.0,0,11,17,0,0,42,0.36666666666666664,7.080333333333334,2.167404761904762,9,0,0,0,1,1,1,1318,1588,0.0,0,0,0,3,0,benign_high_entropy,BENIGN
BENIGN_HIGH_ENTROPY-0030,WIN-ARGUS-030,5,35,1,1,0,0,0,2.0,0,8,12,0,0,32,0.26666666666666666,7.424,2.375,5,0,0,0,2,2,1,6555,6044,11.0,0,0,0,3,0,benign_high_entropy,BENIGN
BENIGN_HIGH_ENTROPY-0031,WIN-ARGUS-031,0,34,1,1,0,0,0,2.0,0,17,7,0,0,31,0.5666666666666667,7.265548387096774,2.3230967741935484,15,0,0,0,2,2,2,2991,7690,9.0,0,0,0,3,0,benign_high_entropy,BENIGN
BENIGN_HIGH_ENTROPY-0031,WIN-ARGUS-031,1,30,1,1,0,0,0,2.0,0,11,10,0,0,28,0.36666666666666664,7.446964285714286,2.3190714285714287,10,0,0,0,1,1,1,4510,2962,0.0,0,0,0,3,0,benign_high_entropy,BENIGN
BENIGN_HIGH_ENTROPY-0031,WIN-ARGUS-031,2,41,1,1,0,0,0,2.0,0,10,18,0,0,38,0.3333333333333333,6.973789473684211,1.9343684210526315,8,0,0,0,2,2,2,6846,3470,9.0,0,0,0,3,0,benign_high_entropy,BENIGN
BENIGN_HIGH_ENTROPY-0031,WIN-ARGUS-031,3,27,1,1,0,0,0,2.0,0,9,6,0,0,25,0.3,7.4522,2.42408,9,0,0,0,1,1,1,4801,3618,0.0,0,0,0,3,0,benign_high_entropy,BENIGN
BENIGN_HIGH_ENTROPY-0031,WIN-ARGUS-031,4,35,1,1,0,0,0,2.0,0,10,14,0,0,33,0.3333333333333333,7.529484848484849,2.594181818181818,9,0,0,0,1,1,1,585,649,0.0,0,0,0,3,0,benign_high_entropy,BENIGN
BENIGN_HIGH_ENTROPY-0031,WIN-ARGUS-031,5,39,1,1,0,0,0,2.0,0,8,12,0,0,35,0.26666666666666666,7.212222222222222,2.313,8,0,0,0,2,2,2,8157,8947,19.0,0,0,0,3,0,benign_high_entropy,BENIGN
BENIGN_HIGH_ENTROPY-0032,WIN-ARGUS-032,0,36,1,1,0,0,0,2.0,0,7,13,0,0,34,0.23333333333333334,7.306088235294118,2.447735294117647,6,0,0,0,1,1,1,598,433,0.0,0,0,0,3,0,benign_high_entropy,BENIGN
BENIGN_HIGH_ENTROPY-0032,WIN-ARGUS-032,1,46,1,1,0,0,0,2.0,0,15,10,0,0,42,0.5,7.145238095238096,2.366309523809524,14,0,0,0,3,2,3,5838,6270,8.5,0,0,0,3,0,benign_high_entropy,BENIGN
BENIGN_HIGH_ENTROPY-0032,WIN-ARGUS-032,2,31,1,1,0,0,0,2.0,0,7,10,0,0,28,0.23333333333333334,6.999464285714287,2.2008214285714285,7,0,0,0,2,2,2,5163,2399,5.0,0,0,0,3,0,benign_high_entropy,BENIGN
BENIGN_HIGH_ENTROPY-0032,WIN-ARGUS-032,3,43,1,1,0,0,0,2.0,0,10,11,0,0,39,0.3333333333333333,7.053205128205128,2.0715128205128206,9,0,0,0,3,2,1,12033,1639,9.0,0,0,0,3,0,benign_high_entropy,BENIGN
BENIGN_HIGH_ENTROPY-0032,WIN-ARGUS-032,4,40,1,1,0,0,0,2.0,0,10,13,0,0,36,0.3333333333333333,7.048333333333334,2.1935,10,0,0,0,3,3,3,8966,10114,3.5,0,0,0,3,0,benign_high_entropy,BENIGN
BENIGN_HIGH_ENTROPY-0032,WIN-ARGUS-032,5,33,1,1,0,0,0,2.0,0,8,6,0,0,31,0.26666666666666666,7.056709677419355,2.1876451612903227,7,0,0,0,1,1,1,4765,4566,0.0,0,0,0,3,0,benign_high_entropy,BENIGN
BENIGN_HIGH_ENTROPY-0033,WIN-ARGUS-033,0,45,1,1,0,0,0,2.0,0,17,16,0,0,43,0.5666666666666667,6.830093023255814,2.014813953488372,14,0,0,0,1,1,1,2481,4799,0.0,0,0,0,3,0,benign_high_entropy,BENIGN
BENIGN_HIGH_ENTROPY-0033,WIN-ARGUS-033,1,46,1,1,0,0,0,2.0,0,17,17,0,0,44,0.5666666666666667,7.054318181818181,2.2410227272727274,13,0,0,0,1,1,1,4181,598,0.0,0,0,0,3,0,benign_high_entropy,BENIGN
BENIGN_HIGH_ENTROPY-0033,WIN-ARGUS-033,2,46,1,1,0,0,0,2.0,0,19,15,0,0,44,0.6333333333333333,6.899886363636364,2.143340909090909,17,0,0,0,1,1,1,2222,4782,0.0,0,0,0,3,0,benign_high_entropy,BENIGN
BENIGN_HIGH_ENTROPY-0033,WIN-ARGUS-033,3,32,1,1,0,0,0,2.0,0,6,10,0,0,29,0.2,7.096793103448276,2.1811724137931034,6,0,0,0,2,2,1,7380,4940,16.0,0,0,0,3,0,benign_high_entropy,BENIGN
BENIGN_HIGH_ENTROPY-0033,WIN-ARGUS-033,4,32,1,1,0,0,0,2.0,0,6,11,0,0,29,0.2,7.050103448275862,2.2103103448275863,5,0,0,0,2,2,2,4840,3575,16.0,0,0,0,3,0,benign_high_entropy,BENIGN
BENIGN_HIGH_ENTROPY-0033,WIN-ARGUS-033,5,28,1,1,0,0,0,2.0,0,10,9,0,0,26,0.3333333333333333,6.909807692307693,2.0313076923076925,9,0,0,0,1,1,1,1278,336,0.0,0,0,0,3,0,benign_high_entropy,BENIGN
BENIGN_HIGH_ENTROPY-0034,WIN-ARGUS-034,0,32,1,1,0,0,0,2.0,0,9,11,0,0,29,0.3,7.284862068965517,2.1306206896551725,8,0,0,0,2,2,1,6728,7135,15.0,0,0,0,3,0,benign_high_entropy,BENIGN
BENIGN_HIGH_ENTROPY-0034,WIN-ARGUS-034,1,49,1,1,0,0,0,2.0,0,16,11,0,0,45,0.5333333333333333,6.949666666666667,2.1109555555555555,13,0,0,0,3,2,2,10051,7936,2.0,0,0,0,3,0,benign_high_entropy,BENIGN
BENIGN_HIGH_ENTROPY-0034,WIN-ARGUS-034,2,30,1,1,0,0,0,2.0,0,9,9,0,0,26,0.3,7.229230769230769,2.3525384615384612,8,0,0,0,3,3,3,8284,8566,5.5,0,0,0,3,0,benign_high_entropy,BENIGN
BENIGN_HIGH_ENTROPY-0034,WIN-ARGUS-034,3,35,1,1,0,0,0,2.0,0,10,13,0,0,33,0.3333333333333333,7.101878787878788,2.121060606060606,7,0,0,0,1,1,1,1027,1300,0.0,0,0,0,3,0,benign_high_entropy,BENIGN
BENIGN_HIGH_ENTROPY-0034,WIN-ARGUS-034,4,48,1,1,0,0,0,2.0,0,11,13,0,0,45,0.36666666666666664,6.936333333333333,2.0645333333333333,7,0,0,0,2,2,2,5883,7054,7.0,0,0,0,3,0,benign_high_entropy,BENIGN
BENIGN_HIGH_ENTROPY-0034,WIN-ARGUS-034,5,33,1,1,0,0,0,2.0,0,7,12,0,0,29,0.23333333333333334,7.126724137931035,2.3101724137931035,7,0,0,0,3,3,1,7931,8328,7.0,0,0,0,3,0,benign_high_entropy,BENIGN
BENIGN_HIGH_ENTROPY-0035,WIN-ARGUS-035,0,44,1,1,0,0,0,2.0,0,11,13,0,0,42,0.36666666666666664,6.802476190476191,2.2127857142857144,9,0,0,0,1,1,1,2638,2367,0.0,0,0,0,3,0,benign_high_entropy,BENIGN
BENIGN_HIGH_ENTROPY-0035,WIN-ARGUS-035,1,34,1,1,0,0,0,2.0,0,10,10,0,0,32,0.3333333333333333,6.86421875,2.03378125,8,0,0,0,1,1,1,3822,4576,0.0,0,0,0,3,0,benign_high_entropy,BENIGN
BENIGN_HIGH_ENTROPY-0035,WIN-ARGUS-035,2,43,1,1,0,0,0,2.0,0,17,8,0,0,40,0.5666666666666667,7.257599999999999,2.373625,16,0,0,0,2,2,2,5172,2530,7.0,0,0,0,3,0,benign_high_entropy,BENIGN
BENIGN_HIGH_ENTROPY-0035,WIN-ARGUS-035,3,29,1,1,0,0,0,2.0,0,9,8,0,0,25,0.3,7.04256,2.38336,9,0,0,0,3,2,2,7310,5735,6.0,0,0,0,3,0,benign_high_entropy,BENIGN
BENIGN_HIGH_ENTROPY-0035,WIN-ARGUS-035,4,32,1,1,0,0,0,2.0,0,9,6,0,0,29,0.3,7.510655172413793,2.4036896551724136,9,0,0,0,2,1,2,7018,6800,9.0,0,0,0,3,0,benign_high_entropy,BENIGN
BENIGN_HIGH_ENTROPY-0035,WIN-ARGUS-035,5,43,1,1,0,0,0,2.0,0,15,15,0,0,39,0.5,7.320410256410256,2.198897435897436,14,0,0,0,3,2,2,11899,3745,1.5,0,0,0,3,0,benign_high_entropy,BENIGN
BENIGN_HIGH_ENTROPY-0036,WIN-ARGUS-036,0,34,1,1,0,0,0,2.0,0,12,9,0,0,31,0.4,7.379806451612903,2.2874838709677423,11,0,0,0,2,2,1,5644,7839,3.0,0,0,0,3,0,benign_high_entropy,BENIGN
BENIGN_HIGH_ENTROPY-0036,WIN-ARGUS-036,1,48,1,1,0,0,0,2.0,0,15,19,0,0,44,0.5,7.0194090909090905,2.2612954545454547,14,0,0,0,3,3,2,3358,4727,10.5,0,0,0,3,0,benign_high_entropy,BENIGN
BENIGN_HIGH_ENTROPY-0036,WIN-ARGUS-036,2,38,1,1,0,0,0,2.0,0,10,16,0,0,36,0.3333333333333333,7.246888888888888,2.4667222222222223,9,0,0,0,1,1,1,2570,3435,0.0,0,0,0,3,0,benign_high_entropy,BENIGN
BENIGN_HIGH_ENTROPY-0036,WIN-ARGUS-036,3,43,1,1,0,0,0,2.0,0,12,16,0,0,39,0.4,7.574051282051282,2.5516410256410254,11,0,0,0,3,1,2,8352,6843,5.0,0,0,0,3,0,benign_high_entropy,BENIGN
BENIGN_HIGH_ENTROPY-0036,WIN-ARGUS-036,4,45,1,1,0,0,0,2.0,0,14,11,0,0,42,0.4666666666666667,7.046904761904761,2.2445476190476192,10,0,0,0,2,2,2,7146,5889,26.0,0,0,0,3,0,benign_high_entropy,BENIGN
BENIGN_HIGH_ENTROPY-0036,WIN-ARGUS-036,5,43,1,1,0,0,0,2.0,0,16,12,0,0,40,0.5333333333333333,7.296125000000001,2.2952,14,0,0,0,2,1,2,2758,812,21.0,0,0,0,3,0,benign_high_entropy,BENIGN
BENIGN_HIGH_ENTROPY-0037,WIN-ARGUS-037,0,45,1,1,0,0,0,2.0,0,11,10,0,0,43,0.36666666666666664,7.058860465116279,2.2820232558139537,11,0,0,0,1,1,1,3082,328,0.0,0,0,0,3,0,benign_high_entropy,BENIGN
BENIGN_HIGH_ENTROPY-0037,WIN-ARGUS-037,1,31,1,1,0,0,0,2.0,0,10,5,0,0,28,0.3333333333333333,7.497892857142857,2.4717142857142855,10,0,0,0,2,2,2,8667,797,13.0,0,0,0,3,0,benign_high_entropy,BENIGN
BENIGN_HIGH_ENTROPY-0037,WIN-ARGUS-037,2,27,1,1,0,0,0,2.0,0,11,7,0,0,25,0.36666666666666664,6.986319999999999,2.05348,8,0,0,0,1,1,1,4649,3058,0.0,0,0,0,3,0,benign_high_entropy,BENIGN
BENIGN_HIGH_ENTROPY-0037,WIN-ARGUS-037,3,41,1,1,0,0,0,2.0,0,13,13,0,0,38,0.43333333333333335,6.999157894736842,2.3131052631578948,10,0,0,0,2,1,1,5710,5686,0.0,0,0,0,3,0,benign_high_entropy,BENIGN
BENIGN_HIGH_ENTROPY-0037,WIN-ARGUS-037,4,39,1,1,0,0,0,2.0,0,11,13,0,0,37,0.36666666666666664,7.187297297297297,2.374189189189189,11,0,0,0,1,1,1,3244,1272,0.0,0,0,0,3,0,benign_high_entropy,BENIGN
BENIGN_HIGH_ENTROPY-0037,WIN-ARGUS-037,5,36,1,1,0,0,0,2.0,0,14,9,0,0,33,0.4666666666666667,7.130878787878788,2.109212121212121,13,0,0,0,2,2,2,6184,6614,6.0,0,0,0,3,0,benign_high_entropy,BENIGN
BENIGN_HIGH_ENTROPY-0038,WIN-ARGUS-038,0,39,1,1,0,0,0,2.0,0,14,9,0,0,36,0.4666666666666667,7.185361111111111,2.393361111111111,13,0,0,0,2,1,2,6560,1266,6.0,0,0,0,3,0,benign_high_entropy,BENIGN
BENIGN_HIGH_ENTROPY-0038,WIN-ARGUS-038,1,46,1,1,0,0,0,2.0,0,16,8,0,0,43,0.5333333333333333,7.157627906976745,2.3545116279069767,12,0,0,0,2,2,2,4930,5994,3.0,0,0,0,3,0,benign_high_entropy,BENIGN
BENIGN_HIGH_ENTROPY-0038,WIN-ARGUS-038,2,29,1,1,0,0,0,2.0,0,9,7,0,0,26,0.3,7.1430384615384614,2.1929230769230768,7,0,0,0,2,2,2,3109,4103,15.0,0,0,0,3,0,benign_high_entropy,BENIGN
BENIGN_HIGH_ENTROPY-0038,WIN-ARGUS-038,3,45,1,1,0,0,0,2.0,0,18,11,0,0,42,0.6,7.098190476190477,2.2982619047619046,16,0,0,0,2,2,2,3547,4498,5.0,0,0,0,3,0,benign_high_entropy,BENIGN
BENIGN_HIGH_ENTROPY-0038,WIN-ARGUS-038,4,39,1,1,0,0,0,2.0,0,13,11,0,0,36,0.43333333333333335,7.268083333333333,2.303777777777778,12,0,0,0,2,2,2,5771,4706,6.0,0,0,0,3,0,benign_high_entropy,BENIGN
BENIGN_HIGH_ENTROPY-0038,WIN-ARGUS-038,5,37,1,1,0,0,0,2.0,0,13,8,0,0,35,0.43333333333333335,6.8958,1.9873714285714288,11,0,0,0,1,1,1,1314,2690,0.0,0,0,0,3,0,benign_high_entropy,BENIGN
BENIGN_HIGH_ENTROPY-0039,WIN-ARGUS-039,0,40,1,1,0,0,0,2.0,0,14,11,0,0,36,0.4666666666666667,7.200722222222222,2.358694444444444,14,0,0,0,3,3,3,11682,8805,25.0,0,0,0,3,0,benign_high_entropy,BENIGN
BENIGN_HIGH_ENTROPY-0039,WIN-ARGUS-039,1,27,1,1,0,0,0,2.0,0,10,6,0,0,25,0.3333333333333333,6.8223199999999995,2.0472,9,0,0,0,1,1,1,761,4963,0.0,0,0,0,3,0,benign_high_entropy,BENIGN
BENIGN_HIGH_ENTROPY-0039,WIN-ARGUS-039,2,39,1,1,0,0,0,2.0,0,13,11,0,0,37,0.43333333333333335,6.832162162162162,2.1280810810810813,12,0,0,0,1,1,1,991,795,0.0,0,0,0,3,0,benign_high_entropy,BENIGN
BENIGN_HIGH_ENTROPY-0039,WIN-ARGUS-039,3,42,1,1,0,0,0,2.0,0,11,14,0,0,40,0.36666666666666664,7.143025,2.2559,10,0,0,0,1,1,1,3750,3733,0.0,0,0,0,3,0,benign_high_entropy,BENIGN
BENIGN_HIGH_ENTROPY-0039,WIN-ARGUS-039,4,34,1,1,0,0,0,2.0,0,11,15,0,0,32,0.36666666666666664,6.863125,2.0605625,10,0,0,0,1,1,1,3173,2136,0.0,0,0,0,3,0,benign_high_entropy,BENIGN
BENIGN_HIGH_ENTROPY-0039,WIN-ARGUS-039,5,45,1,1,0,0,0,2.0,0,16,8,0,0,41,0.5333333333333333,7.307756097560976,2.4206097560975612,16,0,0,0,3,1,1,11909,6294,13.0,0,0,0,3,0,benign_high_entropy,BENIGN
BENIGN_HIGH_ENTROPY-0040,WIN-ARGUS-040,0,36,1,1,0,0,0,2.0,0,10,16,0,0,34,0.3333333333333333,7.2028235294117655,2.147794117647059,9,0,0,0,1,1,1,2544,553,0.0,0,0,0,3,0,benign_high_entropy,BENIGN
BENIGN_HIGH_ENTROPY-0040,WIN-ARGUS-040,1,38,1,1,0,0,0,2.0,0,12,14,0,0,36,0.4,7.2004722222222215,2.5040277777777775,11,0,0,0,1,1,1,1186,633,0.0,0,0,0,3,0,benign_high_entropy,BENIGN
BENIGN_HIGH_ENTROPY-0040,WIN-ARGUS-040,2,44,1,1,0,0,0,2.0,0,14,14,0,0,41,0.4666666666666667,7.04851219512195,2.3320975609756096,13,0,0,0,2,2,2,5605,1314,3.0,0,0,0,3,0,benign_high_entropy,BENIGN
BENIGN_HIGH_ENTROPY-0040,WIN-ARGUS-040,3,37,1,1,0,0,0,2.0,0,5,15,0,0,34,0.16666666666666666,7.123558823529412,2.1660882352941178,5,0,0,0,2,1,2,7724,3285,18.0,0,0,0,3,0,benign_high_entropy,BENIGN
BENIGN_HIGH_ENTROPY-0040,WIN-ARGUS-040,4,34,1,1,0,0,0,2.0,0,9,11,0,0,31,0.3,7.584870967741936,2.5818709677419354,9,0,0,0,2,2,2,6320,6169,9.0,0,0,0,3,0,benign_high_entropy,BENIGN
BENIGN_HIGH_ENTROPY-0040,WIN-ARGUS-040,5,31,1,1,0,0,0,2.0,0,9,10,0,0,29,0.3,7.400724137931035,2.4444827586206896,8,0,0,0,1,1,1,525,653,0.0,0,0,0,3,0,benign_high_entropy,BENIGN
BENIGN_HIGH_ENTROPY-0041,WIN-ARGUS-041,0,46,1,1,0,0,0,2.0,0,16,13,0,0,44,0.5333333333333333,7.050431818181818,2.326363636363636,15,0,0,0,1,1,1,1596,453,0.0,0,0,0,3,0,benign_high_entropy,BENIGN
BENIGN_HIGH_ENTROPY-0041,WIN-ARGUS-041,1,35,1,1,0,0,0,2.0,0,10,8,0,0,31,0.3333333333333333,6.7817741935483875,2.0629677419354837,7,0,0,0,3,1,2,7903,7315,1.5,0,0,0,3,0,benign_high_entropy,BENIGN
BENIGN_HIGH_ENTROPY-0041,WIN-ARGUS-041,2,37,1,1,0,0,0,2.0,0,12,11,0,0,35,0.4,7.222971428571428,2.279257142857143,11,0,0,0,1,1,1,2382,3997,0.0,0,0,0,3,0,benign_high_entropy,BENIGN
BENIGN_HIGH_ENTROPY-0041,WIN-ARGUS-041,3,37,1,1,0,0,0,2.0,0,8,18,0,0,35,0.26666666666666666,7.0163714285714285,2.1906285714285714,8,0,0,0,1,1,1,1007,2280,0.0,0,0,0,3,0,benign_high_entropy,BENIGN
BENIGN_HIGH_ENTROPY-0041,WIN-ARGUS-041,4,36,1,1,0,0,0,2.0,0,12,8,0,0,34,0.4,7.134058823529411,2.2703823529411764,9,0,0,0,1,1,1,4618,2622,0.0,0,0,0,3,0,benign_high_entropy,BENIGN
BENIGN_HIGH_ENTROPY-0041,WIN-ARGUS-041,5,36,1,1,0,0,0,2.0,0,12,11,0,0,32,0.4,7.05346875,2.09540625,11,0,0,0,3,3,1,5786,3108,7.5,0,0,0,3,0,benign_high_entropy,BENIGN
BENIGN_HIGH_ENTROPY-0042,WIN-ARGUS-042,0,35,1,1,0,0,0,2.0,0,8,12,0,0,33,0.26666666666666666,7.5024848484848485,2.5179393939393937,7,0,0,0,1,1,1,4068,4259,0.0,0,0,0,3,0,benign_high_entropy,BENIGN
BENIGN_HIGH_ENTROPY-0042,WIN-ARGUS-042,1,28,1,1,0,0,0,2.0,0,11,5,0,0,25,0.36666666666666664,7.2838,2.36504,11,0,0,0,2,2,2,6828,5313,10.0,0,0,0,3,0,benign_high_entropy,BENIGN
BENIGN_HIGH_ENTROPY-0042,WIN-ARGUS-042,2,27,1,1,0,0,0,2.0,0,5,9,0,0,25,0.16666666666666666,6.76788,2.16624,4,0,0,0,1,1,1,3583,1494,0.0,0,0,0,3,0,benign_high_entropy,BENIGN
BENIGN_HIGH_ENTROPY-0042,WIN-ARGUS-042,3,32,1,1,0,0,0,2.0,0,12,6,0,0,30,0.4,7.3189,2.4245,11,0,0,0,1,1,1,3793,864,0.0,0,0,0,3,0,benign_high_entropy,BENIGN
BENIGN_HIGH_ENTROPY-0042,WIN-ARGUS-042,4,35,1,1,0,0,0,2.0,0,9,17,0,0,32,0.3,6.9506875,2.1203125,5,0,0,0,2,2,1,2320,6442,0.0,0,0,0,3,0,benign_high_entropy,BENIGN
BENIGN_HIGH_ENTROPY-0042,WIN-ARGUS-042,5,44,1,1,0,0,0,2.0,0,8,21,0,0,41,0.26666666666666666,6.62770731707317,1.9511707317073173,6,0,0,0,2,2,1,4095,469,2.0,0,0,0,3,0,benign_high_entropy,BENIGN
BENIGN_HIGH_ENTROPY-0043,WIN-ARGUS-043,0,28,1,1,0,0,0,2.0,0,6,11,0,0,26,0.2,6.897846153846154,1.8995,6,0,0,0,1,1,1,1021,930,0.0,0,0,0,3,0,benign_high_entropy,BENIGN
BENIGN_HIGH_ENTROPY-0043,WIN-ARGUS-043,1,28,1,1,0,0,0,2.0,0,11,6,0,0,26,0.36666666666666664,7.349923076923077,2.5858461538461537,8,0,0,0,1,1,1,1358,4460,0.0,0,0,0,3,0,benign_high_entropy,BENIGN
BENIGN_HIGH_ENTROPY-0043,WIN-ARGUS-043,2,34,1,1,0,0,0,2.0,0,12,12,0,0,30,0.4,7.427133333333333,2.209033333333333,9,0,0,0,3,2,3,7095,5017,13.0,0,0,0,3,0,benign_high_entropy,BENIGN
BENIGN_HIGH_ENTROPY-0043,WIN-ARGUS-043,3,43,1,1,0,0,0,2.0,0,19,8,0,0,39,0.6333333333333333,7.098128205128205,2.2446410256410254,15,0,0,0,3,2,3,10129,4853,8.5,0,0,0,3,0,benign_high_entropy,BENIGN
BENIGN_HIGH_ENTROPY-0043,WIN-ARGUS-043,4,29,1,1,0,0,0,2.0,0,7,12,0,0,25,0.23333333333333334,7.168279999999999,2.0844,7,0,0,0,3,1,3,10359,2972,8.0,0,0,0,3,0,benign_high_entropy,BENIGN
BENIGN_HIGH_ENTROPY-0043,WIN-ARGUS-043,5,30,1,1,0,0,0,2.0,0,11,10,0,0,26,0.36666666666666664,7.264153846153846,2.4680769230769233,10,0,0,0,3,2,2,6596,9702,9.0,0,0,0,3,0,benign_high_entropy,BENIGN
BENIGN_HIGH_ENTROPY-0044,WIN-ARGUS-044,0,39,1,1,0,0,0,2.0,0,11,15,0,0,37,0.36666666666666664,6.9652972972972975,2.19372972972973,9,0,0,0,1,1,1,2530,2320,0.0,0,0,0,3,0,benign_high_entropy,BENIGN
BENIGN_HIGH_ENTROPY-0044,WIN-ARGUS-044,1,41,1,1,0,0,0,2.0,0,12,14,0,0,38,0.4,7.054657894736842,2.3697894736842104,12,0,0,0,2,2,2,2724,1028,5.0,0,0,0,3,0,benign_high_entropy,BENIGN
BENIGN_HIGH_ENTROPY-0044,WIN-ARGUS-044,2,28,1,1,0,0,0,2.0,0,9,7,0,0,26,0.3,7.081230769230769,2.2296153846153848,8,0,0,0,1,1,1,2082,531,0.0,0,0,0,3,0,benign_high_entropy,BENIGN
BENIGN_HIGH_ENTROPY-0044,WIN-ARGUS-044,3,44,1,1,0,0,0,2.0,0,12,12,0,0,41,0.4,7.3700731707317075,2.4725121951219515,12,0,0,0,2,2,2,3521,5516,16.0,0,0,0,3,0,benign_high_entropy,BENIGN
BENIGN_HIGH_ENTROPY-0044,WIN-ARGUS-044,4,44,1,1,0,0,0,2.0,0,13,14,0,0,41,0.43333333333333335,7.04319512195122,2.183048780487805,9,0,0,0,2,2,2,7979,8517,13.0,0,0,0,3,0,benign_high_entropy,BENIGN
BENIGN_HIGH_ENTROPY-0044,WIN-ARGUS-044,5,42,1,1,0,0,0,2.0,0,12,11,0,0,39,0.4,6.88874358974359,1.992205128205128,9,0,0,0,2,2,2,5667,5450,5.0,0,0,0,3,0,benign_high_entropy,BENIGN
BENIGN_HIGH_ENTROPY-0045,WIN-ARGUS-045,0,35,1,1,0,0,0,2.0,0,7,18,0,0,33,0.23333333333333334,7.025212121212121,2.060848484848485,4,0,0,0,1,1,1,2336,1694,0.0,0,0,0,3,0,benign_high_entropy,BENIGN
BENIGN_HIGH_ENTROPY-0045,WIN-ARGUS-045,1,36,1,1,0,0,0,2.0,0,10,13,0,0,34,0.3333333333333333,7.02785294117647,2.1956764705882357,8,0,0,0,1,1,1,1885,4965,0.0,0,0,0,3,0,benign_high_entropy,BENIGN
BENIGN_HIGH_ENTROPY-0045,WIN-ARGUS-045,2,29,1,1,0,0,0,2.0,0,4,15,0,0,26,0.13333333333333333,7.229923076923077,2.245230769230769,4,0,0,0,2,1,2,6632,5258,2.0,0,0,0,3,0,benign_high_entropy,BENIGN
BENIGN_HIGH_ENTROPY-0045,WIN-ARGUS-045,3,47,1,1,0,0,0,2.0,0,19,18,0,0,45,0.6333333333333333,7.207577777777778,2.1205777777777777,16,0,0,0,1,1,1,3364,696,0.0,0,0,0,3,0,benign_high_entropy,BENIGN
BENIGN_HIGH_ENTROPY-0045,WIN-ARGUS-045,4,45,1,1,0,0,0,2.0,0,19,11,0,0,43,0.6333333333333333,7.33439534883721,2.3561395348837206,16,0,0,0,1,1,1,3281,2041,0.0,0,0,0,3,0,benign_high_entropy,BENIGN
BENIGN_HIGH_ENTROPY-0045,WIN-ARGUS-045,5,38,1,1,0,0,0,2.0,0,13,11,0,0,35,0.43333333333333335,7.053228571428572,2.137371428571429,12,0,0,0,2,2,2,6773,6092,27.0,0,0,0,3,0,benign_high_entropy,BENIGN
BENIGN_HIGH_ENTROPY-0046,WIN-ARGUS-046,0,45,1,1,0,0,0,2.0,0,16,13,0,0,41,0.5333333333333333,7.178512195121952,2.3321219512195124,15,0,0,0,3,2,2,9204,11754,11.0,0,0,0,3,0,benign_high_entropy,BENIGN
BENIGN_HIGH_ENTROPY-0046,WIN-ARGUS-046,1,38,1,1,0,0,0,2.0,0,10,14,0,0,36,0.3333333333333333,7.090833333333333,2.1727499999999997,10,0,0,0,1,1,1,4025,998,0.0,0,0,0,3,0,benign_high_entropy,BENIGN
BENIGN_HIGH_ENTROPY-0046,WIN-ARGUS-046,2,46,1,1,0,0,0,2.0,0,14,17,0,0,44,0.4666666666666667,7.066727272727272,2.418090909090909,14,0,0,0,1,1,1,2223,2734,0.0,0,0,0,3,0,benign_high_entropy,BENIGN
BENIGN_HIGH_ENTROPY-0046,WIN-ARGUS-046,3,39,1,1,0,0,0,2.0,0,16,7,0,0,37,0.5333333333333333,6.874756756756757,2.0804324324324326,13,0,0,0,1,1,1,2774,2847,0.0,0,0,0,3,0,benign_high_entropy,BENIGN
BENIGN_HIGH_ENTROPY-0046,WIN-ARGUS-046,4,37,1,1,0,0,0,2.0,0,14,10,0,0,33,0.4666666666666667,7.025363636363637,2.096,12,0,0,0,3,2,1,8925,10868,8.0,0,0,0,3,0,benign_high_entropy,BENIGN
BENIGN_HIGH_ENTROPY-0046,WIN-ARGUS-046,5,43,1,1,0,0,0,2.0,0,19,10,0,0,41,0.6333333333333333,7.3319024390243905,2.387439024390244,18,0,0,0,1,1,1,3139,4094,0.0,0,0,0,3,0,benign_high_entropy,BENIGN
BENIGN_HIGH_ENTROPY-0047,WIN-ARGUS-047,0,37,1,1,0,0,0,2.0,0,8,9,0,0,34,0.26666666666666666,7.008558823529412,2.4166470588235294,6,0,0,0,2,2,2,6499,5829,5.0,0,0,0,3,0,benign_high_entropy,BENIGN
BENIGN_HIGH_ENTROPY-0047,WIN-ARGUS-047,1,33,1,1,0,0,0,2.0,0,8,6,0,0,30,0.26666666666666666,7.4126666666666665,2.5425666666666666,6,0,0,0,2,2,1,4596,7503,8.0,0,0,0,3,0,benign_high_entropy,BENIGN
BENIGN_HIGH_ENTROPY-0047,WIN-ARGUS-047,2,31,1,1,0,0,0,2.0,0,9,9,0,0,28,0.3,7.423071428571428,2.270785714285714,8,0,0,0,2,2,1,6486,3452,22.0,0,0,0,3,0,benign_high_entropy,BENIGN
BENIGN_HIGH_ENTROPY-0047,WIN-ARGUS-047,3,30,1,1,0,0,0,2.0,0,11,13,0,0,27,0.36666666666666664,7.361259259259259,2.4494444444444445,10,0,0,0,2,1,2,1446,6808,10.0,0,0,0,3,0,benign_high_entropy,BENIGN
BENIGN_HIGH_ENTROPY-0047,WIN-ARGUS-047,4,43,1,1,0,0,0,2.0,0,10,12,0,0,40,0.3333333333333333,7.336,2.1633500000000003,9,0,0,0,2,2,2,8641,4662,3.0,0,0,0,3,0,benign_high_entropy,BENIGN
BENIGN_HIGH_ENTROPY-0047,WIN-ARGUS-047,5,33,1,1,0,0,0,2.0,0,14,10,0,0,30,0.4666666666666667,6.8198,2.0099,11,0,0,0,2,2,2,5167,4638,7.0,0,0,0,3,0,benign_high_entropy,BENIGN
BENIGN_HIGH_ENTROPY-0048,WIN-ARGUS-048,0,39,1,1,0,0,0,2.0,0,9,18,0,0,36,0.3,7.330444444444445,2.3408888888888892,7,0,0,0,2,2,2,9137,7345,14.0,0,0,0,3,0,benign_high_entropy,BENIGN
BENIGN_HIGH_ENTROPY-0048,WIN-ARGUS-048,1,31,1,1,0,0,0,2.0,0,12,9,0,0,28,0.4,7.020071428571429,2.0173214285714285,12,0,0,0,2,2,2,2551,3849,3.0,0,0,0,3,0,benign_high_entropy,BENIGN
BENIGN_HIGH_ENTROPY-0048,WIN-ARGUS-048,2,30,1,1,0,0,0,2.0,0,9,10,0,0,27,0.3,6.949777777777778,2.2064074074074074,8,0,0,0,2,2,1,5091,7859,3.0,0,0,0,3,0,benign_high_entropy,BENIGN
BENIGN_HIGH_ENTROPY-0048,WIN-ARGUS-048,3,32,1,1,0,0,0,2.0,0,8,13,0,0,30,0.26666666666666666,6.955266666666666,2.1571,7,0,0,0,1,1,1,450,1209,0.0,0,0,0,3,0,benign_high_entropy,BENIGN
BENIGN_HIGH_ENTROPY-0048,WIN-ARGUS-048,4,48,1,1,0,0,0,2.0,0,21,14,0,0,45,0.7,7.193955555555556,2.247888888888889,21,0,0,0,2,2,1,7948,4766,15.0,0,0,0,3,0,benign_high_entropy,BENIGN
BENIGN_HIGH_ENTROPY-0048,WIN-ARGUS-048,5,34,1,1,0,0,0,2.0,0,10,11,0,0,32,0.3333333333333333,6.9884375,2.12215625,7,0,0,0,1,1,1,4591,4658,0.0,0,0,0,3,0,benign_high_entropy,BENIGN
BENIGN_HIGH_ENTROPY-0049,WIN-ARGUS-049,0,37,1,1,0,0,0,2.0,0,13,12,0,0,35,0.43333333333333335,7.157571428571428,2.2942,10,0,0,0,1,1,1,3046,4031,0.0,0,0,0,3,0,benign_high_entropy,BENIGN
BENIGN_HIGH_ENTROPY-0049,WIN-ARGUS-049,1,44,1,1,0,0,0,2.0,0,8,22,0,0,42,0.26666666666666666,7.043857142857142,2.257261904761905,5,0,0,0,1,1,1,4532,1824,0.0,0,0,0,3,0,benign_high_entropy,BENIGN
BENIGN_HIGH_ENTROPY-0049,WIN-ARGUS-049,2,35,1,1,0,0,0,2.0,0,10,11,0,0,32,0.3333333333333333,7.18403125,2.341625,9,0,0,0,2,1,2,3103,3718,0.0,0,0,0,3,0,benign_high_entropy,BENIGN
BENIGN_HIGH_ENTROPY-0049,WIN-ARGUS-049,3,34,1,1,0,0,0,2.0,0,8,13,0,0,31,0.26666666666666666,7.341451612903226,2.5223225806451617,6,0,0,0,2,1,1,4553,6306,6.0,0,0,0,3,0,benign_high_entropy,BENIGN
BENIGN_HIGH_ENTROPY-0049,WIN-ARGUS-049,4,38,1,1,0,0,0,2.0,0,13,12,0,0,35,0.43333333333333335,7.003685714285714,2.2342857142857144,11,0,0,0,2,2,2,3029,6763,1.0,0,0,0,3,0,benign_high_entropy,BENIGN
BENIGN_HIGH_ENTROPY-0049,WIN-ARGUS-049,5,30,1,1,0,0,0,2.0,0,14,6,0,0,28,0.4666666666666667,7.384535714285714,2.412714285714286,14,0,0,0,1,1,1,501,2050,0.0,0,0,0,3,0,benign_high_entropy,BENIGN
BENIGN_HIGH_ENTROPY-0050,WIN-ARGUS-050,0,29,1,1,0,0,0,2.0,0,4,13,0,0,25,0.13333333333333333,6.758680000000001,2.0055199999999997,4,0,0,0,3,2,2,9590,4184,12.5,0,0,0,3,0,benign_high_entropy,BENIGN
BENIGN_HIGH_ENTROPY-0050,WIN-ARGUS-050,1,37,1,1,0,0,0,2.0,0,8,16,0,0,35,0.26666666666666666,6.969171428571428,2.2077428571428572,7,0,0,0,1,1,1,216,3459,0.0,0,0,0,3,0,benign_high_entropy,BENIGN
BENIGN_HIGH_ENTROPY-0050,WIN-ARGUS-050,2,36,1,1,0,0,0,2.0,0,15,9,0,0,34,0.5,7.239382352941177,2.2942647058823527,12,0,0,0,1,1,1,1128,4236,0.0,0,0,0,3,0,benign_high_entropy,BENIGN
BENIGN_HIGH_ENTROPY-0050,WIN-ARGUS-050,3,47,1,1,0,0,0,2.0,0,13,17,0,0,43,0.43333333333333335,6.9830000000000005,2.2974883720930235,10,0,0,0,3,2,2,5326,9369,3.0,0,0,0,3,0,benign_high_entropy,BENIGN
BENIGN_HIGH_ENTROPY-0050,WIN-ARGUS-050,4,33,1,1,0,0,0,2.0,0,10,13,0,0,30,0.3333333333333333,7.107866666666666,2.1806666666666668,7,0,0,0,2,1,2,3705,4887,4.0,0,0,0,3,0,benign_high_entropy,BENIGN
BENIGN_HIGH_ENTROPY-0050,WIN-ARGUS-050,5,27,1,1,0,0,0,2.0,0,5,14,0,0,25,0.16666666666666666,7.310320000000001,2.32808,4,0,0,0,1,1,1,775,2463,0.0,0,0,0,3,0,benign_high_entropy,BENIGN
BENIGN_HIGH_ENTROPY-0051,WIN-ARGUS-051,0,29,1,1,0,0,0,2.0,0,6,11,0,0,25,0.2,7.375159999999999,2.53276,6,0,0,0,3,3,3,11026,8967,13.0,0,0,0,3,0,benign_high_entropy,BENIGN
BENIGN_HIGH_ENTROPY-0051,WIN-ARGUS-051,1,42,1,1,0,0,0,2.0,0,10,13,0,0,38,0.3333333333333333,6.85778947368421,2.0262105263157895,7,0,0,0,3,3,2,4988,10879,9.0,0,0,0,3,0,benign_high_entropy,BENIGN
BENIGN_HIGH_ENTROPY-0051,WIN-ARGUS-051,2,49,1,1,0,0,0,2.0,0,13,20,0,0,45,0.43333333333333335,7.147777777777777,2.2909555555555556,12,0,0,0,3,1,1,6092,7907,11.0,0,0,0,3,0,benign_high_entropy,BENIGN
BENIGN_HIGH_ENTROPY-0051,WIN-ARGUS-051,3,46,1,1,0,0,0,2.0,0,12,15,0,0,43,0.4,7.154953488372093,2.4317209302325584,11,0,0,0,2,1,2,8816,5735,15.0,0,0,0,3,0,benign_high_entropy,BENIGN
BENIGN_HIGH_ENTROPY-0051,WIN-ARGUS-051,4,29,1,1,0,0,0,2.0,0,6,13,0,0,26,0.2,6.261769230769231,1.8418461538461537,4,0,0,0,2,2,1,5481,4114,8.0,0,0,0,3,0,benign_high_entropy,BENIGN
BENIGN_HIGH_ENTROPY-0051,WIN-ARGUS-051,5,28,1,1,0,0,0,2.0,0,8,8,0,0,25,0.26666666666666666,6.69768,2.13484,8,0,0,0,2,1,2,8516,7611,3.0,0,0,0,3,0,benign_high_entropy,BENIGN
BENIGN_HIGH_ENTROPY-0052,WIN-ARGUS-052,0,40,1,1,0,0,0,2.0,0,16,8,0,0,38,0.5333333333333333,6.97028947368421,2.370236842105263,16,0,0,0,1,1,1,519,707,0.0,0,0,0,3,0,benign_high_entropy,BENIGN
BENIGN_HIGH_ENTROPY-0052,WIN-ARGUS-052,1,43,1,1,0,0,0,2.0,0,13,12,0,0,40,0.43333333333333335,6.868625,2.080575,11,0,0,0,2,2,2,3481,9129,27.0,0,0,0,3,0,benign_high_entropy,BENIGN
BENIGN_HIGH_ENTROPY-0052,WIN-ARGUS-052,2,33,1,1,0,0,0,2.0,0,4,11,0,0,31,0.13333333333333333,7.0483548387096775,2.235,3,0,0,0,1,1,1,4399,1395,0.0,0,0,0,3,0,benign_high_entropy,BENIGN
BENIGN_HIGH_ENTROPY-0052,WIN-ARGUS-052,3,36,1,1,0,0,0,2.0,0,15,9,0,0,34,0.5,7.006441176470588,2.2612647058823527,12,0,0,0,1,1,1,4533,2347,0.0,0,0,0,3,0,benign_high_entropy,BENIGN
BENIGN_HIGH_ENTROPY-0052,WIN-ARGUS-052,4,37,1,1,0,0,0,2.0,0,13,11,0,0,35,0.43333333333333335,7.188857142857143,2.2244571428571427,9,0,0,0,1,1,1,4156,3256,0.0,0,0,0,3,0,benign_high_entropy,BENIGN
BENIGN_HIGH_ENTROPY-0052,WIN-ARGUS-052,5,42,1,1,0,0,0,2.0,0,19,8,0,0,38,0.6333333333333333,6.892131578947368,2.0325526315789473,15,0,0,0,3,2,2,9128,10994,2.0,0,0,0,3,0,benign_high_entropy,BENIGN
BENIGN_HIGH_ENTROPY-0053,WIN-ARGUS-053,0,41,1,1,0,0,0,2.0,0,12,17,0,0,39,0.4,7.285564102564103,2.391769230769231,12,0,0,0,1,1,1,4777,2530,0.0,0,0,0,3,0,benign_high_entropy,BENIGN
BENIGN_HIGH_ENTROPY-0053,WIN-ARGUS-053,1,34,1,1,0,0,0,2.0,0,9,8,0,0,30,0.3,6.9595,2.2800000000000002,8,0,0,0,3,2,2,10888,5404,13.0,0,0,0,3,0,benign_high_entropy,BENIGN
BENIGN_HIGH_ENTROPY-0053,WIN-ARGUS-053,2,31,1,1,0,0,0,2.0,0,10,13,0,0,28,0.3333333333333333,6.989964285714286,2.039857142857143,8,0,0,0,2,2,2,1750,6021,16.0,0,0,0,3,0,benign_high_entropy,BENIGN
BENIGN_HIGH_ENTROPY-0053,WIN-ARGUS-053,3,36,1,1,0,0,0,2.0,0,6,13,0,0,32,0.2,7.0755,2.15228125,4,0,0,0,3,2,2,7695,8951,2.0,0,0,0,3,0,benign_high_entropy,BENIGN
BENIGN_HIGH_ENTROPY-0053,WIN-ARGUS-053,4,38,1,1,0,0,0,2.0,0,10,11,0,0,34,0.3333333333333333,7.355941176470588,2.6031470588235295,9,0,0,0,3,2,2,4048,8706,7.5,0,0,0,3,0,benign_high_entropy,BENIGN
BENIGN_HIGH_ENTROPY-0053,WIN-ARGUS-053,5,43,1,1,0,0,0,2.0,0,14,10,0,0,40,0.4666666666666667,6.980175,2.262125,14,0,0,0,2,2,2,3557,8009,9.0,0,0,0,3,0,benign_high_entropy,BENIGN
BENIGN_HIGH_ENTROPY-0054,WIN-ARGUS-054,0,44,1,1,0,0,0,2.0,0,17,9,0,0,41,0.5666666666666667,6.9887804878048785,2.249878048780488,16,0,0,0,2,2,2,5158,4851,5.0,0,0,0,3,0,benign_high_entropy,BENIGN
BENIGN_HIGH_ENTROPY-0054,WIN-ARGUS-054,1,36,1,1,0,0,0,2.0,0,14,9,0,0,32,0.4666666666666667,7.255875,2.36109375,14,0,0,0,3,2,2,4583,9646,2.0,0,0,0,3,0,benign_high_entropy,BENIGN
BENIGN_HIGH_ENTROPY-0054,WIN-ARGUS-054,2,39,1,1,0,0,0,2.0,0,12,10,0,0,36,0.4,7.060666666666666,2.253166666666667,9,0,0,0,2,2,2,7392,6354,2.0,0,0,0,3,0,benign_high_entropy,BENIGN
BENIGN_HIGH_ENTROPY-0054,WIN-ARGUS-054,3,47,1,1,0,0,0,2.0,0,20,12,0,0,45,0.6666666666666666,6.832622222222223,2.1215111111111113,17,0,0,0,1,1,1,3984,2498,0.0,0,0,0,3,0,benign_high_entropy,BENIGN
BENIGN_HIGH_ENTROPY-0054,WIN-ARGUS-054,4,47,1,1,0,0,0,2.0,0,16,8,0,0,44,0.5333333333333333,6.8702499999999995,2.154659090909091,12,0,0,0,2,2,2,6027,4900,16.0,0,0,0,3,0,benign_high_entropy,BENIGN
BENIGN_HIGH_ENTROPY-0054,WIN-ARGUS-054,5,42,1,1,0,0,0,2.0,0,14,12,0,0,38,0.4666666666666667,6.936184210526315,2.068947368421053,11,0,0,0,3,2,2,5397,7542,19.0,0,0,0,3,0,benign_high_entropy,BENIGN
BENIGN_HIGH_ENTROPY-0055,WIN-ARGUS-055,0,40,1,1,0,0,0,2.0,0,12,11,0,0,38,0.4,6.995868421052632,2.226526315789474,11,0,0,0,1,1,1,1425,1045,0.0,0,0,0,3,0,benign_high_entropy,BENIGN
BENIGN_HIGH_ENTROPY-0055,WIN-ARGUS-055,1,37,1,1,0,0,0,2.0,0,9,14,0,0,34,0.3,6.806,2.1521764705882354,7,0,0,0,2,2,2,2444,6171,1.0,0,0,0,3,0,benign_high_entropy,BENIGN
BENIGN_HIGH_ENTROPY-0055,WIN-ARGUS-055,2,46,1,1,0,0,0,2.0,0,15,12,0,0,44,0.5,6.9538863636363635,2.231181818181818,14,0,0,0,1,1,1,624,2555,0.0,0,0,0,3,0,benign_high_entropy,BENIGN
BENIGN_HIGH_ENTROPY-0055,WIN-ARGUS-055,3,38,1,1,0,0,0,2.0,0,15,9,0,0,34,0.5,7.109411764705882,2.173529411764706,12,0,0,0,3,2,3,5989,6241,1.5,0,0,0,3,0,benign_high_entropy,BENIGN
BENIGN_HIGH_ENTROPY-0055,WIN-ARGUS-055,4,42,1,1,0,0,0,2.0,0,13,8,0,0,39,0.43333333333333335,7.243282051282051,2.247230769230769,12,0,0,0,2,2,2,7257,4704,3.0,0,0,0,3,0,benign_high_entropy,BENIGN
BENIGN_HIGH_ENTROPY-0055,WIN-ARGUS-055,5,29,1,1,0,0,0,2.0,0,11,8,0,0,26,0.36666666666666664,7.093923076923077,2.1548076923076924,11,0,0,0,2,1,2,8309,4650,3.0,0,0,0,3,0,benign_high_entropy,BENIGN
BENIGN_HIGH_ENTROPY-0056,WIN-ARGUS-056,0,42,1,1,0,0,0,2.0,0,13,12,0,0,39,0.43333333333333335,6.835,1.9827692307692308,9,0,0,0,2,1,2,1380,4059,5.0,0,0,0,3,0,benign_high_entropy,BENIGN
BENIGN_HIGH_ENTROPY-0056,WIN-ARGUS-056,1,30,1,1,0,0,0,2.0,0,9,9,0,0,27,0.3,6.925592592592593,2.132037037037037,6,0,0,0,2,1,2,5925,7964,25.0,0,0,0,3,0,benign_high_entropy,BENIGN
BENIGN_HIGH_ENTROPY-0056,WIN-ARGUS-056,2,43,1,1,0,0,0,2.0,0,12,12,0,0,40,0.4,7.0402249999999995,2.2064,12,0,0,0,2,2,1,6529,5529,23.0,0,0,0,3,0,benign_high_entropy,BENIGN
BENIGN_HIGH_ENTROPY-0056,WIN-ARGUS-056,3,39,1,1,0,0,0,2.0,0,12,11,0,0,37,0.4,7.11191891891892,2.353675675675676,9,0,0,0,1,1,1,1456,3605,0.0,0,0,0,3,0,benign_high_entropy,BENIGN
BENIGN_HIGH_ENTROPY-0056,WIN-ARGUS-056,4,46,1,1,0,0,0,2.0,0,18,12,0,0,42,0.6,6.94602380952381,2.1586904761904764,14,0,0,0,3,2,2,5408,7298,11.0,0,0,0,3,0,benign_high_entropy,BENIGN
BENIGN_HIGH_ENTROPY-0056,WIN-ARGUS-056,5,36,1,1,0,0,0,2.0,0,7,12,0,0,33,0.23333333333333334,7.2553636363636365,2.276727272727273,7,0,0,0,2,2,2,7215,1570,7.0,0,0,0,3,0,benign_high_entropy,BENIGN
BENIGN_HIGH_ENTROPY-0057,WIN-ARGUS-057,0,37,1,1,0,0,0,2.0,0,9,12,0,0,33,0.3,7.230424242424243,2.3116060606060604,9,0,0,0,3,2,1,9195,3043,10.0,0,0,0,3,0,benign_high_entropy,BENIGN
BENIGN_HIGH_ENTROPY-0057,WIN-ARGUS-057,1,39,1,1,0,0,0,2.0,0,13,11,0,0,35,0.43333333333333335,7.0318571428571435,2.2867142857142855,10,0,0,0,3,3,2,5511,8241,6.5,0,0,0,3,0,benign_high_entropy,BENIGN
BENIGN_HIGH_ENTROPY-0057,WIN-ARGUS-057,2,39,1,1,0,0,0,2.0,0,10,15,0,0,37,0.3333333333333333,7.432702702702702,2.336864864864865,10,0,0,0,1,1,1,4402,4632,0.0,0,0,0,3,0,benign_high_entropy,BENIGN
BENIGN_HIGH_ENTROPY-0057,WIN-ARGUS-057,3,44,1,1,0,0,0,2.0,0,10,15,0,0,42,0.3333333333333333,7.279690476190477,2.4702619047619048,10,0,0,0,1,1,1,3256,1117,0.0,0,0,0,3,0,benign_high_entropy,BENIGN
BENIGN_HIGH_ENTROPY-0057,WIN-ARGUS-057,4,32,1,1,0,0,0,2.0,0,3,11,0,0,28,0.1,7.444714285714285,2.4138214285714286,2,0,0,0,3,3,2,5849,4699,7.5,0,0,0,3,0,benign_high_entropy,BENIGN
BENIGN_HIGH_ENTROPY-0057,WIN-ARGUS-057,5,43,1,1,0,0,0,2.0,0,12,15,0,0,39,0.4,7.146589743589743,2.4213846153846155,12,0,0,0,3,2,2,4741,1618,11.0,0,0,0,3,0,benign_high_entropy,BENIGN
BENIGN_HIGH_ENTROPY-0058,WIN-ARGUS-058,0,44,1,1,0,0,0,2.0,0,14,11,0,0,41,0.4666666666666667,7.317707317073171,2.299146341463415,10,0,0,0,2,2,2,5100,6245,10.0,0,0,0,3,0,benign_high_entropy,BENIGN
BENIGN_HIGH_ENTROPY-0058,WIN-ARGUS-058,1,41,1,1,0,0,0,2.0,0,20,8,0,0,38,0.6666666666666666,6.705078947368421,2.0452631578947367,16,0,0,0,2,2,2,3383,4175,12.0,0,0,0,3,0,benign_high_entropy,BENIGN
BENIGN_HIGH_ENTROPY-0058,WIN-ARGUS-058,2,48,1,1,0,0,0,2.0,0,10,20,0,0,45,0.3333333333333333,7.186022222222221,2.2190222222222222,10,0,0,0,2,1,1,6567,7476,8.0,0,0,0,3,0,benign_high_entropy,BENIGN
BENIGN_HIGH_ENTROPY-0058,WIN-ARGUS-058,3,33,1,1,0,0,0,2.0,0,8,12,0,0,30,0.26666666666666666,7.077366666666666,2.3076,7,0,0,0,2,1,1,7253,4789,6.0,0,0,0,3,0,benign_high_entropy,BENIGN
BENIGN_HIGH_ENTROPY-0058,WIN-ARGUS-058,4,40,1,1,0,0,0,2.0,0,14,11,0,0,37,0.4666666666666667,6.720675675675675,1.9723783783783781,10,0,0,0,2,2,1,6576,1612,1.0,0,0,0,3,0,benign_high_entropy,BENIGN
BENIGN_HIGH_ENTROPY-0058,WIN-ARGUS-058,5,41,1,1,0,0,0,2.0,0,10,11,0,0,38,0.3333333333333333,7.020394736842104,2.0505526315789475,8,0,0,0,2,2,2,7238,2828,4.0,0,0,0,3,0,benign_high_entropy,BENIGN
BENIGN_HIGH_ENTROPY-0059,WIN-ARGUS-059,0,45,1,1,0,0,0,2.0,0,11,10,0,0,41,0.36666666666666664,6.922390243902439,2.1269024390243905,10,0,0,0,3,2,2,5562,7074,8.5,0,0,0,3,0,benign_high_entropy,BENIGN
BENIGN_HIGH_ENTROPY-0059,WIN-ARGUS-059,1,45,1,1,0,0,0,2.0,0,14,16,0,0,42,0.4666666666666667,7.1424047619047615,2.241952380952381,13,0,0,0,2,2,2,4660,9201,7.0,0,0,0,3,0,benign_high_entropy,BENIGN
BENIGN_HIGH_ENTROPY-0059,WIN-ARGUS-059,2,36,1,1,0,0,0,2.0,0,11,15,0,0,32,0.36666666666666664,7.07628125,2.09628125,10,0,0,0,3,3,1,5078,6026,12.0,0,0,0,3,0,benign_high_entropy,BENIGN
BENIGN_HIGH_ENTROPY-0059,WIN-ARGUS-059,3,34,1,1,0,0,0,2.0,0,14,9,0,0,31,0.4666666666666667,6.938709677419355,2.287225806451613,10,0,0,0,2,2,1,4497,2533,8.0,0,0,0,3,0,benign_high_entropy,BENIGN
BENIGN_HIGH_ENTROPY-0059,WIN-ARGUS-059,4,30,1,1,0,0,0,2.0,0,6,12,0,0,26,0.2,6.984692307692308,2.1837692307692307,4,0,0,0,3,3,2,10359,4483,13.0,0,0,0,3,0,benign_high_entropy,BENIGN
BENIGN_HIGH_ENTROPY-0059,WIN-ARGUS-059,5,31,1,1,0,0,0,2.0,0,12,5,0,0,29,0.4,7.276862068965517,2.467,10,0,0,0,1,1,1,4592,2331,0.0,0,0,0,3,0,benign_high_entropy,BENIGN
BENIGN_HIGH_ENTROPY-0060,WIN-ARGUS-060,0,48,1,1,0,0,0,2.0,0,15,16,0,0,45,0.5,7.358666666666666,2.456777777777778,12,0,0,0,2,1,1,6861,4115,1.0,0,0,0,3,0,benign_high_entropy,BENIGN
BENIGN_HIGH_ENTROPY-0060,WIN-ARGUS-060,1,45,1,1,0,0,0,2.0,0,13,14,0,0,41,0.43333333333333335,6.858341463414634,1.9931219512195122,9,0,0,0,3,3,1,11577,7353,1.0,0,0,0,3,0,benign_high_entropy,BENIGN
BENIGN_HIGH_ENTROPY-0060,WIN-ARGUS-060,2,36,1,1,0,0,0,2.0,0,8,12,0,0,32,0.26666666666666666,7.24384375,2.55859375,8,0,0,0,3,2,3,4770,6749,5.0,0,0,0,3,0,benign_high_entropy,BENIGN
BENIGN_HIGH_ENTROPY-0060,WIN-ARGUS-060,3,30,1,1,0,0,0,2.0,0,7,7,0,0,27,0.23333333333333334,7.158740740740741,2.3251851851851852,6,0,0,0,2,1,1,5465,3888,11.0,0,0,0,3,0,benign_high_entropy,BENIGN
BENIGN_HIGH_ENTROPY-0060,WIN-ARGUS-060,4,35,1,1,0,0,0,2.0,0,10,7,0,0,33,0.3333333333333333,7.1774545454545455,2.1474242424242425,6,0,0,0,1,1,1,2451,949,0.0,0,0,0,3,0,benign_high_entropy,BENIGN
BENIGN_HIGH_ENTROPY-0060,WIN-ARGUS-060,5,48,1,1,0,0,0,2.0,0,14,17,0,0,44,0.4666666666666667,7.0545681818181825,2.064318181818182,12,0,0,0,3,2,3,5979,7985,5.0,0,0,0,3,0,benign_high_entropy,BENIGN
BENIGN_NORMAL-0001,WIN-ARGUS-001,0,12,2,2,0,0,0,2.0,0,1,3,0,0,4,0.03333333333333333,5.03175,0.063,0,0,0,0,5,3,3,13371,12313,5.25,1,0,1,4,0,benign_normal,BENIGN
BENIGN_NORMAL-0001,WIN-ARGUS-001,1,10,3,4,0,0,0,2.0,1,1,2,0,0,4,0.03333333333333333,5.26325,0.07275,0,0,0,0,3,3,3,5446,7473,4.5,0,0,0,3,0,benign_normal,BENIGN
BENIGN_NORMAL-0001,WIN-ARGUS-001,2,12,2,3,0,0,0,2.0,2,5,0,0,0,7,0.16666666666666666,4.965714285714285,0.07371428571428572,0,0,0,0,3,2,2,10226,7613,13.0,0,0,0,3,0,benign_normal,BENIGN
BENIGN_NORMAL-0001,WIN-ARGUS-001,3,11,2,2,0,0,0,2.0,3,1,0,0,0,4,0.03333333333333333,4.5445,0.053,0,0,0,0,5,2,3,12984,8529,5.75,0,0,0,3,0,benign_normal,BENIGN
BENIGN_NORMAL-0001,WIN-ARGUS-001,4,13,3,3,0,0,0,2.0,2,2,4,0,0,8,0.06666666666666667,4.7835,0.0395,0,0,0,0,2,2,1,4481,4098,19.0,0,0,0,3,0,benign_normal,BENIGN
BENIGN_NORMAL-0001,WIN-ARGUS-001,5,14,4,4,0,0,0,2.0,1,5,0,0,0,6,0.16666666666666666,5.168,0.07100000000000001,0,0,0,0,4,3,1,10182,8039,7.333333333333333,0,0,0,3,0,benign_normal,BENIGN
BENIGN_NORMAL-0002,WIN-ARGUS-002,0,13,4,4,0,0,0,2.0,2,0,2,0,0,4,0.0,4.9985,0.07,0,0,0,0,4,2,2,14894,8654,3.3333333333333335,1,0,1,4,0,benign_normal,BENIGN
BENIGN_NORMAL-0002,WIN-ARGUS-002,1,14,4,4,0,0,0,2.0,1,3,1,0,0,5,0.1,4.8915999999999995,0.0902,0,0,0,0,5,3,1,15265,11344,6.0,0,0,0,3,0,benign_normal,BENIGN
BENIGN_NORMAL-0002,WIN-ARGUS-002,2,14,3,4,0,0,0,2.0,2,5,1,0,0,8,0.16666666666666666,4.92425,0.08937500000000001,0,0,0,0,3,2,2,9963,3072,7.5,0,0,0,3,0,benign_normal,BENIGN
BENIGN_NORMAL-0002,WIN-ARGUS-002,3,12,4,4,0,0,0,2.0,2,2,2,0,0,6,0.06666666666666667,4.732833333333333,0.077,0,0,0,0,2,1,2,7629,8222,1.0,0,0,0,3,0,benign_normal,BENIGN
BENIGN_NORMAL-0002,WIN-ARGUS-002,4,10,2,2,0,0,0,2.0,2,1,3,0,0,6,0.03333333333333333,4.762666666666667,0.08033333333333333,0,0,0,0,2,1,1,4942,3526,13.0,0,0,0,3,0,benign_normal,BENIGN
BENIGN_NORMAL-0002,WIN-ARGUS-002,5,9,3,3,0,0,0,2.0,1,1,2,0,0,4,0.03333333333333333,4.71775,0.09025,0,0,0,0,2,2,1,6565,6304,12.0,0,0,0,3,0,benign_normal,BENIGN
BENIGN_NORMAL-0003,WIN-ARGUS-003,0,15,4,4,0,0,0,2.0,3,1,1,0,0,5,0.03333333333333333,5.7108,0.1048,0,0,0,0,5,3,3,10523,18144,4.75,1,0,1,4,0,benign_normal,BENIGN
BENIGN_NORMAL-0003,WIN-ARGUS-003,1,12,3,3,0,0,0,2.0,2,1,1,0,0,4,0.03333333333333333,5.983,0.0785,0,0,0,0,5,2,3,13564,15621,5.0,0,0,0,3,0,benign_normal,BENIGN
BENIGN_NORMAL-0003,WIN-ARGUS-003,2,13,3,4,0,0,0,2.0,1,4,0,0,0,5,0.13333333333333333,5.7832,0.0908,0,0,0,0,5,3,3,12055,12476,5.0,0,0,0,3,0,benign_normal,BENIGN
BENIGN_NORMAL-0003,WIN-ARGUS-003,3,12,2,3,0,0,0,2.0,1,1,3,0,0,5,0.03333333333333333,4.9712000000000005,0.0834,0,0,0,0,5,3,3,9013,11507,6.75,0,0,0,3,0,benign_normal,BENIGN
BENIGN_NORMAL-0003,WIN-ARGUS-003,4,14,3,3,0,0,0,2.0,2,3,3,0,0,8,0.1,4.90175,0.07525,0,0,0,0,3,2,2,9396,11735,10.0,0,0,0,3,0,benign_normal,BENIGN
BENIGN_NORMAL-0003,WIN-ARGUS-003,5,13,3,3,0,0,0,2.0,4,1,2,0,0,7,0.03333333333333333,5.002142857142857,0.09514285714285715,0,0,0,0,3,2,3,12427,6662,3.0,0,0,0,3,0,benign_normal,BENIGN
BENIGN_NORMAL-0004,WIN-ARGUS-004,0,14,3,3,0,0,0,2.0,2,2,2,0,0,6,0.06666666666666667,5.099833333333334,0.09000000000000001,0,0,0,0,4,2,3,14213,10360,4.333333333333333,1,0,1,4,0,benign_normal,BENIGN
BENIGN_NORMAL-0004,WIN-ARGUS-004,1,14,4,4,0,0,0,2.0,1,1,3,0,0,5,0.03333333333333333,4.76,0.0882,0,0,0,0,5,3,2,15306,14982,5.25,0,0,0,3,0,benign_normal,BENIGN
BENIGN_NORMAL-0004,WIN-ARGUS-004,2,15,4,4,0,0,0,2.0,3,2,2,0,0,7,0.06666666666666667,4.881,0.09042857142857143,0,0,0,0,4,3,2,11545,10213,8.666666666666666,0,0,0,3,0,benign_normal,BENIGN
BENIGN_NORMAL-0004,WIN-ARGUS-004,3,8,2,3,0,0,0,2.0,1,1,2,0,0,4,0.03333333333333333,5.38475,0.05975,0,0,0,0,2,1,1,4797,5257,2.0,0,0,0,3,0,benign_normal,BENIGN
BENIGN_NORMAL-0004,WIN-ARGUS-004,4,15,4,4,0,0,0,2.0,3,2,1,0,0,6,0.06666666666666667,5.0264999999999995,0.08966666666666667,0,0,0,0,5,3,3,14941,10377,4.75,0,0,0,3,0,benign_normal,BENIGN
BENIGN_NORMAL-0004,WIN-ARGUS-004,5,11,3,3,0,0,0,2.0,2,1,1,0,0,4,0.03333333333333333,5.67875,0.0425,0,0,0,0,4,2,2,11468,9600,2.5,0,0,0,3,0,benign_normal,BENIGN
BENIGN_NORMAL-0005,WIN-ARGUS-005,0,10,2,3,0,0,0,2.0,0,1,4,0,0,5,0.03333333333333333,4.9146,0.0506,0,0,0,0,2,2,1,5388,4391,21.0,1,0,1,4,0,benign_normal,BENIGN
BENIGN_NORMAL-0005,WIN-ARGUS-005,1,12,3,3,0,0,0,2.0,1,1,2,0,0,4,0.03333333333333333,4.7435,0.07275000000000001,0,0,0,0,5,3,3,13121,9893,4.0,0,0,0,3,0,benign_normal,BENIGN
BENIGN_NORMAL-0005,WIN-ARGUS-005,2,13,2,3,0,0,0,2.0,3,1,4,0,0,8,0.03333333333333333,5.190875,0.082875,0,0,0,0,3,2,2,8281,9485,4.5,0,0,0,3,0,benign_normal,BENIGN
BENIGN_NORMAL-0005,WIN-ARGUS-005,3,8,2,2,0,0,0,2.0,1,2,1,0,0,4,0.06666666666666667,4.8462499999999995,0.06375,0,0,0,0,2,1,2,6205,9355,7.0,0,0,0,3,0,benign_normal,BENIGN
BENIGN_NORMAL-0005,WIN-ARGUS-005,4,13,4,4,0,0,0,2.0,2,2,3,0,0,7,0.06666666666666667,4.290142857142857,0.0652857142857143,0,0,0,0,2,1,1,5847,3615,3.0,0,0,0,3,0,benign_normal,BENIGN
BENIGN_NORMAL-0005,WIN-ARGUS-005,5,15,4,4,0,0,0,2.0,3,2,3,0,0,8,0.06666666666666667,5.01025,0.08862500000000001,0,0,0,0,3,2,2,6054,3256,6.5,0,0,0,3,0,benign_normal,BENIGN
BENIGN_NORMAL-0006,WIN-ARGUS-006,0,13,2,3,0,0,0,2.0,3,0,2,0,0,5,0.0,5.1768,0.060399999999999995,0,0,0,0,5,3,3,17848,7257,5.0,1,0,1,4,0,benign_normal,BENIGN
BENIGN_NORMAL-0006,WIN-ARGUS-006,1,16,4,4,0,0,0,2.0,2,5,1,0,0,8,0.16666666666666666,5.04675,0.07375,0,0,0,0,4,3,3,11036,11513,6.5,0,0,0,3,0,benign_normal,BENIGN
BENIGN_NORMAL-0006,WIN-ARGUS-006,2,11,2,2,0,0,0,2.0,3,0,4,0,0,7,0.0,4.8268571428571425,0.07628571428571429,0,0,0,0,2,1,2,3273,7982,0.0,0,0,0,3,0,benign_normal,BENIGN
BENIGN_NORMAL-0006,WIN-ARGUS-006,3,13,2,3,0,0,0,2.0,4,1,2,0,0,7,0.03333333333333333,5.040285714285714,0.094,0,0,0,0,4,3,3,11897,12224,7.666666666666667,0,0,0,3,0,benign_normal,BENIGN
BENIGN_NORMAL-0006,WIN-ARGUS-006,4,11,3,3,0,0,0,2.0,0,2,3,0,0,5,0.06666666666666667,5.397799999999999,0.0844,0,0,0,0,3,2,2,6640,6649,7.5,0,0,0,3,0,benign_normal,BENIGN
BENIGN_NORMAL-0006,WIN-ARGUS-006,5,13,4,4,0,0,0,2.0,2,3,1,0,0,6,0.1,4.7985,0.09733333333333334,0,0,0,0,3,1,2,10984,4888,19.0,0,0,0,3,0,benign_normal,BENIGN
BENIGN_NORMAL-0007,WIN-ARGUS-007,0,12,4,4,0,0,0,2.0,1,3,1,0,0,5,0.1,4.9048,0.0736,0,0,0,0,2,1,2,8743,7036,6.0,1,0,1,4,0,benign_normal,BENIGN
BENIGN_NORMAL-0007,WIN-ARGUS-007,1,12,2,3,0,0,0,2.0,1,2,2,0,0,5,0.06666666666666667,5.148999999999999,0.0656,0,0,0,0,5,3,3,9952,11730,4.0,0,0,0,3,0,benign_normal,BENIGN
BENIGN_NORMAL-0007,WIN-ARGUS-007,2,13,2,2,0,0,0,2.0,4,2,2,0,0,8,0.06666666666666667,4.636625,0.059,0,0,0,0,3,2,2,6780,9329,9.0,0,0,0,3,0,benign_normal,BENIGN
BENIGN_NORMAL-0007,WIN-ARGUS-007,3,12,3,3,0,0,0,2.0,0,2,3,0,0,5,0.06666666666666667,4.2946,0.09219999999999999,0,0,0,0,4,3,2,14128,10449,3.3333333333333335,0,0,0,3,0,benign_normal,BENIGN
BENIGN_NORMAL-0007,WIN-ARGUS-007,4,12,2,3,0,0,0,2.0,2,2,2,0,0,6,0.06666666666666667,4.441166666666667,0.08533333333333333,0,0,0,0,4,2,2,6294,14222,5.666666666666667,0,0,0,3,0,benign_normal,BENIGN
BENIGN_NORMAL-0007,WIN-ARGUS-007,5,10,3,4,0,0,0,2.0,2,1,2,0,0,5,0.03333333333333333,4.7126,0.0534,0,0,0,0,2,2,1,7020,9115,8.0,0,0,0,3,0,benign_normal,BENIGN
BENIGN_NORMAL-0008,WIN-ARGUS-008,0,12,3,3,0,0,0,2.0,1,3,0,0,0,4,0.1,4.64775,0.0955,0,0,0,0,4,3,3,11797,13750,11.5,1,0,1,4,0,benign_normal,BENIGN
BENIGN_NORMAL-0008,WIN-ARGUS-008,1,12,3,4,0,0,0,2.0,2,1,1,0,0,4,0.03333333333333333,4.9285,0.1305,0,0,0,0,5,3,2,8313,10711,5.0,0,0,0,3,0,benign_normal,BENIGN
BENIGN_NORMAL-0008,WIN-ARGUS-008,2,9,2,3,0,0,0,2.0,1,1,2,0,0,4,0.03333333333333333,4.91725,0.10275000000000001,0,0,0,0,3,2,2,7792,4579,15.0,0,0,0,3,0,benign_normal,BENIGN
BENIGN_NORMAL-0008,WIN-ARGUS-008,3,12,4,4,0,0,0,2.0,3,0,1,0,0,4,0.0,5.140750000000001,0.058,0,0,0,0,4,3,2,7724,9780,9.0,0,0,0,3,0,benign_normal,BENIGN
BENIGN_NORMAL-0008,WIN-ARGUS-008,4,13,3,3,0,0,0,2.0,2,2,4,0,0,8,0.06666666666666667,4.508625,0.07225,0,0,0,0,2,2,2,4115,2233,11.0,0,0,0,3,0,benign_normal,BENIGN
BENIGN_NORMAL-0008,WIN-ARGUS-008,5,15,3,3,0,0,0,2.0,3,3,2,0,0,8,0.1,5.130625,0.103625,0,0,0,0,4,3,2,11846,8857,3.0,0,0,0,3,0,benign_normal,BENIGN
BENIGN_NORMAL-0009,WIN-ARGUS-009,0,13,4,4,0,0,0,2.0,1,2,3,0,0,6,0.06666666666666667,4.8135,0.05466666666666667,0,0,0,0,2,1,2,4516,2241,7.0,1,0,1,4,0,benign_normal,BENIGN
BENIGN_NORMAL-0009,WIN-ARGUS-009,1,14,4,4,0,0,0,2.0,2,2,1,0,0,5,0.06666666666666667,4.891,0.075,0,0,0,0,5,3,2,15568,16905,3.6666666666666665,0,0,0,3,0,benign_normal,BENIGN
BENIGN_NORMAL-0009,WIN-ARGUS-009,2,11,3,3,0,0,0,2.0,1,3,2,0,0,6,0.1,5.1215,0.12866666666666668,0,0,0,0,2,2,2,2846,6781,2.0,0,0,0,3,0,benign_normal,BENIGN
BENIGN_NORMAL-0009,WIN-ARGUS-009,3,14,3,3,0,0,0,2.0,2,3,1,0,0,6,0.1,4.829166666666667,0.06883333333333334,0,0,0,0,5,3,3,10501,8637,4.25,0,0,0,3,0,benign_normal,BENIGN
BENIGN_NORMAL-0009,WIN-ARGUS-009,4,13,2,2,0,0,0,2.0,4,1,3,0,0,8,0.03333333333333333,4.574625,0.076375,0,0,0,0,3,2,2,5991,8994,8.5,0,0,0,3,0,benign_normal,BENIGN
BENIGN_NORMAL-0009,WIN-ARGUS-009,5,15,3,4,0,0,0,2.0,3,3,2,0,0,8,0.1,5.052375,0.097875,0,0,0,0,4,3,2,7734,11893,8.666666666666666,0,0,0,3,0,benign_normal,BENIGN
BENIGN_NORMAL-0010,WIN-ARGUS-010,0,13,3,3,0,0,0,2.0,5,2,0,0,0,7,0.06666666666666667,4.566142857142857,0.08199999999999999,0,0,0,0,2,2,2,5510,4011,7.0,1,0,1,4,0,benign_normal,BENIGN
BENIGN_NORMAL-0010,WIN-ARGUS-010,1,15,4,4,0,0,0,2.0,1,4,2,0,0,7,0.13333333333333333,5.118571428571428,0.0992857142857143,0,0,0,0,4,2,2,8719,8966,5.5,0,0,0,3,0,benign_normal,BENIGN
BENIGN_NORMAL-0010,WIN-ARGUS-010,2,10,2,3,0,0,0,2.0,2,2,1,0,0,5,0.06666666666666667,5.211399999999999,0.0958,0,0,0,0,3,3,2,4408,6342,11.5,0,0,0,3,0,benign_normal,BENIGN
BENIGN_NORMAL-0010,WIN-ARGUS-010,3,11,4,4,0,0,0,2.0,2,1,1,0,0,4,0.03333333333333333,4.53425,0.05275,0,0,0,0,3,2,2,6579,4234,5.0,0,0,0,3,0,benign_normal,BENIGN
BENIGN_NORMAL-0010,WIN-ARGUS-010,4,15,4,4,0,0,0,2.0,1,3,2,0,0,6,0.1,4.818833333333333,0.08166666666666667,0,0,0,0,5,3,3,11000,17060,4.25,0,0,0,3,0,benign_normal,BENIGN
BENIGN_NORMAL-0010,WIN-ARGUS-010,5,16,4,4,0,0,0,2.0,2,2,4,0,0,8,0.06666666666666667,4.707625,0.08175,0,0,0,0,4,3,2,13450,8706,9.0,0,0,0,3,0,benign_normal,BENIGN
BENIGN_NORMAL-0011,WIN-ARGUS-011,0,16,3,4,0,0,0,2.0,2,3,3,0,0,8,0.1,5.058875,0.083875,0,0,0,0,4,2,2,7606,7816,3.0,1,0,1,4,0,benign_normal,BENIGN
BENIGN_NORMAL-0011,WIN-ARGUS-011,1,11,4,4,0,0,0,2.0,1,2,2,0,0,5,0.06666666666666667,5.2946,0.1012,0,0,0,0,2,2,1,5005,5071,8.0,0,0,0,3,0,benign_normal,BENIGN
BENIGN_NORMAL-0011,WIN-ARGUS-011,2,15,4,4,0,0,0,2.0,2,0,4,0,0,6,0.0,4.187833333333333,0.08433333333333333,0,0,0,0,5,2,2,16056,14274,6.5,0,0,0,3,0,benign_normal,BENIGN
BENIGN_NORMAL-0011,WIN-ARGUS-011,3,11,2,2,0,0,0,2.0,3,0,1,0,0,4,0.0,5.065,0.07725,0,0,0,0,5,3,3,14902,7533,4.333333333333333,0,0,0,3,0,benign_normal,BENIGN
BENIGN_NORMAL-0011,WIN-ARGUS-011,4,14,4,4,0,0,0,2.0,4,2,2,0,0,8,0.06666666666666667,5.227375,0.0625,0,0,0,0,2,1,1,5466,9460,15.0,0,0,0,3,0,benign_normal,BENIGN
BENIGN_NORMAL-0011,WIN-ARGUS-011,5,12,4,4,0,0,0,2.0,3,0,2,0,0,5,0.0,5.2421999999999995,0.0666,0,0,0,0,3,2,2,4615,11533,9.0,0,0,0,3,0,benign_normal,BENIGN
BENIGN_NORMAL-0012,WIN-ARGUS-012,0,12,3,3,0,0,0,2.0,2,0,3,0,0,5,0.0,5.107200000000001,0.06820000000000001,0,0,0,0,3,2,2,8143,6393,6.0,1,0,1,4,0,benign_normal,BENIGN
BENIGN_NORMAL-0012,WIN-ARGUS-012,1,15,4,4,0,0,0,2.0,3,3,1,0,0,7,0.1,4.849714285714286,0.08314285714285716,0,0,0,0,4,2,2,17657,13263,6.0,0,0,0,3,0,benign_normal,BENIGN
BENIGN_NORMAL-0012,WIN-ARGUS-012,2,10,3,4,0,0,0,2.0,1,1,3,0,0,5,0.03333333333333333,5.087,0.1066,0,0,0,0,2,1,2,3892,1863,19.0,0,0,0,3,0,benign_normal,BENIGN
BENIGN_NORMAL-0012,WIN-ARGUS-012,3,10,2,2,0,0,0,2.0,0,3,1,0,0,4,0.1,5.3105,0.054000000000000006,0,0,0,0,4,2,2,15705,14430,6.333333333333333,0,0,0,3,0,benign_normal,BENIGN
BENIGN_NORMAL-0012,WIN-ARGUS-012,4,14,4,4,0,0,0,2.0,3,1,2,0,0,6,0.03333333333333333,5.298,0.08133333333333333,0,0,0,0,4,2,3,12195,13155,6.0,0,0,0,3,0,benign_normal,BENIGN
BENIGN_NORMAL-0012,WIN-ARGUS-012,5,11,3,3,0,0,0,2.0,0,3,3,0,0,6,0.1,4.798,0.07783333333333332,0,0,0,0,2,1,2,5224,6231,4.0,0,0,0,3,0,benign_normal,BENIGN
BENIGN_NORMAL-0013,WIN-ARGUS-013,0,16,3,3,0,0,0,2.0,2,4,2,0,0,8,0.13333333333333333,4.70825,0.078625,0,0,0,0,4,3,3,12338,9123,7.666666666666667,1,0,1,4,0,benign_normal,BENIGN
BENIGN_NORMAL-0013,WIN-ARGUS-013,1,15,3,3,0,0,0,2.0,5,1,2,0,0,8,0.03333333333333333,5.099,0.067375,0,0,0,0,4,3,2,12583,3241,6.0,0,0,0,3,0,benign_normal,BENIGN
BENIGN_NORMAL-0013,WIN-ARGUS-013,2,13,3,4,0,0,0,2.0,0,3,2,0,0,5,0.1,4.7406,0.08020000000000001,0,0,0,0,5,3,3,10557,11579,5.5,0,0,0,3,0,benign_normal,BENIGN
BENIGN_NORMAL-0013,WIN-ARGUS-013,3,13,3,3,0,0,0,2.0,5,0,1,0,0,6,0.0,4.868333333333333,0.07466666666666667,0,0,0,0,4,3,3,7203,6525,6.5,0,0,0,3,0,benign_normal,BENIGN
BENIGN_NORMAL-0013,WIN-ARGUS-013,4,14,2,2,0,0,0,2.0,3,1,3,0,0,7,0.03333333333333333,5.420142857142857,0.07085714285714285,0,0,0,0,5,3,3,15575,11841,4.333333333333333,0,0,0,3,0,benign_normal,BENIGN
BENIGN_NORMAL-0013,WIN-ARGUS-013,5,12,4,4,0,0,0,2.0,2,1,3,0,0,6,0.03333333333333333,4.784666666666666,0.09733333333333333,0,0,0,0,2,2,1,6295,7965,12.0,0,0,0,3,0,benign_normal,BENIGN
BENIGN_NORMAL-0014,WIN-ARGUS-014,0,12,4,4,0,0,0,2.0,0,1,3,0,0,4,0.03333333333333333,4.2002500000000005,0.07400000000000001,0,0,0,0,3,2,2,5054,7682,4.5,1,0,1,4,0,benign_normal,BENIGN
BENIGN_NORMAL-0014,WIN-ARGUS-014,1,10,4,4,0,0,0,2.0,0,0,4,0,0,4,0.0,4.5555,0.07025,0,0,0,0,2,2,1,3739,4818,7.0,0,0,0,3,0,benign_normal,BENIGN
BENIGN_NORMAL-0014,WIN-ARGUS-014,2,11,3,3,0,0,0,2.0,1,3,0,0,0,4,0.1,5.33,0.09775,0,0,0,0,4,3,3,7481,11993,8.0,0,0,0,3,0,benign_normal,BENIGN
BENIGN_NORMAL-0014,WIN-ARGUS-014,3,12,4,4,0,0,0,2.0,2,1,2,0,0,5,0.03333333333333333,4.6566,0.0728,0,0,0,0,3,3,2,3509,5526,10.5,0,0,0,3,0,benign_normal,BENIGN
BENIGN_NORMAL-0014,WIN-ARGUS-014,4,14,2,3,0,0,0,2.0,2,0,5,0,0,7,0.0,4.674,0.0642857142857143,0,0,0,0,5,3,3,11644,8312,4.0,0,0,0,3,0,benign_normal,BENIGN
BENIGN_NORMAL-0014,WIN-ARGUS-014,5,15,4,4,0,0,0,2.0,3,2,2,0,0,7,0.06666666666666667,4.585857142857143,0.07014285714285715,0,0,0,0,4,3,3,8310,9074,8.333333333333334,0,0,0,3,0,benign_normal,BENIGN
BENIGN_NORMAL-0015,WIN-ARGUS-015,0,12,4,4,0,0,0,2.0,0,3,2,0,0,5,0.1,5.378,0.0872,0,0,0,0,2,2,1,7828,4362,5.0,1,0,1,4,0,benign_normal,BENIGN
BENIGN_NORMAL-0015,WIN-ARGUS-015,1,13,2,3,0,0,0,2.0,5,2,1,0,0,8,0.06666666666666667,5.128,0.050625,0,0,0,0,3,3,2,6679,5658,12.0,0,0,0,3,0,benign_normal,BENIGN
BENIGN_NORMAL-0015,WIN-ARGUS-015,2,11,2,2,0,0,0,2.0,0,2,2,0,0,4,0.06666666666666667,4.468,0.0405,0,0,0,0,5,3,2,13724,7150,5.75,0,0,0,3,0,benign_normal,BENIGN
BENIGN_NORMAL-0015,WIN-ARGUS-015,3,14,4,4,0,0,0,2.0,1,3,1,0,0,5,0.1,4.8138,0.06620000000000001,0,0,0,0,5,3,2,17157,14586,6.333333333333333,0,0,0,3,0,benign_normal,BENIGN
BENIGN_NORMAL-0015,WIN-ARGUS-015,4,8,2,3,0,0,0,2.0,2,1,1,0,0,4,0.03333333333333333,5.454750000000001,0.11950000000000001,0,0,0,0,2,2,1,4527,5117,27.0,0,0,0,3,0,benign_normal,BENIGN
BENIGN_NORMAL-0015,WIN-ARGUS-015,5,12,3,4,0,0,0,2.0,2,2,1,0,0,5,0.06666666666666667,5.2066,0.1006,0,0,0,0,4,2,3,7037,9760,1.6666666666666667,0,0,0,3,0,benign_normal,BENIGN
BENIGN_NORMAL-0016,WIN-ARGUS-016,0,14,4,4,0,0,0,2.0,3,0,4,0,0,7,0.0,5.030285714285713,0.09185714285714286,0,0,0,0,2,2,2,5152,5065,3.0,1,0,1,4,0,benign_normal,BENIGN
BENIGN_NORMAL-0016,WIN-ARGUS-016,1,14,4,4,0,0,0,2.0,2,3,3,0,0,8,0.1,4.9745,0.082375,0,0,0,0,2,2,1,2977,4187,1.0,0,0,0,3,0,benign_normal,BENIGN
BENIGN_NORMAL-0016,WIN-ARGUS-016,2,14,2,3,0,0,0,2.0,2,4,1,0,0,7,0.13333333333333333,5.1201428571428576,0.063,0,0,0,0,5,3,3,16819,9595,6.0,0,0,0,3,0,benign_normal,BENIGN
BENIGN_NORMAL-0016,WIN-ARGUS-016,3,9,2,3,0,0,0,2.0,2,1,1,0,0,4,0.03333333333333333,4.5455000000000005,0.13474999999999998,0,0,0,0,3,2,2,5100,8857,10.5,0,0,0,3,0,benign_normal,BENIGN
BENIGN_NORMAL-0016,WIN-ARGUS-016,4,10,2,3,0,0,0,2.0,2,2,0,0,0,4,0.06666666666666667,4.1765,0.06625,0,0,0,0,4,3,2,11031,6903,5.666666666666667,0,0,0,3,0,benign_normal,BENIGN
BENIGN_NORMAL-0016,WIN-ARGUS-016,5,12,3,3,0,0,0,2.0,2,1,2,0,0,5,0.03333333333333333,4.9155999999999995,0.0824,0,0,0,0,4,2,2,11939,11786,5.0,0,0,0,3,0,benign_normal,BENIGN
BENIGN_NORMAL-0017,WIN-ARGUS-017,0,11,2,2,0,0,0,2.0,2,2,1,0,0,5,0.06666666666666667,4.694,0.0602,0,0,0,0,3,2,3,7701,12013,6.5,1,0,1,4,0,benign_normal,BENIGN
BENIGN_NORMAL-0017,WIN-ARGUS-017,1,13,4,4,0,0,0,2.0,2,1,4,0,0,7,0.03333333333333333,4.789428571428572,0.07214285714285715,0,0,0,0,2,1,2,7720,2702,6.0,0,0,0,3,0,benign_normal,BENIGN
BENIGN_NORMAL-0017,WIN-ARGUS-017,2,9,2,3,0,0,0,2.0,2,1,2,0,0,5,0.03333333333333333,4.2956,0.0886,0,0,0,0,2,2,1,1656,6470,2.0,0,0,0,3,0,benign_normal,BENIGN
BENIGN_NORMAL-0017,WIN-ARGUS-017,3,12,2,2,0,0,0,2.0,2,2,2,0,0,6,0.06666666666666667,5.5825000000000005,0.10816666666666667,0,0,0,0,4,3,3,10098,8453,6.333333333333333,0,0,0,3,0,benign_normal,BENIGN
BENIGN_NORMAL-0017,WIN-ARGUS-017,4,15,4,4,0,0,0,2.0,4,3,1,0,0,8,0.1,4.6995000000000005,0.080125,0,0,0,0,3,2,2,5671,9079,8.5,0,0,0,3,0,benign_normal,BENIGN
BENIGN_NORMAL-0017,WIN-ARGUS-017,5,9,2,3,0,0,0,2.0,0,3,2,0,0,5,0.1,4.4056,0.0892,0,0,0,0,2,2,2,3161,6102,6.0,0,0,0,3,0,benign_normal,BENIGN
BENIGN_NORMAL-0018,WIN-ARGUS-018,0,13,2,2,0,0,0,2.0,3,1,2,0,0,6,0.03333333333333333,4.906833333333333,0.11783333333333335,0,0,0,0,4,2,3,11392,8456,9.0,1,0,1,4,0,benign_normal,BENIGN
BENIGN_NORMAL-0018,WIN-ARGUS-018,1,14,2,3,0,0,0,2.0,5,2,1,0,0,8,0.06666666666666667,5.031,0.07425000000000001,0,0,0,0,4,3,3,13265,8966,7.333333333333333,0,0,0,3,0,benign_normal,BENIGN
BENIGN_NORMAL-0018,WIN-ARGUS-018,2,11,3,3,0,0,0,2.0,3,3,0,0,0,6,0.1,5.091,0.09566666666666666,0,0,0,0,2,2,1,1870,4147,11.0,0,0,0,3,0,benign_normal,BENIGN
BENIGN_NORMAL-0018,WIN-ARGUS-018,3,12,4,4,0,0,0,2.0,0,2,4,0,0,6,0.06666666666666667,5.477333333333333,0.0555,0,0,0,0,2,2,1,6196,6174,25.0,0,0,0,3,0,benign_normal,BENIGN
BENIGN_NORMAL-0018,WIN-ARGUS-018,4,11,3,4,0,0,0,2.0,1,2,3,0,0,6,0.06666666666666667,5.257499999999999,0.07766666666666668,0,0,0,0,2,1,2,1704,9576,6.0,0,0,0,3,0,benign_normal,BENIGN
BENIGN_NORMAL-0018,WIN-ARGUS-018,5,16,4,4,0,0,0,2.0,3,2,2,0,0,7,0.06666666666666667,4.8994285714285715,0.078,0,0,0,0,5,3,3,10159,8399,6.0,0,0,0,3,0,benign_normal,BENIGN
BENIGN_NORMAL-0019,WIN-ARGUS-019,0,12,2,2,0,0,0,2.0,1,0,3,0,0,4,0.0,4.91625,0.06175,0,0,0,0,5,3,3,7358,10048,5.5,1,0,1,4,0,benign_normal,BENIGN
BENIGN_NORMAL-0019,WIN-ARGUS-019,1,14,3,3,0,0,0,2.0,3,1,2,0,0,6,0.03333333333333333,5.5125,0.06,0,0,0,0,5,3,3,11039,11726,6.75,0,0,0,3,0,benign_normal,BENIGN
BENIGN_NORMAL-0019,WIN-ARGUS-019,2,17,4,4,0,0,0,2.0,1,3,4,0,0,8,0.1,4.40525,0.09925,0,0,0,0,5,2,2,13491,16262,6.0,0,0,0,3,0,benign_normal,BENIGN
BENIGN_NORMAL-0019,WIN-ARGUS-019,3,10,3,4,0,0,0,2.0,1,2,2,0,0,5,0.06666666666666667,4.5864,0.06420000000000001,0,0,0,0,2,2,2,4583,3521,9.0,0,0,0,3,0,benign_normal,BENIGN
BENIGN_NORMAL-0019,WIN-ARGUS-019,4,11,3,3,0,0,0,2.0,3,0,2,0,0,5,0.0,5.1292,0.072,0,0,0,0,3,2,2,8601,3999,3.0,0,0,0,3,0,benign_normal,BENIGN
BENIGN_NORMAL-0019,WIN-ARGUS-019,5,14,3,4,0,0,0,2.0,3,3,0,0,0,6,0.1,5.244666666666666,0.054,0,0,0,0,5,3,3,11989,8422,7.0,0,0,0,3,0,benign_normal,BENIGN
BENIGN_NORMAL-0020,WIN-ARGUS-020,0,13,2,3,0,0,0,2.0,4,2,2,0,0,8,0.06666666666666667,4.407125,0.07775,0,0,0,0,2,2,2,6864,5689,14.0,1,0,1,4,0,benign_normal,BENIGN
BENIGN_NORMAL-0020,WIN-ARGUS-020,1,14,4,4,0,0,0,2.0,3,3,2,0,0,8,0.1,5.25225,0.10250000000000001,0,0,0,0,2,2,2,5915,1410,3.0,0,0,0,3,0,benign_normal,BENIGN
BENIGN_NORMAL-0020,WIN-ARGUS-020,2,10,2,3,0,0,0,2.0,2,1,3,0,0,6,0.03333333333333333,5.3645,0.07316666666666667,0,0,0,0,2,2,2,2982,8461,1.0,0,0,0,3,0,benign_normal,BENIGN
BENIGN_NORMAL-0020,WIN-ARGUS-020,3,15,4,4,0,0,0,2.0,3,2,3,0,0,8,0.06666666666666667,4.9083749999999995,0.084625,0,0,0,0,3,2,2,6729,10535,6.0,0,0,0,3,0,benign_normal,BENIGN
BENIGN_NORMAL-0020,WIN-ARGUS-020,4,13,3,3,0,0,0,2.0,1,4,1,0,0,6,0.13333333333333333,5.070666666666667,0.0635,0,0,0,0,4,2,2,9962,7738,8.333333333333334,0,0,0,3,0,benign_normal,BENIGN
BENIGN_NORMAL-0020,WIN-ARGUS-020,5,13,4,4,0,0,0,2.0,6,0,1,0,0,7,0.0,4.719142857142857,0.06328571428571429,0,0,0,0,2,2,1,5250,4715,2.0,0,0,0,3,0,benign_normal,BENIGN
BENIGN_NORMAL-0021,WIN-ARGUS-021,0,11,2,2,0,0,0,2.0,1,2,1,0,0,4,0.06666666666666667,4.89475,0.07450000000000001,0,0,0,0,4,2,3,13541,12913,3.0,1,0,1,4,0,benign_normal,BENIGN
BENIGN_NORMAL-0021,WIN-ARGUS-021,1,11,3,3,0,0,0,2.0,1,1,3,0,0,5,0.03333333333333333,4.8144,0.0668,0,0,0,0,3,3,2,6333,8108,2.5,0,0,0,3,0,benign_normal,BENIGN
BENIGN_NORMAL-0021,WIN-ARGUS-021,2,14,4,4,0,0,0,2.0,3,1,2,0,0,6,0.03333333333333333,4.8133333333333335,0.06566666666666666,0,0,0,0,4,3,3,13154,5463,4.5,0,0,0,3,0,benign_normal,BENIGN
BENIGN_NORMAL-0021,WIN-ARGUS-021,3,16,4,4,0,0,0,2.0,2,3,2,0,0,7,0.1,5.107714285714286,0.05928571428571428,0,0,0,0,5,3,2,9246,11858,8.666666666666666,0,0,0,3,0,benign_normal,BENIGN
BENIGN_NORMAL-0021,WIN-ARGUS-021,4,13,4,4,0,0,0,2.0,1,1,3,0,0,5,0.03333333333333333,4.3942,0.062,0,0,0,0,4,3,3,7987,13400,10.5,0,0,0,3,0,benign_normal,BENIGN
BENIGN_NORMAL-0021,WIN-ARGUS-021,5,9,2,3,0,0,0,2.0,2,1,2,0,0,5,0.03333333333333333,4.5952,0.063,0,0,0,0,2,2,2,4337,6022,20.0,0,0,0,3,0,benign_normal,BENIGN
BENIGN_NORMAL-0022,WIN-ARGUS-022,0,13,2,3,0,0,0,2.0,2,0,3,0,0,5,0.0,5.025799999999999,0.0886,0,0,0,0,5,2,3,14894,14294,4.25,1,0,1,4,0,benign_normal,BENIGN
BENIGN_NORMAL-0022,WIN-ARGUS-022,1,15,4,4,0,0,0,2.0,2,3,3,0,0,8,0.1,4.9647499999999996,0.07975,0,0,0,0,3,2,2,11777,8425,9.0,0,0,0,3,0,benign_normal,BENIGN
BENIGN_NORMAL-0022,WIN-ARGUS-022,2,9,3,3,0,0,0,2.0,0,2,2,0,0,4,0.06666666666666667,5.13925,0.04475,0,0,0,0,2,1,2,2074,1991,21.0,0,0,0,3,0,benign_normal,BENIGN
BENIGN_NORMAL-0022,WIN-ARGUS-022,3,15,2,3,0,0,0,2.0,4,2,2,0,0,8,0.06666666666666667,4.87075,0.0845,0,0,0,0,5,2,3,12182,16490,3.75,0,0,0,3,0,benign_normal,BENIGN
BENIGN_NORMAL-0022,WIN-ARGUS-022,4,12,3,3,0,0,0,2.0,3,2,2,0,0,7,0.06666666666666667,4.927,0.08771428571428572,0,0,0,0,2,2,1,5899,3497,6.0,0,0,0,3,0,benign_normal,BENIGN
BENIGN_NORMAL-0022,WIN-ARGUS-022,5,13,3,3,0,0,0,2.0,2,1,2,0,0,5,0.03333333333333333,4.4388000000000005,0.08580000000000002,0,0,0,0,5,3,1,14887,15401,3.3333333333333335,0,0,0,3,0,benign_normal,BENIGN
BENIGN_NORMAL-0023,WIN-ARGUS-023,0,12,4,4,0,0,0,2.0,1,1,2,0,0,4,0.03333333333333333,4.912,0.044,0,0,0,0,3,2,2,3704,6250,9.5,1,0,1,4,0,benign_normal,BENIGN
BENIGN_NORMAL-0023,WIN-ARGUS-023,1,14,4,4,0,0,0,2.0,2,3,0,0,0,5,0.1,5.128,0.0874,0,0,0,0,5,3,2,11986,12172,5.5,0,0,0,3,0,benign_normal,BENIGN
BENIGN_NORMAL-0023,WIN-ARGUS-023,2,13,2,3,0,0,0,2.0,1,2,3,0,0,6,0.06666666666666667,5.116499999999999,0.0755,0,0,0,0,5,3,2,8085,9309,2.5,0,0,0,3,0,benign_normal,BENIGN
BENIGN_NORMAL-0023,WIN-ARGUS-023,3,14,3,3,0,0,0,2.0,3,3,1,0,0,7,0.1,4.854285714285715,0.06742857142857143,0,0,0,0,4,2,3,9719,14845,6.333333333333333,0,0,0,3,0,benign_normal,BENIGN
BENIGN_NORMAL-0023,WIN-ARGUS-023,4,12,3,3,0,0,0,2.0,1,3,2,0,0,6,0.1,4.824000000000001,0.11083333333333334,0,0,0,0,3,1,2,2877,6949,5.0,0,0,0,3,0,benign_normal,BENIGN
BENIGN_NORMAL-0023,WIN-ARGUS-023,5,15,4,4,0,0,0,2.0,0,3,5,0,0,8,0.1,5.0265,0.059875000000000005,0,0,0,0,3,2,1,7098,9806,13.5,0,0,0,3,0,benign_normal,BENIGN
BENIGN_NORMAL-0024,WIN-ARGUS-024,0,12,3,3,0,0,0,2.0,3,1,2,0,0,6,0.03333333333333333,5.453833333333333,0.06533333333333334,0,0,0,0,2,2,2,3330,4845,13.0,1,0,1,4,0,benign_normal,BENIGN
BENIGN_NORMAL-0024,WIN-ARGUS-024,1,16,4,4,0,0,0,2.0,2,1,4,0,0,7,0.03333333333333333,4.803428571428571,0.06371428571428571,0,0,0,0,5,3,2,14801,9130,4.25,0,0,0,3,0,benign_normal,BENIGN
BENIGN_NORMAL-0024,WIN-ARGUS-024,2,14,3,3,0,0,0,2.0,4,1,2,0,0,7,0.03333333333333333,4.460142857142857,0.07471428571428572,0,0,0,0,4,3,2,9663,8509,8.0,0,0,0,3,0,benign_normal,BENIGN
BENIGN_NORMAL-0024,WIN-ARGUS-024,3,15,4,4,0,0,0,2.0,0,3,3,0,0,6,0.1,5.117333333333334,0.08333333333333333,0,0,0,0,5,3,2,6170,14454,5.333333333333333,0,0,0,3,0,benign_normal,BENIGN
BENIGN_NORMAL-0024,WIN-ARGUS-024,4,14,2,3,0,0,0,2.0,1,3,3,0,0,7,0.1,4.071857142857143,0.07585714285714286,0,0,0,0,5,3,3,12138,15488,5.25,0,0,0,3,0,benign_normal,BENIGN
BENIGN_NORMAL-0024,WIN-ARGUS-024,5,15,2,2,0,0,0,2.0,2,1,5,0,0,8,0.03333333333333333,4.489375,0.07125000000000001,0,0,0,0,5,3,3,13612,6335,3.5,0,0,0,3,0,benign_normal,BENIGN
BENIGN_NORMAL-0025,WIN-ARGUS-025,0,12,3,4,0,0,0,2.0,2,0,2,0,0,4,0.0,4.42275,0.07775,0,0,0,0,4,2,1,8502,9779,9.0,1,0,1,4,0,benign_normal,BENIGN
BENIGN_NORMAL-0025,WIN-ARGUS-025,1,10,4,4,0,0,0,2.0,1,1,2,0,0,4,0.03333333333333333,4.3717500000000005,0.054,0,0,0,0,2,2,2,4517,6203,2.0,0,0,0,3,0,benign_normal,BENIGN
BENIGN_NORMAL-0025,WIN-ARGUS-025,2,11,3,3,0,0,0,2.0,3,2,0,0,0,5,0.06666666666666667,4.9079999999999995,0.0918,0,0,0,0,3,1,2,7740,8246,10.5,0,0,0,3,0,benign_normal,BENIGN
BENIGN_NORMAL-0025,WIN-ARGUS-025,3,10,2,2,0,0,0,2.0,3,0,1,0,0,4,0.0,5.291,0.060750000000000005,0,0,0,0,4,2,3,6000,8359,6.666666666666667,0,0,0,3,0,benign_normal,BENIGN
BENIGN_NORMAL-0025,WIN-ARGUS-025,4,8,2,2,0,0,0,2.0,2,0,2,0,0,4,0.0,4.96875,0.08075,0,0,0,0,2,2,1,4473,3555,8.0,0,0,0,3,0,benign_normal,BENIGN
BENIGN_NORMAL-0025,WIN-ARGUS-025,5,10,3,4,0,0,0,2.0,2,2,1,0,0,5,0.06666666666666667,4.451,0.1024,0,0,0,0,2,2,2,5379,4283,11.0,0,0,0,3,0,benign_normal,BENIGN
BENIGN_NORMAL-0026,WIN-ARGUS-026,0,17,4,4,0,0,0,2.0,4,1,2,0,0,7,0.03333333333333333,5.500571428571428,0.07942857142857143,0,0,0,0,5,3,3,17530,8602,2.5,1,0,1,4,0,benign_normal,BENIGN
BENIGN_NORMAL-0026,WIN-ARGUS-026,1,15,2,2,0,0,0,2.0,3,1,4,0,0,8,0.03333333333333333,4.544875,0.085625,0,0,0,0,5,2,2,9321,14565,6.0,0,0,0,3,0,benign_normal,BENIGN
BENIGN_NORMAL-0026,WIN-ARGUS-026,2,15,3,3,0,0,0,2.0,3,3,2,0,0,8,0.1,4.30025,0.05925,0,0,0,0,4,3,3,7718,9877,5.0,0,0,0,3,0,benign_normal,BENIGN
BENIGN_NORMAL-0026,WIN-ARGUS-026,3,14,2,2,0,0,0,2.0,2,2,3,0,0,7,0.06666666666666667,5.0445714285714285,0.1032857142857143,0,0,0,0,5,3,3,19220,15915,5.0,0,0,0,3,0,benign_normal,BENIGN
BENIGN_NORMAL-0026,WIN-ARGUS-026,4,12,2,3,0,0,0,2.0,3,3,1,0,0,7,0.1,5.136,0.10957142857142857,0,0,0,0,3,2,3,8174,10984,10.0,0,0,0,3,0,benign_normal,BENIGN
BENIGN_NORMAL-0026,WIN-ARGUS-026,5,14,2,3,0,0,0,2.0,3,2,3,0,0,8,0.06666666666666667,4.724625,0.076625,0,0,0,0,4,2,3,13188,6580,6.0,0,0,0,3,0,benign_normal,BENIGN
BENIGN_NORMAL-0027,WIN-ARGUS-027,0,17,3,3,0,0,0,2.0,6,2,0,0,0,8,0.06666666666666667,5.13625,0.06425,0,0,0,0,5,3,3,12264,11735,4.0,1,0,1,4,0,benign_normal,BENIGN
BENIGN_NORMAL-0027,WIN-ARGUS-027,1,11,2,2,0,0,0,2.0,2,3,0,0,0,5,0.1,4.3698,0.0792,0,0,0,0,4,2,3,12088,8307,11.0,0,0,0,3,0,benign_normal,BENIGN
BENIGN_NORMAL-0027,WIN-ARGUS-027,2,10,3,3,0,0,0,2.0,1,2,1,0,0,4,0.06666666666666667,4.13375,0.06375,0,0,0,0,3,3,3,9209,7931,11.5,0,0,0,3,0,benign_normal,BENIGN
BENIGN_NORMAL-0027,WIN-ARGUS-027,3,16,3,3,0,0,0,2.0,4,1,3,0,0,8,0.03333333333333333,5.300625,0.058625,0,0,0,0,5,2,3,14173,11795,4.5,0,0,0,3,0,benign_normal,BENIGN
BENIGN_NORMAL-0027,WIN-ARGUS-027,4,13,2,2,0,0,0,2.0,5,0,3,0,0,8,0.0,4.82,0.08775,0,0,0,0,3,3,2,11323,5268,5.0,0,0,0,3,0,benign_normal,BENIGN
BENIGN_NORMAL-0027,WIN-ARGUS-027,5,11,3,4,0,0,0,2.0,1,2,1,0,0,4,0.06666666666666667,5.4575,0.0785,0,0,0,0,4,2,2,12231,8921,6.0,0,0,0,3,0,benign_normal,BENIGN
BENIGN_NORMAL-0028,WIN-ARGUS-028,0,16,3,3,0,0,0,2.0,4,3,1,0,0,8,0.1,5.32975,0.06275,0,0,0,0,4,3,3,14129,13871,5.0,1,0,1,4,0,benign_normal,BENIGN
BENIGN_NORMAL-0028,WIN-ARGUS-028,1,12,2,2,0,0,0,2.0,4,0,4,0,0,8,0.0,4.627375,0.0795,0,0,0,0,2,1,1,4012,5498,11.0,0,0,0,3,0,benign_normal,BENIGN
BENIGN_NORMAL-0028,WIN-ARGUS-028,2,15,3,3,0,0,0,2.0,2,1,4,0,0,7,0.03333333333333333,4.698857142857142,0.106,0,0,0,0,5,2,2,11783,16271,5.0,0,0,0,3,0,benign_normal,BENIGN
BENIGN_NORMAL-0028,WIN-ARGUS-028,3,14,2,2,0,0,0,2.0,2,3,2,0,0,7,0.1,4.6049999999999995,0.07885714285714286,0,0,0,0,5,3,3,18491,12460,3.75,0,0,0,3,0,benign_normal,BENIGN
BENIGN_NORMAL-0028,WIN-ARGUS-028,4,15,4,4,0,0,0,2.0,2,2,2,0,0,6,0.06666666666666667,4.716333333333333,0.06933333333333334,0,0,0,0,5,3,3,9836,19187,5.25,0,0,0,3,0,benign_normal,BENIGN
BENIGN_NORMAL-0028,WIN-ARGUS-028,5,13,2,3,0,0,0,2.0,3,4,1,0,0,8,0.13333333333333333,4.829,0.0735,0,0,0,0,3,3,1,7827,6991,5.5,0,0,0,3,0,benign_normal,BENIGN
BENIGN_NORMAL-0029,WIN-ARGUS-029,0,17,3,3,0,0,0,2.0,1,4,3,0,0,8,0.13333333333333333,4.936375,0.08687500000000001,0,0,0,0,5,3,3,14813,10051,6.5,1,0,1,4,0,benign_normal,BENIGN
BENIGN_NORMAL-0029,WIN-ARGUS-029,1,15,4,4,0,0,0,2.0,3,2,3,0,0,8,0.06666666666666667,5.34725,0.06987499999999999,0,0,0,0,3,2,2,8108,9798,2.0,0,0,0,3,0,benign_normal,BENIGN
BENIGN_NORMAL-0029,WIN-ARGUS-029,2,10,4,4,0,0,0,2.0,1,2,1,0,0,4,0.06666666666666667,5.5255,0.12025,0,0,0,0,2,2,2,5334,5045,13.0,0,0,0,3,0,benign_normal,BENIGN
BENIGN_NORMAL-0029,WIN-ARGUS-029,3,12,2,3,0,0,0,2.0,3,1,3,0,0,7,0.03333333333333333,5.102142857142857,0.076,0,0,0,0,3,2,2,9889,7219,9.5,0,0,0,3,0,benign_normal,BENIGN
BENIGN_NORMAL-0029,WIN-ARGUS-029,4,13,4,4,0,0,0,2.0,4,2,1,0,0,7,0.06666666666666667,4.8384285714285715,0.07442857142857143,0,0,0,0,2,2,2,5509,5594,0.0,0,0,0,3,0,benign_normal,BENIGN
BENIGN_NORMAL-0029,WIN-ARGUS-029,5,13,4,4,0,0,0,2.0,2,0,4,0,0,6,0.0,5.584,0.09899999999999999,0,0,0,0,3,2,2,8967,7821,3.5,0,0,0,3,0,benign_normal,BENIGN
BENIGN_NORMAL-0030,WIN-ARGUS-030,0,13,3,4,0,0,0,2.0,1,2,2,0,0,5,0.06666666666666667,5.2332,0.06820000000000001,0,0,0,0,4,2,3,5848,12209,2.0,1,0,1,4,0,benign_normal,BENIGN
BENIGN_NORMAL-0030,WIN-ARGUS-030,1,11,2,2,0,0,0,2.0,0,1,4,0,0,5,0.03333333333333333,5.0768,0.0728,0,0,0,0,4,2,2,14932,14792,3.3333333333333335,0,0,0,3,0,benign_normal,BENIGN
BENIGN_NORMAL-0030,WIN-ARGUS-030,2,13,4,4,0,0,0,2.0,2,3,1,0,0,6,0.1,4.939666666666667,0.08233333333333333,0,0,0,0,3,2,3,6214,10198,9.5,0,0,0,3,0,benign_normal,BENIGN
BENIGN_NORMAL-0030,WIN-ARGUS-030,3,11,3,3,0,0,0,2.0,2,2,2,0,0,6,0.06666666666666667,4.7604999999999995,0.051833333333333335,0,0,0,0,2,1,1,9783,7136,5.0,0,0,0,3,0,benign_normal,BENIGN
BENIGN_NORMAL-0030,WIN-ARGUS-030,4,16,4,4,0,0,0,2.0,3,3,2,0,0,8,0.1,5.432125,0.092875,0,0,0,0,4,2,3,7595,12488,4.666666666666667,0,0,0,3,0,benign_normal,BENIGN
BENIGN_NORMAL-0030,WIN-ARGUS-030,5,14,4,4,0,0,0,2.0,3,0,5,0,0,8,0.0,4.52525,0.10475000000000001,0,0,0,0,2,1,2,6002,6789,5.0,0,0,0,3,0,benign_normal,BENIGN
BENIGN_NORMAL-0031,WIN-ARGUS-031,0,14,2,2,0,0,0,2.0,2,2,4,0,0,8,0.06666666666666667,4.958375,0.076375,0,0,0,0,3,2,2,9367,5484,4.0,1,0,1,4,0,benign_normal,BENIGN
BENIGN_NORMAL-0031,WIN-ARGUS-031,1,13,4,4,0,0,0,2.0,2,1,1,0,0,4,0.03333333333333333,5.12,0.10600000000000001,0,0,0,0,5,3,3,13220,8792,5.5,0,0,0,3,0,benign_normal,BENIGN
BENIGN_NORMAL-0031,WIN-ARGUS-031,2,11,3,3,0,0,0,2.0,1,1,3,0,0,5,0.03333333333333333,4.8073999999999995,0.08820000000000001,0,0,0,0,3,3,2,8184,5401,3.0,0,0,0,3,0,benign_normal,BENIGN
BENIGN_NORMAL-0031,WIN-ARGUS-031,3,14,3,3,0,0,0,2.0,1,3,2,0,0,6,0.1,4.800333333333334,0.09033333333333333,0,0,0,0,5,3,3,14364,9583,4.25,0,0,0,3,0,benign_normal,BENIGN
BENIGN_NORMAL-0031,WIN-ARGUS-031,4,14,3,3,0,0,0,2.0,0,2,4,0,0,6,0.06666666666666667,4.698833333333333,0.06983333333333333,0,0,0,0,5,3,3,12388,10749,4.5,0,0,0,3,0,benign_normal,BENIGN
BENIGN_NORMAL-0031,WIN-ARGUS-031,5,12,3,4,0,0,0,2.0,2,1,1,0,0,4,0.03333333333333333,4.845,0.06575,0,0,0,0,5,3,3,20589,17011,3.0,0,0,0,3,0,benign_normal,BENIGN
BENIGN_NORMAL-0032,WIN-ARGUS-032,0,13,3,3,0,0,0,2.0,1,2,3,0,0,6,0.06666666666666667,5.207833333333333,0.06583333333333334,0,0,0,0,3,1,1,9670,8497,10.0,1,0,1,4,0,benign_normal,BENIGN
BENIGN_NORMAL-0032,WIN-ARGUS-032,1,11,4,4,0,0,0,2.0,3,1,1,0,0,5,0.03333333333333333,5.4718,0.1044,0,0,0,0,2,2,2,6071,7653,12.0,0,0,0,3,0,benign_normal,BENIGN
BENIGN_NORMAL-0032,WIN-ARGUS-032,2,12,4,4,0,0,0,2.0,2,2,0,0,0,4,0.06666666666666667,4.731,0.097,0,0,0,0,4,3,2,9639,9598,7.333333333333333,0,0,0,3,0,benign_normal,BENIGN
BENIGN_NORMAL-0032,WIN-ARGUS-032,3,13,2,2,0,0,0,2.0,3,1,4,0,0,8,0.03333333333333333,4.636625,0.085875,0,0,0,0,3,3,3,2983,4699,5.5,0,0,0,3,0,benign_normal,BENIGN
BENIGN_NORMAL-0032,WIN-ARGUS-032,4,10,2,3,0,0,0,2.0,2,1,1,0,0,4,0.03333333333333333,4.931,0.037500000000000006,0,0,0,0,4,3,2,6757,10876,8.333333333333334,0,0,0,3,0,benign_normal,BENIGN
BENIGN_NORMAL-0032,WIN-ARGUS-032,5,13,3,3,0,0,0,2.0,3,2,0,0,0,5,0.06666666666666667,5.110200000000001,0.07060000000000001,0,0,0,0,5,3,2,16599,8180,3.75,0,0,0,3,0,benign_normal,BENIGN
BENIGN_NORMAL-0033,WIN-ARGUS-033,0,11,2,3,0,0,0,2.0,1,1,2,0,0,4,0.03333333333333333,4.912,0.0645,0,0,0,0,4,3,2,6037,13938,5.666666666666667,1,0,1,4,0,benign_normal,BENIGN
BENIGN_NORMAL-0033,WIN-ARGUS-033,1,15,4,4,0,0,0,2.0,1,3,2,0,0,6,0.1,5.453833333333333,0.10133333333333333,0,0,0,0,5,3,2,12026,10983,6.0,0,0,0,3,0,benign_normal,BENIGN
BENIGN_NORMAL-0033,WIN-ARGUS-033,2,17,4,4,0,0,0,2.0,4,3,1,0,0,8,0.1,4.882625,0.08700000000000001,0,0,0,0,5,3,2,10553,13118,4.0,0,0,0,3,0,benign_normal,BENIGN
BENIGN_NORMAL-0033,WIN-ARGUS-033,3,13,3,3,0,0,0,2.0,4,1,3,0,0,8,0.03333333333333333,5.226375,0.07300000000000001,0,0,0,0,2,1,2,2239,6759,12.0,0,0,0,3,0,benign_normal,BENIGN
BENIGN_NORMAL-0033,WIN-ARGUS-033,4,14,4,4,0,0,0,2.0,3,2,2,0,0,7,0.06666666666666667,5.1452857142857145,0.07457142857142858,0,0,0,0,3,3,2,5889,4857,6.5,0,0,0,3,0,benign_normal,BENIGN
BENIGN_NORMAL-0033,WIN-ARGUS-033,5,16,3,3,0,0,0,2.0,3,1,4,0,0,8,0.03333333333333333,5.150125,0.07250000000000001,0,0,0,0,5,3,3,15660,15825,8.333333333333334,0,0,0,3,0,benign_normal,BENIGN
BENIGN_NORMAL-0034,WIN-ARGUS-034,0,14,4,4,0,0,0,2.0,1,2,3,0,0,6,0.06666666666666667,5.4093333333333335,0.10566666666666667,0,0,0,0,3,2,2,11880,7454,7.5,1,0,1,4,0,benign_normal,BENIGN
BENIGN_NORMAL-0034,WIN-ARGUS-034,1,9,2,2,0,0,0,2.0,1,2,2,0,0,5,0.06666666666666667,5.236,0.0962,0,0,0,0,2,1,1,5191,4802,4.0,0,0,0,3,0,benign_normal,BENIGN
BENIGN_NORMAL-0034,WIN-ARGUS-034,2,13,3,3,0,0,0,2.0,2,3,0,0,0,5,0.1,5.7014,0.0668,0,0,0,0,5,1,2,9537,15147,6.75,0,0,0,3,0,benign_normal,BENIGN
BENIGN_NORMAL-0034,WIN-ARGUS-034,3,13,3,3,0,0,0,2.0,2,3,2,0,0,7,0.1,5.422714285714286,0.09642857142857143,0,0,0,0,3,3,3,4199,8578,11.5,0,0,0,3,0,benign_normal,BENIGN
BENIGN_NORMAL-0034,WIN-ARGUS-034,4,14,3,3,0,0,0,2.0,2,2,2,0,0,6,0.06666666666666667,4.963333333333333,0.07133333333333333,0,0,0,0,5,3,2,9051,11085,6.0,0,0,0,3,0,benign_normal,BENIGN
BENIGN_NORMAL-0034,WIN-ARGUS-034,5,12,2,2,0,0,0,2.0,3,4,1,0,0,8,0.13333333333333333,5.725375,0.109125,0,0,0,0,2,2,2,9487,6557,1.0,0,0,0,3,0,benign_normal,BENIGN
BENIGN_NORMAL-0035,WIN-ARGUS-035,0,16,3,3,0,0,0,2.0,3,3,1,0,0,7,0.1,5.433285714285715,0.0662857142857143,0,0,0,0,5,3,2,12093,10150,6.666666666666667,1,0,1,4,0,benign_normal,BENIGN
BENIGN_NORMAL-0035,WIN-ARGUS-035,1,13,3,3,0,0,0,2.0,3,2,2,0,0,7,0.06666666666666667,4.323857142857142,0.08842857142857143,0,0,0,0,3,2,2,5600,10940,12.0,0,0,0,3,0,benign_normal,BENIGN
BENIGN_NORMAL-0035,WIN-ARGUS-035,2,9,3,3,0,0,0,2.0,3,1,0,0,0,4,0.03333333333333333,4.6665,0.06625,0,0,0,0,2,1,2,9698,7831,25.0,0,0,0,3,0,benign_normal,BENIGN
BENIGN_NORMAL-0035,WIN-ARGUS-035,3,14,4,4,0,0,0,2.0,1,2,2,0,0,5,0.06666666666666667,5.1004,0.06960000000000001,0,0,0,0,5,2,2,13368,13159,4.5,0,0,0,3,0,benign_normal,BENIGN
BENIGN_NORMAL-0035,WIN-ARGUS-035,4,10,3,4,0,0,0,2.0,3,0,1,0,0,4,0.0,5.2635,0.071,0,0,0,0,3,3,2,5864,8789,11.0,0,0,0,3,0,benign_normal,BENIGN
BENIGN_NORMAL-0035,WIN-ARGUS-035,5,13,2,2,0,0,0,2.0,4,1,1,0,0,6,0.03333333333333333,5.625666666666667,0.07333333333333333,0,0,0,0,5,3,2,11953,12514,7.0,0,0,0,3,0,benign_normal,BENIGN
BENIGN_NORMAL-0036,WIN-ARGUS-036,0,14,4,4,0,0,0,2.0,2,3,1,0,0,6,0.1,4.9590000000000005,0.09383333333333334,0,0,0,0,3,2,2,5196,2831,2.5,1,0,1,4,0,benign_normal,BENIGN
BENIGN_NORMAL-0036,WIN-ARGUS-036,1,13,4,4,0,0,0,2.0,1,2,4,0,0,7,0.06666666666666667,4.571571428571429,0.09528571428571429,0,0,0,0,2,2,1,7053,3672,5.0,0,0,0,3,0,benign_normal,BENIGN
BENIGN_NORMAL-0036,WIN-ARGUS-036,2,12,3,4,0,0,0,2.0,2,2,1,0,0,5,0.06666666666666667,5.1918,0.07020000000000001,0,0,0,0,4,2,2,8084,8728,6.666666666666667,0,0,0,3,0,benign_normal,BENIGN
BENIGN_NORMAL-0036,WIN-ARGUS-036,3,12,4,4,0,0,0,2.0,1,1,2,0,0,4,0.03333333333333333,4.66325,0.07825,0,0,0,0,4,3,2,9664,13291,6.0,0,0,0,3,0,benign_normal,BENIGN
BENIGN_NORMAL-0036,WIN-ARGUS-036,4,10,2,2,0,0,0,2.0,2,1,3,0,0,6,0.03333333333333333,5.0475,0.09333333333333334,0,0,0,0,2,1,2,6548,8556,4.0,0,0,0,3,0,benign_normal,BENIGN
BENIGN_NORMAL-0036,WIN-ARGUS-036,5,15,4,4,0,0,0,2.0,2,3,3,0,0,8,0.1,4.985875,0.07225000000000001,0,0,0,0,3,2,3,2272,5174,9.5,0,0,0,3,0,benign_normal,BENIGN
BENIGN_NORMAL-0037,WIN-ARGUS-037,0,15,3,4,0,0,0,2.0,4,2,1,0,0,7,0.06666666666666667,4.582,0.067,0,0,0,0,4,2,2,8317,14874,9.333333333333334,1,0,1,4,0,benign_normal,BENIGN
BENIGN_NORMAL-0037,WIN-ARGUS-037,1,9,2,3,0,0,0,2.0,1,3,1,0,0,5,0.1,5.336799999999999,0.1072,0,0,0,0,2,2,2,5888,3142,5.0,0,0,0,3,0,benign_normal,BENIGN
BENIGN_NORMAL-0037,WIN-ARGUS-037,2,11,2,2,0,0,0,2.0,1,1,2,0,0,4,0.03333333333333333,5.14825,0.0965,0,0,0,0,5,2,3,14834,17410,6.0,0,0,0,3,0,benign_normal,BENIGN
BENIGN_NORMAL-0037,WIN-ARGUS-037,3,9,3,4,0,0,0,2.0,0,2,2,0,0,4,0.06666666666666667,5.64175,0.0735,0,0,0,0,2,2,2,5315,7435,7.0,0,0,0,3,0,benign_normal,BENIGN
BENIGN_NORMAL-0037,WIN-ARGUS-037,4,14,4,4,0,0,0,2.0,2,2,1,0,0,5,0.06666666666666667,4.8629999999999995,0.077,0,0,0,0,5,2,3,15828,10387,3.75,0,0,0,3,0,benign_normal,BENIGN
BENIGN_NORMAL-0037,WIN-ARGUS-037,5,8,2,2,0,0,0,2.0,0,1,3,0,0,4,0.03333333333333333,5.07475,0.093,0,0,0,0,2,2,2,6814,6098,5.0,0,0,0,3,0,benign_normal,BENIGN
BENIGN_NORMAL-0038,WIN-ARGUS-038,0,13,4,4,0,0,0,2.0,1,4,0,0,0,5,0.13333333333333333,4.2868,0.0656,0,0,0,0,3,3,2,6128,6998,8.5,1,0,1,4,0,benign_normal,BENIGN
BENIGN_NORMAL-0038,WIN-ARGUS-038,1,15,3,3,0,0,0,2.0,3,3,1,0,0,7,0.1,4.792,0.05085714285714286,0,0,0,0,5,3,3,10627,12230,7.0,0,0,0,3,0,benign_normal,BENIGN
BENIGN_NORMAL-0038,WIN-ARGUS-038,2,15,4,4,0,0,0,2.0,0,1,7,0,0,8,0.03333333333333333,4.556375,0.07500000000000001,0,0,0,0,3,2,1,5870,6673,7.0,0,0,0,3,0,benign_normal,BENIGN
BENIGN_NORMAL-0038,WIN-ARGUS-038,3,14,3,4,0,0,0,2.0,4,2,1,0,0,7,0.06666666666666667,4.403,0.07028571428571428,0,0,0,0,4,3,3,9782,9425,9.0,0,0,0,3,0,benign_normal,BENIGN
BENIGN_NORMAL-0038,WIN-ARGUS-038,4,11,2,2,0,0,0,2.0,1,3,3,0,0,7,0.1,4.187571428571429,0.08614285714285715,0,0,0,0,2,2,1,4399,7999,5.0,0,0,0,3,0,benign_normal,BENIGN
BENIGN_NORMAL-0038,WIN-ARGUS-038,5,15,4,4,0,0,0,2.0,3,2,3,0,0,8,0.06666666666666667,4.8795,0.050375,0,0,0,0,3,3,2,4336,9212,2.0,0,0,0,3,0,benign_normal,BENIGN
BENIGN_NORMAL-0039,WIN-ARGUS-039,0,13,2,3,0,0,0,2.0,2,1,4,0,0,7,0.03333333333333333,5.091142857142857,0.06942857142857142,0,0,0,0,3,2,3,9224,2566,8.5,1,0,1,4,0,benign_normal,BENIGN
BENIGN_NORMAL-0039,WIN-ARGUS-039,1,12,3,4,0,0,0,2.0,2,1,3,0,0,6,0.03333333333333333,5.549666666666667,0.07233333333333333,0,0,0,0,3,2,2,6161,7194,6.0,0,0,0,3,0,benign_normal,BENIGN
BENIGN_NORMAL-0039,WIN-ARGUS-039,2,12,4,4,0,0,0,2.0,3,2,0,0,0,5,0.06666666666666667,5.1674,0.08360000000000001,0,0,0,0,3,3,2,10089,7385,10.0,0,0,0,3,0,benign_normal,BENIGN
BENIGN_NORMAL-0039,WIN-ARGUS-039,3,8,2,3,0,0,0,2.0,1,2,1,0,0,4,0.06666666666666667,5.12925,0.078,0,0,0,0,2,2,2,2873,5046,11.0,0,0,0,3,0,benign_normal,BENIGN
BENIGN_NORMAL-0039,WIN-ARGUS-039,4,12,3,3,0,0,0,2.0,2,2,2,0,0,6,0.06666666666666667,4.818666666666666,0.09200000000000001,0,0,0,0,3,2,2,3507,6598,12.0,0,0,0,3,0,benign_normal,BENIGN
BENIGN_NORMAL-0039,WIN-ARGUS-039,5,12,2,2,0,0,0,2.0,2,3,3,0,0,8,0.1,4.75525,0.103375,0,0,0,0,2,1,2,6265,3650,7.0,0,0,0,3,0,benign_normal,BENIGN
BENIGN_NORMAL-0040,WIN-ARGUS-040,0,17,3,3,0,0,0,2.0,2,3,3,0,0,8,0.1,4.9105,0.058625000000000003,0,0,0,0,5,3,3,16234,10832,8.666666666666666,1,0,1,4,0,benign_normal,BENIGN
BENIGN_NORMAL-0040,WIN-ARGUS-040,1,10,2,2,0,0,0,2.0,3,0,1,0,0,4,0.0,4.79575,0.07100000000000001,0,0,0,0,4,1,3,7318,11183,8.666666666666666,0,0,0,3,0,benign_normal,BENIGN
BENIGN_NORMAL-0040,WIN-ARGUS-040,2,14,4,4,0,0,0,2.0,3,3,0,0,0,6,0.1,5.097666666666666,0.084,0,0,0,0,4,2,2,8196,8477,9.0,0,0,0,3,0,benign_normal,BENIGN
BENIGN_NORMAL-0040,WIN-ARGUS-040,3,11,4,4,0,0,0,2.0,2,1,1,0,0,4,0.03333333333333333,5.189,0.09375,0,0,0,0,3,2,2,5223,3203,6.5,0,0,0,3,0,benign_normal,BENIGN
BENIGN_NORMAL-0040,WIN-ARGUS-040,4,14,4,4,0,0,0,2.0,1,3,1,0,0,5,0.1,5.2372,0.066,0,0,0,0,5,3,3,11916,12112,5.0,0,0,0,3,0,benign_normal,BENIGN
BENIGN_NORMAL-0040,WIN-ARGUS-040,5,12,2,2,0,0,0,2.0,1,2,2,0,0,5,0.06666666666666667,5.136799999999999,0.07339999999999999,0,0,0,0,5,3,3,11815,8419,3.3333333333333335,0,0,0,3,0,benign_normal,BENIGN
BENIGN_NORMAL-0041,WIN-ARGUS-041,0,12,2,3,0,0,0,2.0,0,1,3,0,0,4,0.03333333333333333,5.4925,0.0695,0,0,0,0,5,3,2,7727,7536,2.75,1,0,1,4,0,benign_normal,BENIGN
BENIGN_NORMAL-0041,WIN-ARGUS-041,1,13,2,3,0,0,0,2.0,7,0,1,0,0,8,0.0,4.9243749999999995,0.085625,0,0,0,0,3,3,2,8906,4625,10.5,0,0,0,3,0,benign_normal,BENIGN
BENIGN_NORMAL-0041,WIN-ARGUS-041,2,13,3,3,0,0,0,2.0,2,1,2,0,0,5,0.03333333333333333,5.098000000000001,0.055200000000000006,0,0,0,0,5,3,3,12546,10398,4.0,0,0,0,3,0,benign_normal,BENIGN
BENIGN_NORMAL-0041,WIN-ARGUS-041,3,9,2,3,0,0,0,2.0,1,1,3,0,0,5,0.03333333333333333,4.799799999999999,0.0442,0,0,0,0,2,2,1,5898,3279,2.0,0,0,0,3,0,benign_normal,BENIGN
BENIGN_NORMAL-0041,WIN-ARGUS-041,4,13,2,3,0,0,0,2.0,3,1,2,0,0,6,0.03333333333333333,4.259333333333333,0.05983333333333333,0,0,0,0,5,3,3,10390,15989,6.5,0,0,0,3,0,benign_normal,BENIGN
BENIGN_NORMAL-0041,WIN-ARGUS-041,5,14,4,4,0,0,0,2.0,0,1,4,0,0,5,0.03333333333333333,4.3972,0.0722,0,0,0,0,5,2,2,13175,12714,5.0,0,0,0,3,0,benign_normal,BENIGN
BENIGN_NORMAL-0042,WIN-ARGUS-042,0,16,2,3,0,0,0,2.0,3,2,3,0,0,8,0.06666666666666667,5.05625,0.083625,0,0,0,0,5,3,3,18134,12593,8.333333333333334,1,0,1,4,0,benign_normal,BENIGN
BENIGN_NORMAL-0042,WIN-ARGUS-042,1,14,4,4,0,0,0,2.0,1,3,4,0,0,8,0.1,4.921,0.07212500000000001,0,0,0,0,2,2,2,2287,6323,11.0,0,0,0,3,0,benign_normal,BENIGN
BENIGN_NORMAL-0042,WIN-ARGUS-042,2,14,4,4,0,0,0,2.0,3,1,2,0,0,6,0.03333333333333333,4.810666666666667,0.09799999999999999,0,0,0,0,4,2,3,14001,12803,6.0,0,0,0,3,0,benign_normal,BENIGN
BENIGN_NORMAL-0042,WIN-ARGUS-042,3,12,4,4,0,0,0,2.0,2,2,1,0,0,5,0.06666666666666667,5.3073999999999995,0.0682,0,0,0,0,3,1,2,11497,3406,6.0,0,0,0,3,0,benign_normal,BENIGN
BENIGN_NORMAL-0042,WIN-ARGUS-042,4,15,4,4,0,0,0,2.0,2,0,4,0,0,6,0.0,5.032,0.08600000000000001,0,0,0,0,5,2,3,9900,13582,6.75,0,0,0,3,0,benign_normal,BENIGN
BENIGN_NORMAL-0042,WIN-ARGUS-042,5,12,3,3,0,0,0,2.0,1,2,2,0,0,5,0.06666666666666667,5.066,0.06659999999999999,0,0,0,0,4,2,2,11214,5251,6.0,0,0,0,3,0,benign_normal,BENIGN
BENIGN_NORMAL-0043,WIN-ARGUS-043,0,13,2,2,0,0,0,2.0,1,2,2,0,0,5,0.06666666666666667,4.695,0.0866,0,0,0,0,5,2,2,15492,14456,2.75,1,0,1,4,0,benign_normal,BENIGN
BENIGN_NORMAL-0043,WIN-ARGUS-043,1,12,3,3,0,0,0,2.0,4,1,0,0,0,5,0.03333333333333333,5.4354,0.0454,0,0,0,0,4,2,3,9927,8110,4.0,0,0,0,3,0,benign_normal,BENIGN
BENIGN_NORMAL-0043,WIN-ARGUS-043,2,10,4,4,0,0,0,2.0,1,1,2,0,0,4,0.03333333333333333,5.49775,0.08725,0,0,0,0,2,1,1,5219,4080,1.0,0,0,0,3,0,benign_normal,BENIGN
BENIGN_NORMAL-0043,WIN-ARGUS-043,3,14,3,3,0,0,0,2.0,3,1,3,0,0,7,0.03333333333333333,5.372,0.055,0,0,0,0,4,3,2,9711,9230,6.0,0,0,0,3,0,benign_normal,BENIGN
BENIGN_NORMAL-0043,WIN-ARGUS-043,4,13,3,3,0,0,0,2.0,1,4,3,0,0,8,0.13333333333333333,4.905125,0.066875,0,0,0,0,2,2,2,4106,7127,9.0,0,0,0,3,0,benign_normal,BENIGN
BENIGN_NORMAL-0043,WIN-ARGUS-043,5,9,3,3,0,0,0,2.0,2,1,1,0,0,4,0.03333333333333333,4.96575,0.099,0,0,0,0,2,2,2,5175,5016,7.0,0,0,0,3,0,benign_normal,BENIGN
BENIGN_NORMAL-0044,WIN-ARGUS-044,0,16,4,4,0,0,0,2.0,3,1,2,0,0,6,0.03333333333333333,4.953,0.05816666666666667,0,0,0,0,5,3,3,16671,14364,8.666666666666666,1,0,1,4,0,benign_normal,BENIGN
BENIGN_NORMAL-0044,WIN-ARGUS-044,1,10,2,2,0,0,0,2.0,1,2,1,0,0,4,0.06666666666666667,4.7805,0.0685,0,0,0,0,4,3,2,14101,8587,4.666666666666667,0,0,0,3,0,benign_normal,BENIGN
BENIGN_NORMAL-0044,WIN-ARGUS-044,2,10,3,3,0,0,0,2.0,2,1,2,0,0,5,0.03333333333333333,5.4016,0.11320000000000001,0,0,0,0,2,2,1,6463,2152,10.0,0,0,0,3,0,benign_normal,BENIGN
BENIGN_NORMAL-0044,WIN-ARGUS-044,3,13,3,4,0,0,0,2.0,2,1,4,0,0,7,0.03333333333333333,4.635285714285715,0.08414285714285714,0,0,0,0,3,2,2,8173,10021,10.5,0,0,0,3,0,benign_normal,BENIGN
BENIGN_NORMAL-0044,WIN-ARGUS-044,4,13,2,3,0,0,0,2.0,2,1,5,0,0,8,0.03333333333333333,4.4045,0.079625,0,0,0,0,3,2,1,6948,7845,3.0,0,0,0,3,0,benign_normal,BENIGN
BENIGN_NORMAL-0044,WIN-ARGUS-044,5,12,4,4,0,0,0,2.0,3,1,2,0,0,6,0.03333333333333333,5.492333333333334,0.0795,0,0,0,0,2,2,1,5855,5770,6.0,0,0,0,3,0,benign_normal,BENIGN
BENIGN_NORMAL-0045,WIN-ARGUS-045,0,11,2,2,0,0,0,2.0,1,1,2,0,0,4,0.03333333333333333,4.9215,0.07725,0,0,0,0,4,2,3,9248,10229,6.333333333333333,1,0,1,4,0,benign_normal,BENIGN
BENIGN_NORMAL-0045,WIN-ARGUS-045,1,12,3,3,0,0,0,2.0,5,2,0,0,0,7,0.06666666666666667,4.636857142857143,0.09214285714285715,0,0,0,0,2,2,2,3309,4621,12.0,0,0,0,3,0,benign_normal,BENIGN
BENIGN_NORMAL-0045,WIN-ARGUS-045,2,9,2,2,0,0,0,2.0,2,1,1,0,0,4,0.03333333333333333,5.0045,0.11,0,0,0,0,3,2,2,8538,3352,12.5,0,0,0,3,0,benign_normal,BENIGN
BENIGN_NORMAL-0045,WIN-ARGUS-045,3,12,3,3,0,0,0,2.0,1,2,1,0,0,4,0.06666666666666667,5.6295,0.07425,0,0,0,0,5,3,3,13011,15171,4.75,0,0,0,3,0,benign_normal,BENIGN
BENIGN_NORMAL-0045,WIN-ARGUS-045,4,15,2,3,0,0,0,2.0,3,2,3,0,0,8,0.06666666666666667,5.349625,0.10925,0,0,0,0,5,2,3,11992,7514,6.25,0,0,0,3,0,benign_normal,BENIGN
BENIGN_NORMAL-0045,WIN-ARGUS-045,5,13,3,3,0,0,0,2.0,1,3,3,0,0,7,0.1,4.6571428571428575,0.0662857142857143,0,0,0,0,3,1,3,9213,8564,6.0,0,0,0,3,0,benign_normal,BENIGN
BENIGN_NORMAL-0046,WIN-ARGUS-046,0,11,2,3,0,0,0,2.0,2,1,2,0,0,5,0.03333333333333333,5.0346,0.0918,0,0,0,0,3,2,3,7326,6171,5.5,1,0,1,4,0,benign_normal,BENIGN
BENIGN_NORMAL-0046,WIN-ARGUS-046,1,15,4,4,0,0,0,2.0,2,2,3,0,0,7,0.06666666666666667,5.441142857142857,0.09214285714285715,0,0,0,0,4,3,3,6131,5596,6.0,0,0,0,3,0,benign_normal,BENIGN
BENIGN_NORMAL-0046,WIN-ARGUS-046,2,13,2,3,0,0,0,2.0,2,3,3,0,0,8,0.1,5.0200000000000005,0.07525,0,0,0,0,3,3,2,10591,8915,9.0,0,0,0,3,0,benign_normal,BENIGN
BENIGN_NORMAL-0046,WIN-ARGUS-046,3,14,4,4,0,0,0,2.0,1,1,3,0,0,5,0.03333333333333333,4.651999999999999,0.0748,0,0,0,0,5,3,2,11267,15608,4.25,0,0,0,3,0,benign_normal,BENIGN
BENIGN_NORMAL-0046,WIN-ARGUS-046,4,14,3,4,0,0,0,2.0,3,0,3,0,0,6,0.0,5.235,0.109,0,0,0,0,5,3,3,14831,12145,7.666666666666667,0,0,0,3,0,benign_normal,BENIGN
BENIGN_NORMAL-0046,WIN-ARGUS-046,5,14,3,3,0,0,0,2.0,2,2,4,0,0,8,0.06666666666666667,5.03075,0.08,0,0,0,0,3,2,1,3313,8812,12.5,0,0,0,3,0,benign_normal,BENIGN
BENIGN_NORMAL-0047,WIN-ARGUS-047,0,12,2,2,0,0,0,2.0,5,1,1,0,0,7,0.03333333333333333,4.7658571428571435,0.09442857142857143,0,0,0,0,2,1,1,2456,5179,12.0,1,0,1,4,0,benign_normal,BENIGN
BENIGN_NORMAL-0047,WIN-ARGUS-047,1,11,3,3,0,0,0,2.0,1,3,0,0,0,4,0.1,5.4239999999999995,0.10350000000000001,0,0,0,0,4,2,3,7843,9477,4.333333333333333,0,0,0,3,0,benign_normal,BENIGN
BENIGN_NORMAL-0047,WIN-ARGUS-047,2,13,4,4,0,0,0,2.0,3,0,4,0,0,7,0.0,5.139285714285714,0.07228571428571429,0,0,0,0,2,2,2,1960,7748,13.0,0,0,0,3,0,benign_normal,BENIGN
BENIGN_NORMAL-0047,WIN-ARGUS-047,3,14,3,3,0,0,0,2.0,2,1,5,0,0,8,0.03333333333333333,5.063375,0.066625,0,0,0,0,3,2,2,6207,6862,8.5,0,0,0,3,0,benign_normal,BENIGN
BENIGN_NORMAL-0047,WIN-ARGUS-047,4,14,4,4,0,0,0,2.0,1,2,3,0,0,6,0.06666666666666667,5.212833333333333,0.07466666666666667,0,0,0,0,4,2,3,9329,16243,5.333333333333333,0,0,0,3,0,benign_normal,BENIGN
BENIGN_NORMAL-0047,WIN-ARGUS-047,5,10,3,3,0,0,0,2.0,1,2,1,0,0,4,0.06666666666666667,4.90325,0.095,0,0,0,0,3,1,2,7586,7527,4.0,0,0,0,3,0,benign_normal,BENIGN
BENIGN_NORMAL-0048,WIN-ARGUS-048,0,13,4,4,0,0,0,2.0,0,2,4,0,0,6,0.06666666666666667,4.815833333333333,0.06,0,0,0,0,2,1,2,3766,2786,14.0,1,0,1,4,0,benign_normal,BENIGN
BENIGN_NORMAL-0048,WIN-ARGUS-048,1,12,4,4,0,0,0,2.0,1,3,0,0,0,4,0.1,4.96125,0.06425,0,0,0,0,4,2,2,8108,6011,12.0,0,0,0,3,0,benign_normal,BENIGN
BENIGN_NORMAL-0048,WIN-ARGUS-048,2,14,2,2,0,0,0,2.0,3,5,0,0,0,8,0.16666666666666666,5.109125,0.08225,0,0,0,0,4,1,2,7580,7872,5.666666666666667,0,0,0,3,0,benign_normal,BENIGN
BENIGN_NORMAL-0048,WIN-ARGUS-048,3,15,4,4,0,0,0,2.0,0,2,6,0,0,8,0.06666666666666667,5.023625,0.085375,0,0,0,0,3,2,1,6302,3728,6.5,0,0,0,3,0,benign_normal,BENIGN
BENIGN_NORMAL-0048,WIN-ARGUS-048,4,15,4,4,0,0,0,2.0,5,2,1,0,0,8,0.06666666666666667,4.659875,0.09475,0,0,0,0,3,1,1,3211,1968,5.0,0,0,0,3,0,benign_normal,BENIGN
BENIGN_NORMAL-0048,WIN-ARGUS-048,5,11,4,4,0,0,0,2.0,2,2,1,0,0,5,0.06666666666666667,5.026000000000001,0.09319999999999999,0,0,0,0,2,2,2,1711,1741,3.0,0,0,0,3,0,benign_normal,BENIGN
BENIGN_NORMAL-0049,WIN-ARGUS-049,0,11,2,2,0,0,0,2.0,2,1,2,0,0,5,0.03333333333333333,4.9246,0.0568,0,0,0,0,3,2,1,5889,7639,8.0,1,0,1,4,0,benign_normal,BENIGN
BENIGN_NORMAL-0049,WIN-ARGUS-049,1,10,2,2,0,0,0,2.0,2,2,1,0,0,5,0.06666666666666667,5.6806,0.1162,0,0,0,0,3,2,2,5888,7935,10.5,0,0,0,3,0,benign_normal,BENIGN
BENIGN_NORMAL-0049,WIN-ARGUS-049,2,15,4,4,0,0,0,2.0,2,4,2,0,0,8,0.13333333333333333,4.8415,0.085875,0,0,0,0,3,2,2,7920,6170,4.5,0,0,0,3,0,benign_normal,BENIGN
BENIGN_NORMAL-0049,WIN-ARGUS-049,3,10,4,4,0,0,0,2.0,1,0,3,0,0,4,0.0,5.009,0.10025,0,0,0,0,2,2,2,1816,6356,2.0,0,0,0,3,0,benign_normal,BENIGN
BENIGN_NORMAL-0049,WIN-ARGUS-049,4,15,3,3,0,0,0,2.0,5,1,1,0,0,7,0.03333333333333333,4.933428571428571,0.07071428571428572,0,0,0,0,5,3,3,12143,10053,6.333333333333333,0,0,0,3,0,benign_normal,BENIGN
BENIGN_NORMAL-0049,WIN-ARGUS-049,5,13,3,3,0,0,0,2.0,0,4,3,0,0,7,0.13333333333333333,5.162714285714286,0.08157142857142856,0,0,0,0,3,2,2,7614,5418,8.5,0,0,0,3,0,benign_normal,BENIGN
BENIGN_NORMAL-0050,WIN-ARGUS-050,0,15,3,3,0,0,0,2.0,2,1,3,0,0,6,0.03333333333333333,4.6851666666666665,0.07566666666666667,0,0,0,0,5,2,2,10248,12974,6.0,1,0,1,4,0,benign_normal,BENIGN
BENIGN_NORMAL-0050,WIN-ARGUS-050,1,9,3,4,0,0,0,2.0,2,0,2,0,0,4,0.0,4.32425,0.0875,0,0,0,0,2,2,2,5881,4043,20.0,0,0,0,3,0,benign_normal,BENIGN
BENIGN_NORMAL-0050,WIN-ARGUS-050,2,13,2,3,0,0,0,2.0,3,3,2,0,0,8,0.1,4.77425,0.08975,0,0,0,0,3,3,2,8059,6036,8.0,0,0,0,3,0,benign_normal,BENIGN
BENIGN_NORMAL-0050,WIN-ARGUS-050,3,12,4,4,0,0,0,2.0,0,4,2,0,0,6,0.13333333333333333,4.8901666666666666,0.05933333333333334,0,0,0,0,2,2,2,7140,5879,14.0,0,0,0,3,0,benign_normal,BENIGN
BENIGN_NORMAL-0050,WIN-ARGUS-050,4,12,2,3,0,0,0,2.0,2,3,3,0,0,8,0.1,4.95125,0.088,0,0,0,0,2,2,2,7388,4489,23.0,0,0,0,3,0,benign_normal,BENIGN
BENIGN_NORMAL-0050,WIN-ARGUS-050,5,14,4,4,0,0,0,2.0,1,5,2,0,0,8,0.16666666666666666,5.39075,0.08175,0,0,0,0,2,2,2,6549,5331,24.0,0,0,0,3,0,benign_normal,BENIGN
BENIGN_NORMAL-0051,WIN-ARGUS-051,0,12,3,3,0,0,0,2.0,3,2,1,0,0,6,0.06666666666666667,5.0575,0.0595,0,0,0,0,2,1,2,5522,5814,7.0,1,0,1,4,0,benign_normal,BENIGN
BENIGN_NORMAL-0051,WIN-ARGUS-051,1,13,2,2,0,0,0,2.0,1,4,3,0,0,8,0.13333333333333333,4.98875,0.094625,0,0,0,0,3,2,3,9473,9650,6.5,0,0,0,3,0,benign_normal,BENIGN
BENIGN_NORMAL-0051,WIN-ARGUS-051,2,9,2,3,0,0,0,2.0,3,1,1,0,0,5,0.03333333333333333,5.0192,0.0704,0,0,0,0,2,2,1,5065,3624,2.0,0,0,0,3,0,benign_normal,BENIGN
BENIGN_NORMAL-0051,WIN-ARGUS-051,3,14,3,3,0,0,0,2.0,1,1,4,0,0,6,0.03333333333333333,4.883166666666667,0.066,0,0,0,0,5,2,3,14977,15510,4.0,0,0,0,3,0,benign_normal,BENIGN
BENIGN_NORMAL-0051,WIN-ARGUS-051,4,14,3,3,0,0,0,2.0,5,0,2,0,0,7,0.0,5.287857142857143,0.07285714285714286,0,0,0,0,4,3,3,17415,10277,6.0,0,0,0,3,0,benign_normal,BENIGN
BENIGN_NORMAL-0051,WIN-ARGUS-051,5,13,3,3,0,0,0,2.0,1,4,3,0,0,8,0.13333333333333333,4.806125,0.08637500000000001,0,0,0,0,2,2,2,3774,882,22.0,0,0,0,3,0,benign_normal,BENIGN
BENIGN_NORMAL-0052,WIN-ARGUS-052,0,11,3,3,0,0,0,2.0,1,2,1,0,0,4,0.06666666666666667,4.97925,0.07125000000000001,0,0,0,0,3,2,1,8880,9408,2.5,1,0,1,4,0,benign_normal,BENIGN
BENIGN_NORMAL-0052,WIN-ARGUS-052,1,9,3,3,0,0,0,2.0,2,1,1,0,0,4,0.03333333333333333,4.9,0.1135,0,0,0,0,2,2,1,7713,5789,15.0,0,0,0,3,0,benign_normal,BENIGN
BENIGN_NORMAL-0052,WIN-ARGUS-052,2,15,3,3,0,0,0,2.0,1,3,3,0,0,7,0.1,4.9314285714285715,0.078,0,0,0,0,5,2,3,20575,17167,1.5,0,0,0,3,0,benign_normal,BENIGN
BENIGN_NORMAL-0052,WIN-ARGUS-052,3,14,2,3,0,0,0,2.0,2,4,2,0,0,8,0.13333333333333333,4.7151250000000005,0.08225,0,0,0,0,4,2,2,7337,11252,9.333333333333334,0,0,0,3,0,benign_normal,BENIGN
BENIGN_NORMAL-0052,WIN-ARGUS-052,4,12,3,3,0,0,0,2.0,1,4,1,0,0,6,0.13333333333333333,4.6505,0.11699999999999999,0,0,0,0,3,2,3,7614,7459,1.0,0,0,0,3,0,benign_normal,BENIGN
BENIGN_NORMAL-0052,WIN-ARGUS-052,5,14,4,4,0,0,0,2.0,2,2,2,0,0,6,0.06666666666666667,4.658,0.07283333333333335,0,0,0,0,4,2,3,8869,9258,6.0,0,0,0,3,0,benign_normal,BENIGN
BENIGN_NORMAL-0053,WIN-ARGUS-053,0,12,2,2,0,0,0,2.0,1,2,3,0,0,6,0.06666666666666667,4.440166666666667,0.09100000000000001,0,0,0,0,3,3,2,7900,9163,12.5,1,0,1,4,0,benign_normal,BENIGN
BENIGN_NORMAL-0053,WIN-ARGUS-053,1,12,3,3,0,0,0,2.0,1,1,2,0,0,4,0.03333333333333333,4.51575,0.08975,0,0,0,0,5,2,3,12396,10344,4.25,0,0,0,3,0,benign_normal,BENIGN
BENIGN_NORMAL-0053,WIN-ARGUS-053,2,13,2,2,0,0,0,2.0,2,1,3,0,0,6,0.03333333333333333,4.8213333333333335,0.08533333333333333,0,0,0,0,5,2,3,11417,16300,4.0,0,0,0,3,0,benign_normal,BENIGN
BENIGN_NORMAL-0053,WIN-ARGUS-053,3,14,3,3,0,0,0,2.0,3,1,2,0,0,6,0.03333333333333333,4.891666666666667,0.0765,0,0,0,0,5,3,3,15851,8281,7.0,0,0,0,3,0,benign_normal,BENIGN
BENIGN_NORMAL-0053,WIN-ARGUS-053,4,9,2,3,0,0,0,2.0,1,2,2,0,0,5,0.06666666666666667,5.2223999999999995,0.0682,0,0,0,0,2,2,1,7480,4530,18.0,0,0,0,3,0,benign_normal,BENIGN
BENIGN_NORMAL-0053,WIN-ARGUS-053,5,12,3,3,0,0,0,2.0,3,1,1,0,0,5,0.03333333333333333,4.5228,0.0754,0,0,0,0,4,3,3,9395,17816,4.666666666666667,0,0,0,3,0,benign_normal,BENIGN
BENIGN_NORMAL-0054,WIN-ARGUS-054,0,14,2,3,0,0,0,2.0,1,3,2,0,0,6,0.1,5.707,0.0685,0,0,0,0,5,3,3,7886,7079,2.0,1,0,1,4,0,benign_normal,BENIGN
BENIGN_NORMAL-0054,WIN-ARGUS-054,1,13,2,2,0,0,0,2.0,3,1,2,0,0,6,0.03333333333333333,4.7299999999999995,0.109,0,0,0,0,5,3,3,9721,7191,6.666666666666667,0,0,0,3,0,benign_normal,BENIGN
BENIGN_NORMAL-0054,WIN-ARGUS-054,2,11,3,3,0,0,0,2.0,3,2,0,0,0,5,0.06666666666666667,4.2564,0.0548,0,0,0,0,3,3,2,10419,5019,7.5,0,0,0,3,0,benign_normal,BENIGN
BENIGN_NORMAL-0054,WIN-ARGUS-054,3,15,3,4,0,0,0,2.0,3,2,3,0,0,8,0.06666666666666667,4.94375,0.042625,0,0,0,0,4,2,3,14916,12220,7.666666666666667,0,0,0,3,0,benign_normal,BENIGN
BENIGN_NORMAL-0054,WIN-ARGUS-054,4,15,4,4,0,0,0,2.0,2,2,3,0,0,7,0.06666666666666667,4.5922857142857145,0.05585714285714286,0,0,0,0,4,2,3,5086,4845,8.333333333333334,0,0,0,3,0,benign_normal,BENIGN
BENIGN_NORMAL-0054,WIN-ARGUS-054,5,16,4,4,0,0,0,2.0,3,1,4,0,0,8,0.03333333333333333,4.58925,0.062875,0,0,0,0,4,2,2,9842,10612,5.333333333333333,0,0,0,3,0,benign_normal,BENIGN
BENIGN_NORMAL-0055,WIN-ARGUS-055,0,11,3,4,0,0,0,2.0,1,2,2,0,0,5,0.06666666666666667,5.3106,0.0756,0,0,0,0,2,2,2,2053,9284,5.0,1,0,1,4,0,benign_normal,BENIGN
BENIGN_NORMAL-0055,WIN-ARGUS-055,1,12,4,4,0,0,0,2.0,2,2,0,0,0,4,0.06666666666666667,3.96525,0.049,0,0,0,0,4,3,2,10832,10508,7.666666666666667,0,0,0,3,0,benign_normal,BENIGN
BENIGN_NORMAL-0055,WIN-ARGUS-055,2,12,2,2,0,0,0,2.0,3,2,0,0,0,5,0.06666666666666667,5.9404,0.0786,0,0,0,0,5,3,3,10665,15136,8.666666666666666,0,0,0,3,0,benign_normal,BENIGN
BENIGN_NORMAL-0055,WIN-ARGUS-055,3,14,2,2,0,0,0,2.0,1,2,4,0,0,7,0.06666666666666667,4.734,0.08485714285714285,0,0,0,0,5,2,3,12277,5850,2.0,0,0,0,3,0,benign_normal,BENIGN
BENIGN_NORMAL-0055,WIN-ARGUS-055,4,12,3,3,0,0,0,2.0,2,1,2,0,0,5,0.03333333333333333,5.6526,0.0774,0,0,0,0,4,3,3,12704,6764,7.333333333333333,0,0,0,3,0,benign_normal,BENIGN
BENIGN_NORMAL-0055,WIN-ARGUS-055,5,11,2,3,0,0,0,2.0,1,4,2,0,0,7,0.13333333333333333,5.262142857142857,0.076,0,0,0,0,2,2,2,7399,4880,14.0,0,0,0,3,0,benign_normal,BENIGN
BENIGN_NORMAL-0056,WIN-ARGUS-056,0,14,3,3,0,0,0,2.0,2,3,1,0,0,6,0.1,4.735666666666667,0.059500000000000004,0,0,0,0,4,2,3,8471,12274,9.5,1,0,1,4,0,benign_normal,BENIGN
BENIGN_NORMAL-0056,WIN-ARGUS-056,1,14,3,4,0,0,0,2.0,4,2,2,0,0,8,0.06666666666666667,4.5756250000000005,0.045125,0,0,0,0,3,2,2,7312,3701,9.0,0,0,0,3,0,benign_normal,BENIGN
BENIGN_NORMAL-0056,WIN-ARGUS-056,2,12,3,3,0,0,0,2.0,2,2,2,0,0,6,0.06666666666666667,5.4405,0.09183333333333334,0,0,0,0,3,2,2,8620,6094,5.0,0,0,0,3,0,benign_normal,BENIGN
BENIGN_NORMAL-0056,WIN-ARGUS-056,3,14,3,3,0,0,0,2.0,4,2,1,0,0,7,0.06666666666666667,4.622428571428571,0.08871428571428572,0,0,0,0,4,3,3,15004,11789,9.333333333333334,0,0,0,3,0,benign_normal,BENIGN
BENIGN_NORMAL-0056,WIN-ARGUS-056,4,11,2,2,0,0,0,2.0,2,2,0,0,0,4,0.06666666666666667,5.1355,0.057999999999999996,0,0,0,0,5,2,3,16004,7729,6.25,0,0,0,3,0,benign_normal,BENIGN
BENIGN_NORMAL-0056,WIN-ARGUS-056,5,10,4,4,0,0,0,2.0,1,1,2,0,0,4,0.03333333333333333,5.3375,0.09325,0,0,0,0,2,2,2,4627,5005,8.0,0,0,0,3,0,benign_normal,BENIGN
BENIGN_NORMAL-0057,WIN-ARGUS-057,0,13,4,4,0,0,0,2.0,4,0,1,0,0,5,0.0,4.5412,0.0644,0,0,0,0,3,3,1,8264,8417,13.5,1,0,1,4,0,benign_normal,BENIGN
BENIGN_NORMAL-0057,WIN-ARGUS-057,1,15,4,4,0,0,0,2.0,2,2,2,0,0,6,0.06666666666666667,4.9635,0.06766666666666667,0,0,0,0,5,3,2,10440,14289,5.0,0,0,0,3,0,benign_normal,BENIGN
BENIGN_NORMAL-0057,WIN-ARGUS-057,2,13,2,2,0,0,0,2.0,1,2,3,0,0,6,0.06666666666666667,5.087,0.09916666666666667,0,0,0,0,5,3,3,15669,16579,2.25,0,0,0,3,0,benign_normal,BENIGN
BENIGN_NORMAL-0057,WIN-ARGUS-057,3,11,4,4,0,0,0,2.0,2,1,2,0,0,5,0.03333333333333333,4.4762,0.0716,0,0,0,0,2,2,1,2733,1024,18.0,0,0,0,3,0,benign_normal,BENIGN
BENIGN_NORMAL-0057,WIN-ARGUS-057,4,12,4,4,0,0,0,2.0,4,1,1,0,0,6,0.03333333333333333,4.6209999999999996,0.0625,0,0,0,0,2,2,1,2789,2109,7.0,0,0,0,3,0,benign_normal,BENIGN
BENIGN_NORMAL-0057,WIN-ARGUS-057,5,12,3,3,0,0,0,2.0,5,2,0,0,0,7,0.06666666666666667,4.701,0.07228571428571429,0,0,0,0,2,1,2,5362,3127,21.0,0,0,0,3,0,benign_normal,BENIGN
BENIGN_NORMAL-0058,WIN-ARGUS-058,0,13,4,4,0,0,0,2.0,2,3,1,0,0,6,0.1,4.793333333333333,0.05783333333333333,0,0,0,0,2,2,1,5705,4515,9.0,1,0,1,4,0,benign_normal,BENIGN
BENIGN_NORMAL-0058,WIN-ARGUS-058,1,14,3,3,0,0,0,2.0,2,4,2,0,0,8,0.13333333333333333,5.2642500000000005,0.081125,0,0,0,0,3,2,3,8634,9878,3.0,0,0,0,3,0,benign_normal,BENIGN
BENIGN_NORMAL-0058,WIN-ARGUS-058,2,13,4,4,0,0,0,2.0,1,1,4,0,0,6,0.03333333333333333,5.268666666666667,0.112,0,0,0,0,3,2,2,3809,14296,8.0,0,0,0,3,0,benign_normal,BENIGN
BENIGN_NORMAL-0058,WIN-ARGUS-058,3,9,3,3,0,0,0,2.0,1,2,1,0,0,4,0.06666666666666667,4.73125,0.0435,0,0,0,0,2,1,1,4006,4433,4.0,0,0,0,3,0,benign_normal,BENIGN
BENIGN_NORMAL-0058,WIN-ARGUS-058,4,12,2,3,0,0,0,2.0,3,3,1,0,0,7,0.1,4.797142857142857,0.09557142857142857,0,0,0,0,3,2,3,11438,8806,4.0,0,0,0,3,0,benign_normal,BENIGN
BENIGN_NORMAL-0058,WIN-ARGUS-058,5,12,4,4,0,0,0,2.0,2,0,2,0,0,4,0.0,4.75225,0.06875,0,0,0,0,4,1,3,6305,7398,4.666666666666667,0,0,0,3,0,benign_normal,BENIGN
BENIGN_NORMAL-0059,WIN-ARGUS-059,0,13,3,3,0,0,0,2.0,0,3,1,0,0,4,0.1,5.102,0.077,0,0,0,0,5,3,3,20294,12806,5.75,1,0,1,4,0,benign_normal,BENIGN
BENIGN_NORMAL-0059,WIN-ARGUS-059,1,14,4,4,0,0,0,2.0,0,1,4,0,0,5,0.03333333333333333,4.9838000000000005,0.08360000000000001,0,0,0,0,5,2,3,6331,4878,4.0,0,0,0,3,0,benign_normal,BENIGN
BENIGN_NORMAL-0059,WIN-ARGUS-059,2,9,3,3,0,0,0,2.0,1,1,2,0,0,4,0.03333333333333333,4.619,0.11575,0,0,0,0,2,2,2,3540,908,6.0,0,0,0,3,0,benign_normal,BENIGN
BENIGN_NORMAL-0059,WIN-ARGUS-059,3,13,3,3,0,0,0,2.0,1,3,3,0,0,7,0.1,5.204285714285715,0.055,0,0,0,0,3,2,2,11075,9530,9.5,0,0,0,3,0,benign_normal,BENIGN
BENIGN_NORMAL-0059,WIN-ARGUS-059,4,10,2,2,0,0,0,2.0,1,4,1,0,0,6,0.13333333333333333,5.1355,0.09983333333333334,0,0,0,0,2,2,2,1192,5649,6.0,0,0,0,3,0,benign_normal,BENIGN
BENIGN_NORMAL-0059,WIN-ARGUS-059,5,15,3,4,0,0,0,2.0,1,2,4,0,0,7,0.06666666666666667,5.378571428571428,0.058,0,0,0,0,5,3,2,4258,18010,2.3333333333333335,0,0,0,3,0,benign_normal,BENIGN
BENIGN_NORMAL-0060,WIN-ARGUS-060,0,12,2,2,0,0,0,2.0,2,3,1,0,0,6,0.1,4.736166666666667,0.079,0,0,0,0,3,2,2,9258,9425,5.5,1,0,1,4,0,benign_normal,BENIGN
BENIGN_NORMAL-0060,WIN-ARGUS-060,1,14,3,3,0,0,0,2.0,3,2,2,0,0,7,0.06666666666666667,4.952571428571429,0.07057142857142858,0,0,0,0,4,1,2,13469,12072,8.666666666666666,0,0,0,3,0,benign_normal,BENIGN
BENIGN_NORMAL-0060,WIN-ARGUS-060,2,11,2,3,0,0,0,2.0,1,5,0,0,0,6,0.16666666666666666,5.109333333333334,0.10716666666666667,0,0,0,0,3,1,1,5154,5394,5.5,0,0,0,3,0,benign_normal,BENIGN
BENIGN_NORMAL-0060,WIN-ARGUS-060,3,10,2,2,0,0,0,2.0,2,2,0,0,0,4,0.06666666666666667,4.301,0.05,0,0,0,0,4,1,2,13667,18982,7.333333333333333,0,0,0,3,0,benign_normal,BENIGN
BENIGN_NORMAL-0060,WIN-ARGUS-060,4,14,3,3,0,0,0,2.0,4,3,1,0,0,8,0.1,5.1225,0.09925,0,0,0,0,3,2,2,2463,8861,10.0,0,0,0,3,0,benign_normal,BENIGN
BENIGN_NORMAL-0060,WIN-ARGUS-060,5,10,2,2,0,0,0,2.0,0,3,2,0,0,5,0.1,5.1318,0.0992,0,0,0,0,3,2,2,3897,6282,11.0,0,0,0,3,0,benign_normal,BENIGN
BRUTE_FORCE_ATTACK-0001,WIN-ARGUS-001,0,10,1,1,0,0,0,2.0,0,0,0,0,0,0,0.0,0.0,0.0,0,0,0,0,3,2,2,9327,5098,3.0,6,5,1,3,1,brute_force_attack,ACCESS
BRUTE_FORCE_ATTACK-0001,WIN-ARGUS-001,1,10,1,1,0,0,0,2.0,0,0,0,0,0,0,0.0,0.0,0.0,0,0,0,0,3,2,2,11181,8383,7.0,6,5,1,3,1,brute_force_attack,ACCESS
BRUTE_FORCE_ATTACK-0001,WIN-ARGUS-001,2,9,1,1,0,0,0,2.0,0,0,0,0,0,0,0.0,0.0,0.0,0,0,0,0,2,1,1,4744,2438,5.0,6,5,1,3,1,brute_force_attack,ACCESS
BRUTE_FORCE_ATTACK-0001,WIN-ARGUS-001,3,8,1,1,0,0,0,2.0,0,0,0,0,0,0,0.0,0.0,0.0,0,0,0,0,2,1,2,7832,8622,0.0,5,4,1,3,1,brute_force_attack,ACCESS
BRUTE_FORCE_ATTACK-0001,WIN-ARGUS-001,4,9,1,1,0,0,0,2.0,0,0,0,0,0,0,0.0,0.0,0.0,0,0,0,0,3,2,2,6596,8548,9.0,5,4,1,3,1,brute_force_attack,ACCESS
BRUTE_FORCE_ATTACK-0001,WIN-ARGUS-001,5,9,1,1,0,0,0,2.0,0,0,0,0,0,0,0.0,0.0,0.0,0,0,0,0,2,2,2,6742,7723,19.0,6,5,1,3,1,brute_force_attack,ACCESS
BRUTE_FORCE_ATTACK-0002,WIN-ARGUS-002,0,8,1,1,0,0,0,2.0,0,0,0,0,0,0,0.0,0.0,0.0,0,0,0,0,2,1,2,3279,3997,3.0,5,4,1,3,1,brute_force_attack,ACCESS
BRUTE_FORCE_ATTACK-0002,WIN-ARGUS-002,1,9,1,1,0,0,0,2.0,0,0,0,0,0,0,0.0,0.0,0.0,0,0,0,0,2,1,2,4940,7458,6.0,6,5,1,3,1,brute_force_attack,ACCESS
BRUTE_FORCE_ATTACK-0002,WIN-ARGUS-002,2,9,1,1,0,0,0,2.0,0,0,0,0,0,0,0.0,0.0,0.0,0,0,0,0,2,2,1,2064,6616,3.0,6,5,1,3,1,brute_force_attack,ACCESS
BRUTE_FORCE_ATTACK-0002,WIN-ARGUS-002,3,9,1,1,0,0,0,2.0,0,0,0,0,0,0,0.0,0.0,0.0,0,0,0,0,2,1,2,8700,3386,13.0,6,5,1,3,1,brute_force_attack,ACCESS
BRUTE_FORCE_ATTACK-0002,WIN-ARGUS-002,4,10,1,1,0,0,0,2.0,0,0,0,0,0,0,0.0,0.0,0.0,0,0,0,0,3,1,1,8224,7206,9.0,6,5,1,3,1,brute_force_attack,ACCESS
BRUTE_FORCE_ATTACK-0002,WIN-ARGUS-002,5,10,1,1,0,0,0,2.0,0,0,0,0,0,0,0.0,0.0,0.0,0,0,0,0,2,2,2,3071,3905,13.0,7,6,1,3,1,brute_force_attack,ACCESS
BRUTE_FORCE_ATTACK-0003,WIN-ARGUS-003,0,10,1,1,0,0,0,2.0,0,0,0,0,0,0,0.0,0.0,0.0,0,0,0,0,2,1,1,4662,1041,3.0,7,6,1,3,1,brute_force_attack,ACCESS
BRUTE_FORCE_ATTACK-0003,WIN-ARGUS-003,1,8,1,1,0,0,0,2.0,0,0,0,0,0,0,0.0,0.0,0.0,0,0,0,0,1,1,1,3905,4032,0.0,6,5,1,3,1,brute_force_attack,ACCESS
BRUTE_FORCE_ATTACK-0003,WIN-ARGUS-003,2,10,1,1,0,0,0,2.0,0,0,0,0,0,0,0.0,0.0,0.0,0,0,0,0,2,1,2,3802,2582,10.0,7,6,1,3,1,brute_force_attack,ACCESS
BRUTE_FORCE_ATTACK-0003,WIN-ARGUS-003,3,8,1,1,0,0,0,2.0,0,0,0,0,0,0,0.0,0.0,0.0,0,0,0,0,2,1,2,6957,2790,7.0,5,4,1,3,1,brute_force_attack,ACCESS
BRUTE_FORCE_ATTACK-0003,WIN-ARGUS-003,4,10,1,1,0,0,0,2.0,0,0,0,0,0,0,0.0,0.0,0.0,0,0,0,0,2,2,1,5890,2915,1.0,7,6,1,3,1,brute_force_attack,ACCESS
BRUTE_FORCE_ATTACK-0003,WIN-ARGUS-003,5,10,1,1,0,0,0,2.0,0,0,0,0,0,0,0.0,0.0,0.0,0,0,0,0,2,1,1,1204,3630,7.0,7,6,1,3,1,brute_force_attack,ACCESS
BRUTE_FORCE_ATTACK-0004,WIN-ARGUS-004,0,7,1,1,0,0,0,2.0,0,0,0,0,0,0,0.0,0.0,0.0,0,0,0,0,1,1,1,1658,137,0.0,5,4,1,3,1,brute_force_attack,ACCESS
BRUTE_FORCE_ATTACK-0004,WIN-ARGUS-004,1,10,1,1,0,0,0,2.0,0,0,0,0,0,0,0.0,0.0,0.0,0,0,0,0,2,2,1,4765,5258,4.0,7,6,1,3,1,brute_force_attack,ACCESS
BRUTE_FORCE_ATTACK-0004,WIN-ARGUS-004,2,10,1,1,0,0,0,2.0,0,0,0,0,0,0,0.0,0.0,0.0,0,0,0,0,2,2,1,4651,1764,9.0,7,6,1,3,1,brute_force_attack,ACCESS
BRUTE_FORCE_ATTACK-0004,WIN-ARGUS-004,3,11,1,1,0,0,0,2.0,0,0,0,0,0,0,0.0,0.0,0.0,0,0,0,0,3,2,3,7202,7308,6.5,7,6,1,3,1,brute_force_attack,ACCESS
BRUTE_FORCE_ATTACK-0004,WIN-ARGUS-004,4,7,1,1,0,0,0,2.0,0,0,0,0,0,0,0.0,0.0,0.0,0,0,0,0,1,1,1,1929,920,0.0,5,4,1,3,1,brute_force_attack,ACCESS
BRUTE_FORCE_ATTACK-0004,WIN-ARGUS-004,5,10,1,1,0,0,0,2.0,0,0,0,0,0,0,0.0,0.0,0.0,0,0,0,0,2,1,2,5857,7162,12.0,7,6,1,3,1,brute_force_attack,ACCESS
BRUTE_FORCE_ATTACK-0005,WIN-ARGUS-005,0,9,1,1,0,0,0,2.0,0,0,0,0,0,0,0.0,0.0,0.0,0,0,0,0,1,1,1,4971,3699,0.0,7,6,1,3,1,brute_force_attack,ACCESS
BRUTE_FORCE_ATTACK-0005,WIN-ARGUS-005,1,9,1,1,0,0,0,2.0,0,0,0,0,0,0,0.0,0.0,0.0,0,0,0,0,1,1,1,1741,2354,0.0,7,6,1,3,1,brute_force_attack,ACCESS
BRUTE_FORCE_ATTACK-0005,WIN-ARGUS-005,2,9,1,1,0,0,0,2.0,0,0,0,0,0,0,0.0,0.0,0.0,0,0,0,0,2,2,1,3270,4145,3.0,6,5,1,3,1,brute_force_attack,ACCESS
BRUTE_FORCE_ATTACK-0005,WIN-ARGUS-005,3,7,1,1,0,0,0,2.0,0,0,0,0,0,0,0.0,0.0,0.0,0,0,0,0,1,1,1,3174,3742,0.0,5,4,1,3,1,brute_force_attack,ACCESS
BRUTE_FORCE_ATTACK-0005,WIN-ARGUS-005,4,8,1,1,0,0,0,2.0,0,0,0,0,0,0,0.0,0.0,0.0,0,0,0,0,2,2,2,8305,4197,8.0,5,4,1,3,1,brute_force_attack,ACCESS
BRUTE_FORCE_ATTACK-0005,WIN-ARGUS-005,5,10,1,1,0,0,0,2.0,0,0,0,0,0,0,0.0,0.0,0.0,0,0,0,0,2,1,2,2543,3829,15.0,7,6,1,3,1,brute_force_attack,ACCESS
BRUTE_FORCE_ATTACK-0006,WIN-ARGUS-006,0,8,1,1,0,0,0,2.0,0,0,0,0,0,0,0.0,0.0,0.0,0,0,0,0,2,2,2,6262,5482,0.0,5,4,1,3,1,brute_force_attack,ACCESS
BRUTE_FORCE_ATTACK-0006,WIN-ARGUS-006,1,10,1,1,0,0,0,2.0,0,0,0,0,0,0,0.0,0.0,0.0,0,0,0,0,3,2,2,9461,5327,2.5,6,5,1,3,1,brute_force_attack,ACCESS
BRUTE_FORCE_ATTACK-0006,WIN-ARGUS-006,2,10,1,1,0,0,0,2.0,0,0,0,0,0,0,0.0,0.0,0.0,0,0,0,0,2,1,1,1975,6556,17.0,7,6,1,3,1,brute_force_attack,ACCESS
BRUTE_FORCE_ATTACK-0006,WIN-ARGUS-006,3,9,1,1,0,0,0,2.0,0,0,0,0,0,0,0.0,0.0,0.0,0,0,0,0,3,2,2,6540,6191,7.5,5,4,1,3,1,brute_force_attack,ACCESS
BRUTE_FORCE_ATTACK-0006,WIN-ARGUS-006,4,7,1,1,0,0,0,2.0,0,0,0,0,0,0,0.0,0.0,0.0,0,0,0,0,1,1,1,3234,4875,0.0,5,4,1,3,1,brute_force_attack,ACCESS
BRUTE_FORCE_ATTACK-0006,WIN-ARGUS-006,5,8,1,1,0,0,0,2.0,0,0,0,0,0,0,0.0,0.0,0.0,0,0,0,0,2,2,2,6277,2143,0.0,5,4,1,3,1,brute_force_attack,ACCESS
BRUTE_FORCE_ATTACK-0007,WIN-ARGUS-007,0,7,1,1,0,0,0,2.0,0,0,0,0,0,0,0.0,0.0,0.0,0,0,0,0,1,1,1,240,1967,0.0,5,4,1,3,1,brute_force_attack,ACCESS
BRUTE_FORCE_ATTACK-0007,WIN-ARGUS-007,1,9,1,1,0,0,0,2.0,0,0,0,0,0,0,0.0,0.0,0.0,0,0,0,0,2,2,2,1648,5364,12.0,6,5,1,3,1,brute_force_attack,ACCESS
BRUTE_FORCE_ATTACK-0007,WIN-ARGUS-007,2,9,1,1,0,0,0,2.0,0,0,0,0,0,0,0.0,0.0,0.0,0,0,0,0,1,1,1,1882,3421,0.0,7,6,1,3,1,brute_force_attack,ACCESS
BRUTE_FORCE_ATTACK-0007,WIN-ARGUS-007,3,8,1,1,0,0,0,2.0,0,0,0,0,0,0,0.0,0.0,0.0,0,0,0,0,1,1,1,4278,3775,0.0,6,5,1,3,1,brute_force_attack,ACCESS
BRUTE_FORCE_ATTACK-0007,WIN-ARGUS-007,4,10,1,1,0,0,0,2.0,0,0,0,0,0,0,0.0,0.0,0.0,0,0,0,0,2,1,2,2751,5140,2.0,7,6,1,3,1,brute_force_attack,ACCESS
BRUTE_FORCE_ATTACK-0007,WIN-ARGUS-007,5,7,1,1,0,0,0,2.0,0,0,0,0,0,0,0.0,0.0,0.0,0,0,0,0,1,1,1,3230,278,0.0,5,4,1,3,1,brute_force_attack,ACCESS
BRUTE_FORCE_ATTACK-0008,WIN-ARGUS-008,0,10,1,1,0,0,0,2.0,0,0,0,0,0,0,0.0,0.0,0.0,0,0,0,0,2,2,2,3245,5255,6.0,7,6,1,3,1,brute_force_attack,ACCESS
BRUTE_FORCE_ATTACK-0008,WIN-ARGUS-008,1,7,1,1,0,0,0,2.0,0,0,0,0,0,0,0.0,0.0,0.0,0,0,0,0,1,1,1,943,2418,0.0,5,4,1,3,1,brute_force_attack,ACCESS
BRUTE_FORCE_ATTACK-0008,WIN-ARGUS-008,2,9,1,1,0,0,0,2.0,0,0,0,0,0,0,0.0,0.0,0.0,0,0,0,0,2,1,1,1562,5873,2.0,6,5,1,3,1,brute_force_attack,ACCESS
BRUTE_FORCE_ATTACK-0008,WIN-ARGUS-008,3,11,1,1,0,0,0,2.0,0,0,0,0,0,0,0.0,0.0,0.0,0,0,0,0,3,2,2,5757,7118,6.5,7,6,1,3,1,brute_force_attack,ACCESS
BRUTE_FORCE_ATTACK-0008,WIN-ARGUS-008,4,10,1,1,0,0,0,2.0,0,0,0,0,0,0,0.0,0.0,0.0,0,0,0,0,2,2,2,8398,5911,10.0,7,6,1,3,1,brute_force_attack,ACCESS
BRUTE_FORCE_ATTACK-0008,WIN-ARGUS-008,5,10,1,1,0,0,0,2.0,0,0,0,0,0,0,0.0,0.0,0.0,0,0,0,0,2,2,2,7786,4588,8.0,7,6,1,3,1,brute_force_attack,ACCESS
BRUTE_FORCE_ATTACK-0009,WIN-ARGUS-009,0,9,1,1,0,0,0,2.0,0,0,0,0,0,0,0.0,0.0,0.0,0,0,0,0,1,1,1,4514,2445,0.0,7,6,1,3,1,brute_force_attack,ACCESS
BRUTE_FORCE_ATTACK-0009,WIN-ARGUS-009,1,11,1,1,0,0,0,2.0,0,0,0,0,0,0,0.0,0.0,0.0,0,0,0,0,3,2,2,1781,7687,9.5,7,6,1,3,1,brute_force_attack,ACCESS
BRUTE_FORCE_ATTACK-0009,WIN-ARGUS-009,2,10,1,1,0,0,0,2.0,0,0,0,0,0,0,0.0,0.0,0.0,0,0,0,0,3,2,2,7298,8154,2.0,6,5,1,3,1,brute_force_attack,ACCESS
BRUTE_FORCE_ATTACK-0009,WIN-ARGUS-009,3,9,1,1,0,0,0,2.0,0,0,0,0,0,0,0.0,0.0,0.0,0,0,0,0,1,1,1,4803,1661,0.0,7,6,1,3,1,brute_force_attack,ACCESS
BRUTE_FORCE_ATTACK-0009,WIN-ARGUS-009,4,9,1,1,0,0,0,2.0,0,0,0,0,0,0,0.0,0.0,0.0,0,0,0,0,2,2,1,4027,5250,14.0,6,5,1,3,1,brute_force_attack,ACCESS
BRUTE_FORCE_ATTACK-0009,WIN-ARGUS-009,5,9,1,1,0,0,0,2.0,0,0,0,0,0,0,0.0,0.0,0.0,0,0,0,0,1,1,1,1809,4980,0.0,7,6,1,3,1,brute_force_attack,ACCESS
BRUTE_FORCE_ATTACK-0010,WIN-ARGUS-010,0,8,1,1,0,0,0,2.0,0,0,0,0,0,0,0.0,0.0,0.0,0,0,0,0,1,1,1,1736,1071,0.0,6,5,1,3,1,brute_force_attack,ACCESS
BRUTE_FORCE_ATTACK-0010,WIN-ARGUS-010,1,11,1,1,0,0,0,2.0,0,0,0,0,0,0,0.0,0.0,0.0,0,0,0,0,3,2,3,8679,7493,10.5,7,6,1,3,1,brute_force_attack,ACCESS
BRUTE_FORCE_ATTACK-0010,WIN-ARGUS-010,2,7,1,1,0,0,0,2.0,0,0,0,0,0,0,0.0,0.0,0.0,0,0,0,0,1,1,1,3597,3002,0.0,5,4,1,3,1,brute_force_attack,ACCESS
BRUTE_FORCE_ATTACK-0010,WIN-ARGUS-010,3,8,1,1,0,0,0,2.0,0,0,0,0,0,0,0.0,0.0,0.0,0,0,0,0,1,1,1,1058,4279,0.0,6,5,1,3,1,brute_force_attack,ACCESS
BRUTE_FORCE_ATTACK-0010,WIN-ARGUS-010,4,7,1,1,0,0,0,2.0,0,0,0,0,0,0,0.0,0.0,0.0,0,0,0,0,1,1,1,4131,2779,0.0,5,4,1,3,1,brute_force_attack,ACCESS
BRUTE_FORCE_ATTACK-0010,WIN-ARGUS-010,5,9,1,1,0,0,0,2.0,0,0,0,0,0,0,0.0,0.0,0.0,0,0,0,0,2,2,2,4507,2382,16.0,6,5,1,3,1,brute_force_attack,ACCESS
BRUTE_FORCE_ATTACK-0011,WIN-ARGUS-011,0,9,1,1,0,0,0,2.0,0,0,0,0,0,0,0.0,0.0,0.0,0,0,0,0,3,2,2,6400,7891,6.5,5,4,1,3,1,brute_force_attack,ACCESS
BRUTE_FORCE_ATTACK-0011,WIN-ARGUS-011,1,9,1,1,0,0,0,2.0,0,0,0,0,0,0,0.0,0.0,0.0,0,0,0,0,1,1,1,2731,165,0.0,7,6,1,3,1,brute_force_attack,ACCESS
BRUTE_FORCE_ATTACK-0011,WIN-ARGUS-011,2,7,1,1,0,0,0,2.0,0,0,0,0,0,0,0.0,0.0,0.0,0,0,0,0,1,1,1,3962,1005,0.0,5,4,1,3,1,brute_force_attack,ACCESS
BRUTE_FORCE_ATTACK-0011,WIN-ARGUS-011,3,10,1,1,0,0,0,2.0,0,0,0,0,0,0,0.0,0.0,0.0,0,0,0,0,3,2,1,4734,7530,5.5,6,5,1,3,1,brute_force_attack,ACCESS
BRUTE_FORCE_ATTACK-0011,WIN-ARGUS-011,4,8,1,1,0,0,0,2.0,0,0,0,0,0,0,0.0,0.0,0.0,0,0,0,0,1,1,1,1618,4434,0.0,6,5,1,3,1,brute_force_attack,ACCESS
BRUTE_FORCE_ATTACK-0011,WIN-ARGUS-011,5,8,1,1,0,0,0,2.0,0,0,0,0,0,0,0.0,0.0,0.0,0,0,0,0,2,2,1,3448,6175,6.0,5,4,1,3,1,brute_force_attack,ACCESS
BRUTE_FORCE_ATTACK-0012,WIN-ARGUS-012,0,10,1,1,0,0,0,2.0,0,0,0,0,0,0,0.0,0.0,0.0,0,0,0,0,3,2,2,6330,11313,9.5,6,5,1,3,1,brute_force_attack,ACCESS
BRUTE_FORCE_ATTACK-0012,WIN-ARGUS-012,1,8,1,1,0,0,0,2.0,0,0,0,0,0,0,0.0,0.0,0.0,0,0,0,0,1,1,1,490,1893,0.0,6,5,1,3,1,brute_force_attack,ACCESS
BRUTE_FORCE_ATTACK-0012,WIN-ARGUS-012,2,9,1,1,0,0,0,2.0,0,0,0,0,0,0,0.0,0.0,0.0,0,0,0,0,1,1,1,525,4941,0.0,7,6,1,3,1,brute_force_attack,ACCESS
BRUTE_FORCE_ATTACK-0012,WIN-ARGUS-012,3,8,1,1,0,0,0,2.0,0,0,0,0,0,0,0.0,0.0,0.0,0,0,0,0,1,1,1,1572,2366,0.0,6,5,1,3,1,brute_force_attack,ACCESS
BRUTE_FORCE_ATTACK-0012,WIN-ARGUS-012,4,11,1,1,0,0,0,2.0,0,0,0,0,0,0,0.0,0.0,0.0,0,0,0,0,3,2,3,9594,3171,15.0,7,6,1,3,1,brute_force_attack,ACCESS
BRUTE_FORCE_ATTACK-0012,WIN-ARGUS-012,5,10,1,1,0,0,0,2.0,0,0,0,0,0,0,0.0,0.0,0.0,0,0,0,0,2,2,2,3445,3914,2.0,7,6,1,3,1,brute_force_attack,ACCESS
BRUTE_FORCE_ATTACK-0013,WIN-ARGUS-013,0,9,1,1,0,0,0,2.0,0,0,0,0,0,0,0.0,0.0,0.0,0,0,0,0,2,2,2,5452,8546,10.0,6,5,1,3,1,brute_force_attack,ACCESS
BRUTE_FORCE_ATTACK-0013,WIN-ARGUS-013,1,9,1,1,0,0,0,2.0,0,0,0,0,0,0,0.0,0.0,0.0,0,0,0,0,1,1,1,4279,1129,0.0,7,6,1,3,1,brute_force_attack,ACCESS
BRUTE_FORCE_ATTACK-0013,WIN-ARGUS-013,2,11,1,1,0,0,0,2.0,0,0,0,0,0,0,0.0,0.0,0.0,0,0,0,0,3,2,1,7968,8282,11.5,7,6,1,3,1,brute_force_attack,ACCESS
BRUTE_FORCE_ATTACK-0013,WIN-ARGUS-013,3,8,1,1,0,0,0,2.0,0,0,0,0,0,0,0.0,0.0,0.0,0,0,0,0,2,1,2,7452,3100,17.0,5,4,1,3,1,brute_force_attack,ACCESS
BRUTE_FORCE_ATTACK-0013,WIN-ARGUS-013,4,9,1,1,0,0,0,2.0,0,0,0,0,0,0,0.0,0.0,0.0,0,0,0,0,3,3,2,6577,7996,4.5,5,4,1,3,1,brute_force_attack,ACCESS
BRUTE_FORCE_ATTACK-0013,WIN-ARGUS-013,5,10,1,1,0,0,0,2.0,0,0,0,0,0,0,0.0,0.0,0.0,0,0,0,0,2,1,2,3521,1635,1.0,7,6,1,3,1,brute_force_attack,ACCESS
BRUTE_FORCE_ATTACK-0014,WIN-ARGUS-014,0,9,1,1,0,0,0,2.0,0,0,0,0,0,0,0.0,0.0,0.0,0,0,0,0,2,2,1,3910,3847,12.0,6,5,1,3,1,brute_force_attack,ACCESS
BRUTE_FORCE_ATTACK-0014,WIN-ARGUS-014,1,9,1,1,0,0,0,2.0,0,0,0,0,0,0,0.0,0.0,0.0,0,0,0,0,2,2,2,6057,2700,9.0,6,5,1,3,1,brute_force_attack,ACCESS
BRUTE_FORCE_ATTACK-0014,WIN-ARGUS-014,2,10,1,1,0,0,0,2.0,0,0,0,0,0,0,0.0,0.0,0.0,0,0,0,0,3,2,2,8337,6953,6.0,6,5,1,3,1,brute_force_attack,ACCESS
BRUTE_FORCE_ATTACK-0014,WIN-ARGUS-014,3,7,1,1,0,0,0,2.0,0,0,0,0,0,0,0.0,0.0,0.0,0,0,0,0,1,1,1,526,4281,0.0,5,4,1,3,1,brute_force_attack,ACCESS
BRUTE_FORCE_ATTACK-0014,WIN-ARGUS-014,4,8,1,1,0,0,0,2.0,0,0,0,0,0,0,0.0,0.0,0.0,0,0,0,0,1,1,1,1430,4951,0.0,6,5,1,3,1,brute_force_attack,ACCESS
BRUTE_FORCE_ATTACK-0014,WIN-ARGUS-014,5,9,1,1,0,0,0,2.0,0,0,0,0,0,0,0.0,0.0,0.0,0,0,0,0,2,1,2,3829,3031,3.0,6,5,1,3,1,brute_force_attack,ACCESS
BRUTE_FORCE_ATTACK-0015,WIN-ARGUS-015,0,9,1,1,0,0,0,2.0,0,0,0,0,0,0,0.0,0.0,0.0,0,0,0,0,2,2,1,6416,5238,6.0,6,5,1,3,1,brute_force_attack,ACCESS
BRUTE_FORCE_ATTACK-0015,WIN-ARGUS-015,1,10,1,1,0,0,0,2.0,0,0,0,0,0,0,0.0,0.0,0.0,0,0,0,0,2,1,2,8732,5589,2.0,7,6,1,3,1,brute_force_attack,ACCESS
BRUTE_FORCE_ATTACK-0015,WIN-ARGUS-015,2,10,1,1,0,0,0,2.0,0,0,0,0,0,0,0.0,0.0,0.0,0,0,0,0,2,2,1,4735,5295,6.0,7,6,1,3,1,brute_force_attack,ACCESS
BRUTE_FORCE_ATTACK-0015,WIN-ARGUS-015,3,9,1,1,0,0,0,2.0,0,0,0,0,0,0,0.0,0.0,0.0,0,0,0,0,1,1,1,2335,3230,0.0,7,6,1,3,1,brute_force_attack,ACCESS
BRUTE_FORCE_ATTACK-0015,WIN-ARGUS-015,4,8,1,1,0,0,0,2.0,0,0,0,0,0,0,0.0,0.0,0.0,0,0,0,0,2,2,2,7400,3255,6.0,5,4,1,3,1,brute_force_attack,ACCESS
BRUTE_FORCE_ATTACK-0015,WIN-ARGUS-015,5,9,1,1,0,0,0,2.0,0,0,0,0,0,0,0.0,0.0,0.0,0,0,0,0,2,2,2,1592,3993,0.0,6,5,1,3,1,brute_force_attack,ACCESS
BRUTE_FORCE_ATTACK-0016,WIN-ARGUS-016,0,9,1,1,0,0,0,2.0,0,0,0,0,0,0,0.0,0.0,0.0,0,0,0,0,3,2,2,4343,5166,6.0,5,4,1,3,1,brute_force_attack,ACCESS
BRUTE_FORCE_ATTACK-0016,WIN-ARGUS-016,1,11,1,1,0,0,0,2.0,0,0,0,0,0,0,0.0,0.0,0.0,0,0,0,0,3,3,3,6539,3521,4.5,7,6,1,3,1,brute_force_attack,ACCESS
BRUTE_FORCE_ATTACK-0016,WIN-ARGUS-016,2,7,1,1,0,0,0,2.0,0,0,0,0,0,0,0.0,0.0,0.0,0,0,0,0,1,1,1,867,389,0.0,5,4,1,3,1,brute_force_attack,ACCESS
BRUTE_FORCE_ATTACK-0016,WIN-ARGUS-016,3,9,1,1,0,0,0,2.0,0,0,0,0,0,0,0.0,0.0,0.0,0,0,0,0,1,1,1,1659,2276,0.0,7,6,1,3,1,brute_force_attack,ACCESS
BRUTE_FORCE_ATTACK-0016,WIN-ARGUS-016,4,10,1,1,0,0,0,2.0,0,0,0,0,0,0,0.0,0.0,0.0,0,0,0,0,3,2,2,6454,9188,5.0,6,5,1,3,1,brute_force_attack,ACCESS
BRUTE_FORCE_ATTACK-0016,WIN-ARGUS-016,5,9,1,1,0,0,0,2.0,0,0,0,0,0,0,0.0,0.0,0.0,0,0,0,0,2,2,2,4721,5495,3.0,6,5,1,3,1,brute_force_attack,ACCESS
BRUTE_FORCE_ATTACK-0017,WIN-ARGUS-017,0,8,1,1,0,0,0,2.0,0,0,0,0,0,0,0.0,0.0,0.0,0,0,0,0,1,1,1,334,4479,0.0,6,5,1,3,1,brute_force_attack,ACCESS
BRUTE_FORCE_ATTACK-0017,WIN-ARGUS-017,1,7,1,1,0,0,0,2.0,0,0,0,0,0,0,0.0,0.0,0.0,0,0,0,0,1,1,1,1658,3364,0.0,5,4,1,3,1,brute_force_attack,ACCESS
BRUTE_FORCE_ATTACK-0017,WIN-ARGUS-017,2,9,1,1,0,0,0,2.0,0,0,0,0,0,0,0.0,0.0,0.0,0,0,0,0,3,2,2,7743,10038,4.0,5,4,1,3,1,brute_force_attack,ACCESS
BRUTE_FORCE_ATTACK-0017,WIN-ARGUS-017,3,11,1,1,0,0,0,2.0,0,0,0,0,0,0,0.0,0.0,0.0,0,0,0,0,3,2,3,12621,7847,4.5,7,6,1,3,1,brute_force_attack,ACCESS
BRUTE_FORCE_ATTACK-0017,WIN-ARGUS-017,4,11,1,1,0,0,0,2.0,0,0,0,0,0,0,0.0,0.0,0.0,0,0,0,0,3,2,1,6900,10774,2.5,7,6,1,3,1,brute_force_attack,ACCESS
BRUTE_FORCE_ATTACK-0017,WIN-ARGUS-017,5,9,1,1,0,0,0,2.0,0,0,0,0,0,0,0.0,0.0,0.0,0,0,0,0,2,2,1,5886,7512,4.0,6,5,1,3,1,brute_force_attack,ACCESS
BRUTE_FORCE_ATTACK-0018,WIN-ARGUS-018,0,11,1,1,0,0,0,2.0,0,0,0,0,0,0,0.0,0.0,0.0,0,0,0,0,3,2,3,3899,4182,11.0,7,6,1,3,1,brute_force_attack,ACCESS
BRUTE_FORCE_ATTACK-0018,WIN-ARGUS-018,1,8,1,1,0,0,0,2.0,0,0,0,0,0,0,0.0,0.0,0.0,0,0,0,0,2,2,1,3618,4072,9.0,5,4,1,3,1,brute_force_attack,ACCESS
BRUTE_FORCE_ATTACK-0018,WIN-ARGUS-018,2,7,1,1,0,0,0,2.0,0,0,0,0,0,0,0.0,0.0,0.0,0,0,0,0,1,1,1,1827,4829,0.0,5,4,1,3,1,brute_force_attack,ACCESS
BRUTE_FORCE_ATTACK-0018,WIN-ARGUS-018,3,8,1,1,0,0,0,2.0,0,0,0,0,0,0,0.0,0.0,0.0,0,0,0,0,1,1,1,979,4381,0.0,6,5,1,3,1,brute_force_attack,ACCESS
BRUTE_FORCE_ATTACK-0018,WIN-ARGUS-018,4,9,1,1,0,0,0,2.0,0,0,0,0,0,0,0.0,0.0,0.0,0,0,0,0,3,2,3,8239,8879,5.0,5,4,1,3,1,brute_force_attack,ACCESS
BRUTE_FORCE_ATTACK-0018,WIN-ARGUS-018,5,8,1,1,0,0,0,2.0,0,0,0,0,0,0,0.0,0.0,0.0,0,0,0,0,1,1,1,2410,1060,0.0,6,5,1,3,1,brute_force_attack,ACCESS
BRUTE_FORCE_ATTACK-0019,WIN-ARGUS-019,0,9,1,1,0,0,0,2.0,0,0,0,0,0,0,0.0,0.0,0.0,0,0,0,0,3,3,3,10457,9919,2.5,5,4,1,3,1,brute_force_attack,ACCESS
BRUTE_FORCE_ATTACK-0019,WIN-ARGUS-019,1,8,1,1,0,0,0,2.0,0,0,0,0,0,0,0.0,0.0,0.0,0,0,0,0,2,1,2,3749,5670,10.0,5,4,1,3,1,brute_force_attack,ACCESS
BRUTE_FORCE_ATTACK-0019,WIN-ARGUS-019,2,10,1,1,0,0,0,2.0,0,0,0,0,0,0,0.0,0.0,0.0,0,0,0,0,2,2,1,6825,8846,8.0,7,6,1,3,1,brute_force_attack,ACCESS
BRUTE_FORCE_ATTACK-0019,WIN-ARGUS-019,3,9,1,1,0,0,0,2.0,0,0,0,0,0,0,0.0,0.0,0.0,0,0,0,0,1,1,1,375,2734,0.0,7,6,1,3,1,brute_force_attack,ACCESS
BRUTE_FORCE_ATTACK-0019,WIN-ARGUS-019,4,7,1,1,0,0,0,2.0,0,0,0,0,0,0,0.0,0.0,0.0,0,0,0,0,1,1,1,4786,892,0.0,5,4,1,3,1,brute_force_attack,ACCESS
BRUTE_FORCE_ATTACK-0019,WIN-ARGUS-019,5,9,1,1,0,0,0,2.0,0,0,0,0,0,0,0.0,0.0,0.0,0,0,0,0,3,2,3,8177,7252,5.0,5,4,1,3,1,brute_force_attack,ACCESS
BRUTE_FORCE_ATTACK-0020,WIN-ARGUS-020,0,8,1,1,0,0,0,2.0,0,0,0,0,0,0,0.0,0.0,0.0,0,0,0,0,1,1,1,3525,536,0.0,6,5,1,3,1,brute_force_attack,ACCESS
BRUTE_FORCE_ATTACK-0020,WIN-ARGUS-020,1,7,1,1,0,0,0,2.0,0,0,0,0,0,0,0.0,0.0,0.0,0,0,0,0,1,1,1,666,1405,0.0,5,4,1,3,1,brute_force_attack,ACCESS
BRUTE_FORCE_ATTACK-0020,WIN-ARGUS-020,2,10,1,1,0,0,0,2.0,0,0,0,0,0,0,0.0,0.0,0.0,0,0,0,0,3,2,1,5664,5892,3.5,6,5,1,3,1,brute_force_attack,ACCESS
BRUTE_FORCE_ATTACK-0020,WIN-ARGUS-020,3,10,1,1,0,0,0,2.0,0,0,0,0,0,0,0.0,0.0,0.0,0,0,0,0,2,2,2,2706,7682,13.0,7,6,1,3,1,brute_force_attack,ACCESS
BRUTE_FORCE_ATTACK-0020,WIN-ARGUS-020,4,7,1,1,0,0,0,2.0,0,0,0,0,0,0,0.0,0.0,0.0,0,0,0,0,1,1,1,4820,1085,0.0,5,4,1,3,1,brute_force_attack,ACCESS
BRUTE_FORCE_ATTACK-0020,WIN-ARGUS-020,5,7,1,1,0,0,0,2.0,0,0,0,0,0,0,0.0,0.0,0.0,0,0,0,0,1,1,1,4296,4665,0.0,5,4,1,3,1,brute_force_attack,ACCESS
BRUTE_FORCE_ATTACK-0021,WIN-ARGUS-021,0,8,1,1,0,0,0,2.0,0,0,0,0,0,0,0.0,0.0,0.0,0,0,0,0,2,1,2,6988,3570,12.0,5,4,1,3,1,brute_force_attack,ACCESS
BRUTE_FORCE_ATTACK-0021,WIN-ARGUS-021,1,10,1,1,0,0,0,2.0,0,0,0,0,0,0,0.0,0.0,0.0,0,0,0,0,3,3,3,4350,7136,3.0,6,5,1,3,1,brute_force_attack,ACCESS
BRUTE_FORCE_ATTACK-0021,WIN-ARGUS-021,2,9,1,1,0,0,0,2.0,0,0,0,0,0,0,0.0,0.0,0.0,0,0,0,0,2,2,2,7263,3326,9.0,6,5,1,3,1,brute_force_attack,ACCESS
BRUTE_FORCE_ATTACK-0021,WIN-ARGUS-021,3,10,1,1,0,0,0,2.0,0,0,0,0,0,0,0.0,0.0,0.0,0,0,0,0,2,1,1,1543,5332,6.0,7,6,1,3,1,brute_force_attack,ACCESS
BRUTE_FORCE_ATTACK-0021,WIN-ARGUS-021,4,9,1,1,0,0,0,2.0,0,0,0,0,0,0,0.0,0.0,0.0,0,0,0,0,3,2,2,6889,5181,3.5,5,4,1,3,1,brute_force_attack,ACCESS
BRUTE_FORCE_ATTACK-0021,WIN-ARGUS-021,5,9,1,1,0,0,0,2.0,0,0,0,0,0,0,0.0,0.0,0.0,0,0,0,0,1,1,1,4778,2063,0.0,7,6,1,3,1,brute_force_attack,ACCESS
BRUTE_FORCE_ATTACK-0022,WIN-ARGUS-022,0,9,1,1,0,0,0,2.0,0,0,0,0,0,0,0.0,0.0,0.0,0,0,0,0,2,2,2,5944,6177,6.0,6,5,1,3,1,brute_force_attack,ACCESS
BRUTE_FORCE_ATTACK-0022,WIN-ARGUS-022,1,7,1,1,0,0,0,2.0,0,0,0,0,0,0,0.0,0.0,0.0,0,0,0,0,1,1,1,4387,1064,0.0,5,4,1,3,1,brute_force_attack,ACCESS
BRUTE_FORCE_ATTACK-0022,WIN-ARGUS-022,2,9,1,1,0,0,0,2.0,0,0,0,0,0,0,0.0,0.0,0.0,0,0,0,0,1,1,1,729,4038,0.0,7,6,1,3,1,brute_force_attack,ACCESS
BRUTE_FORCE_ATTACK-0022,WIN-ARGUS-022,3,9,1,1,0,0,0,2.0,0,0,0,0,0,0,0.0,0.0,0.0,0,0,0,0,2,2,2,3214,4810,7.0,6,5,1,3,1,brute_force_attack,ACCESS
BRUTE_FORCE_ATTACK-0022,WIN-ARGUS-022,4,10,1,1,0,0,0,2.0,0,0,0,0,0,0,0.0,0.0,0.0,0,0,0,0,3,2,2,9147,7376,9.0,6,5,1,3,1,brute_force_attack,ACCESS
BRUTE_FORCE_ATTACK-0022,WIN-ARGUS-022,5,9,1,1,0,0,0,2.0,0,0,0,0,0,0,0.0,0.0,0.0,0,0,0,0,1,1,1,474,289,0.0,7,6,1,3,1,brute_force_attack,ACCESS
BRUTE_FORCE_ATTACK-0023,WIN-ARGUS-023,0,11,1,1,0,0,0,2.0,0,0,0,0,0,0,0.0,0.0,0.0,0,0,0,0,3,2,2,7746,4245,2.5,7,6,1,3,1,brute_force_attack,ACCESS
BRUTE_FORCE_ATTACK-0023,WIN-ARGUS-023,1,10,1,1,0,0,0,2.0,0,0,0,0,0,0,0.0,0.0,0.0,0,0,0,0,3,2,2,9499,10289,7.5,6,5,1,3,1,brute_force_attack,ACCESS
BRUTE_FORCE_ATTACK-0023,WIN-ARGUS-023,2,8,1,1,0,0,0,2.0,0,0,0,0,0,0,0.0,0.0,0.0,0,0,0,0,1,1,1,1889,4067,0.0,6,5,1,3,1,brute_force_attack,ACCESS
BRUTE_FORCE_ATTACK-0023,WIN-ARGUS-023,3,11,1,1,0,0,0,2.0,0,0,0,0,0,0,0.0,0.0,0.0,0,0,0,0,3,2,3,9788,5341,7.0,7,6,1,3,1,brute_force_attack,ACCESS
BRUTE_FORCE_ATTACK-0023,WIN-ARGUS-023,4,11,1,1,0,0,0,2.0,0,0,0,0,0,0,0.0,0.0,0.0,0,0,0,0,3,3,2,9738,8037,2.5,7,6,1,3,1,brute_force_attack,ACCESS
BRUTE_FORCE_ATTACK-0023,WIN-ARGUS-023,5,7,1,1,0,0,0,2.0,0,0,0,0,0,0,0.0,0.0,0.0,0,0,0,0,1,1,1,3593,4198,0.0,5,4,1,3,1,brute_force_attack,ACCESS
BRUTE_FORCE_ATTACK-0024,WIN-ARGUS-024,0,9,1,1,0,0,0,2.0,0,0,0,0,0,0,0.0,0.0,0.0,0,0,0,0,2,1,1,8224,4573,5.0,6,5,1,3,1,brute_force_attack,ACCESS
BRUTE_FORCE_ATTACK-0024,WIN-ARGUS-024,1,8,1,1,0,0,0,2.0,0,0,0,0,0,0,0.0,0.0,0.0,0,0,0,0,1,1,1,4016,3362,0.0,6,5,1,3,1,brute_force_attack,ACCESS
BRUTE_FORCE_ATTACK-0024,WIN-ARGUS-024,2,10,1,1,0,0,0,2.0,0,0,0,0,0,0,0.0,0.0,0.0,0,0,0,0,3,3,2,13324,2066,7.0,6,5,1,3,1,brute_force_attack,ACCESS
BRUTE_FORCE_ATTACK-0024,WIN-ARGUS-024,3,8,1,1,0,0,0,2.0,0,0,0,0,0,0,0.0,0.0,0.0,0,0,0,0,2,1,1,7724,1669,1.0,5,4,1,3,1,brute_force_attack,ACCESS
BRUTE_FORCE_ATTACK-0024,WIN-ARGUS-024,4,11,1,1,0,0,0,2.0,0,0,0,0,0,0,0.0,0.0,0.0,0,0,0,0,3,2,2,10595,6263,8.0,7,6,1,3,1,brute_force_attack,ACCESS
BRUTE_FORCE_ATTACK-0024,WIN-ARGUS-024,5,11,1,1,0,0,0,2.0,0,0,0,0,0,0,0.0,0.0,0.0,0,0,0,0,3,1,1,9416,9152,5.0,7,6,1,3,1,brute_force_attack,ACCESS
BRUTE_FORCE_ATTACK-0025,WIN-ARGUS-025,0,9,1,1,0,0,0,2.0,0,0,0,0,0,0,0.0,0.0,0.0,0,0,0,0,3,1,1,6686,10053,6.0,5,4,1,3,1,brute_force_attack,ACCESS
BRUTE_FORCE_ATTACK-0025,WIN-ARGUS-025,1,10,1,1,0,0,0,2.0,0,0,0,0,0,0,0.0,0.0,0.0,0,0,0,0,2,2,2,6663,7751,6.0,7,6,1,3,1,brute_force_attack,ACCESS
BRUTE_FORCE_ATTACK-0025,WIN-ARGUS-025,2,10,1,1,0,0,0,2.0,0,0,0,0,0,0,0.0,0.0,0.0,0,0,0,0,2,2,2,5601,8109,6.0,7,6,1,3,1,brute_force_attack,ACCESS
BRUTE_FORCE_ATTACK-0025,WIN-ARGUS-025,3,7,1,1,0,0,0,2.0,0,0,0,0,0,0,0.0,0.0,0.0,0,0,0,0,1,1,1,2942,4407,0.0,5,4,1,3,1,brute_force_attack,ACCESS
BRUTE_FORCE_ATTACK-0025,WIN-ARGUS-025,4,10,1,1,0,0,0,2.0,0,0,0,0,0,0,0.0,0.0,0.0,0,0,0,0,2,1,1,2965,772,20.0,7,6,1,3,1,brute_force_attack,ACCESS
BRUTE_FORCE_ATTACK-0025,WIN-ARGUS-025,5,10,1,1,0,0,0,2.0,0,0,0,0,0,0,0.0,0.0,0.0,0,0,0,0,3,2,2,4409,9243,5.0,6,5,1,3,1,brute_force_attack,ACCESS
BRUTE_FORCE_ATTACK-0026,WIN-ARGUS-026,0,9,1,1,0,0,0,2.0,0,0,0,0,0,0,0.0,0.0,0.0,0,0,0,0,3,2,3,10312,7169,7.0,5,4,1,3,1,brute_force_attack,ACCESS
BRUTE_FORCE_ATTACK-0026,WIN-ARGUS-026,1,8,1,1,0,0,0,2.0,0,0,0,0,0,0,0.0,0.0,0.0,0,0,0,0,2,2,2,2022,2708,12.0,5,4,1,3,1,brute_force_attack,ACCESS
BRUTE_FORCE_ATTACK-0026,WIN-ARGUS-026,2,9,1,1,0,0,0,2.0,0,0,0,0,0,0,0.0,0.0,0.0,0,0,0,0,1,1,1,208,4866,0.0,7,6,1,3,1,brute_force_attack,ACCESS
BRUTE_FORCE_ATTACK-0026,WIN-ARGUS-026,3,9,1,1,0,0,0,2.0,0,0,0,0,0,0,0.0,0.0,0.0,0,0,0,0,3,2,2,8422,4726,2.0,5,4,1,3,1,brute_force_attack,ACCESS
BRUTE_FORCE_ATTACK-0026,WIN-ARGUS-026,4,8,1,1,0,0,0,2.0,0,0,0,0,0,0,0.0,0.0,0.0,0,0,0,0,1,1,1,3471,877,0.0,6,5,1,3,1,brute_force_attack,ACCESS
BRUTE_FORCE_ATTACK-0026,WIN-ARGUS-026,5,9,1,1,0,0,0,2.0,0,0,0,0,0,0,0.0,0.0,0.0,0,0,0,0,2,2,2,987,8501,16.0,6,5,1,3,1,brute_force_attack,ACCESS
BRUTE_FORCE_ATTACK-0027,WIN-ARGUS-027,0,8,1,1,0,0,0,2.0,0,0,0,0,0,0,0.0,0.0,0.0,0,0,0,0,2,2,1,4414,788,10.0,5,4,1,3,1,brute_force_attack,ACCESS
BRUTE_FORCE_ATTACK-0027,WIN-ARGUS-027,1,11,1,1,0,0,0,2.0,0,0,0,0,0,0,0.0,0.0,0.0,0,0,0,0,3,1,2,6054,8213,7.5,7,6,1,3,1,brute_force_attack,ACCESS
BRUTE_FORCE_ATTACK-0027,WIN-ARGUS-027,2,8,1,1,0,0,0,2.0,0,0,0,0,0,0,0.0,0.0,0.0,0,0,0,0,2,2,1,5294,4242,3.0,5,4,1,3,1,brute_force_attack,ACCESS
BRUTE_FORCE_ATTACK-0027,WIN-ARGUS-027,3,11,1,1,0,0,0,2.0,0,0,0,0,0,0,0.0,0.0,0.0,0,0,0,0,3,3,2,6221,11115,6.0,7,6,1,3,1,brute_force_attack,ACCESS
BRUTE_FORCE_ATTACK-0027,WIN-ARGUS-027,4,10,1,1,0,0,0,2.0,0,0,0,0,0,0,0.0,0.0,0.0,0,0,0,0,2,2,2,5253,5538,7.0,7,6,1,3,1,brute_force_attack,ACCESS
BRUTE_FORCE_ATTACK-0027,WIN-ARGUS-027,5,9,1,1,0,0,0,2.0,0,0,0,0,0,0,0.0,0.0,0.0,0,0,0,0,2,2,1,2952,3306,4.0,6,5,1,3,1,brute_force_attack,ACCESS
BRUTE_FORCE_ATTACK-0028,WIN-ARGUS-028,0,9,1,1,0,0,0,2.0,0,0,0,0,0,0,0.0,0.0,0.0,0,0,0,0,1,1,1,1011,1242,0.0,7,6,1,3,1,brute_force_attack,ACCESS
BRUTE_FORCE_ATTACK-0028,WIN-ARGUS-028,1,7,1,1,0,0,0,2.0,0,0,0,0,0,0,0.0,0.0,0.0,0,0,0,0,1,1,1,576,4037,0.0,5,4,1,3,1,brute_force_attack,ACCESS
BRUTE_FORCE_ATTACK-0028,WIN-ARGUS-028,2,8,1,1,0,0,0,2.0,0,0,0,0,0,0,0.0,0.0,0.0,0,0,0,0,2,2,2,5299,6880,14.0,5,4,1,3,1,brute_force_attack,ACCESS
BRUTE_FORCE_ATTACK-0028,WIN-ARGUS-028,3,11,1,1,0,0,0,2.0,0,0,0,0,0,0,0.0,0.0,0.0,0,0,0,0,3,2,3,10823,8743,8.5,7,6,1,3,1,brute_force_attack,ACCESS
BRUTE_FORCE_ATTACK-0028,WIN-ARGUS-028,4,7,1,1,0,0,0,2.0,0,0,0,0,0,0,0.0,0.0,0.0,0,0,0,0,1,1,1,2498,378,0.0,5,4,1,3,1,brute_force_attack,ACCESS
BRUTE_FORCE_ATTACK-0028,WIN-ARGUS-028,5,9,1,1,0,0,0,2.0,0,0,0,0,0,0,0.0,0.0,0.0,0,0,0,0,2,2,1,5898,5742,4.0,6,5,1,3,1,brute_force_attack,ACCESS
BRUTE_FORCE_ATTACK-0029,WIN-ARGUS-029,0,8,1,1,0,0,0,2.0,0,0,0,0,0,0,0.0,0.0,0.0,0,0,0,0,1,1,1,2219,2578,0.0,6,5,1,3,1,brute_force_attack,ACCESS
BRUTE_FORCE_ATTACK-0029,WIN-ARGUS-029,1,10,1,1,0,0,0,2.0,0,0,0,0,0,0,0.0,0.0,0.0,0,0,0,0,3,1,2,13677,5406,11.0,6,5,1,3,1,brute_force_attack,ACCESS
BRUTE_FORCE_ATTACK-0029,WIN-ARGUS-029,2,10,1,1,0,0,0,2.0,0,0,0,0,0,0,0.0,0.0,0.0,0,0,0,0,3,2,2,7891,9889,5.5,6,5,1,3,1,brute_force_attack,ACCESS
BRUTE_FORCE_ATTACK-0029,WIN-ARGUS-029,3,11,1,1,0,0,0,2.0,0,0,0,0,0,0,0.0,0.0,0.0,0,0,0,0,3,2,2,7294,8109,6.0,7,6,1,3,1,brute_force_attack,ACCESS
BRUTE_FORCE_ATTACK-0029,WIN-ARGUS-029,4,8,1,1,0,0,0,2.0,0,0,0,0,0,0,0.0,0.0,0.0,0,0,0,0,1,1,1,4026,3690,0.0,6,5,1,3,1,brute_force_attack,ACCESS
BRUTE_FORCE_ATTACK-0029,WIN-ARGUS-029,5,9,1,1,0,0,0,2.0,0,0,0,0,0,0,0.0,0.0,0.0,0,0,0,0,2,2,1,3820,1933,2.0,6,5,1,3,1,brute_force_attack,ACCESS
BRUTE_FORCE_ATTACK-0030,WIN-ARGUS-030,0,9,1,1,0,0,0,2.0,0,0,0,0,0,0,0.0,0.0,0.0,0,0,0,0,1,1,1,2032,259,0.0,7,6,1,3,1,brute_force_attack,ACCESS
BRUTE_FORCE_ATTACK-0030,WIN-ARGUS-030,1,9,1,1,0,0,0,2.0,0,0,0,0,0,0,0.0,0.0,0.0,0,0,0,0,1,1,1,1406,792,0.0,7,6,1,3,1,brute_force_attack,ACCESS
BRUTE_FORCE_ATTACK-0030,WIN-ARGUS-030,2,7,1,1,0,0,0,2.0,0,0,0,0,0,0,0.0,0.0,0.0,0,0,0,0,1,1,1,2380,2599,0.0,5,4,1,3,1,brute_force_attack,ACCESS
BRUTE_FORCE_ATTACK-0030,WIN-ARGUS-030,3,7,1,1,0,0,0,2.0,0,0,0,0,0,0,0.0,0.0,0.0,0,0,0,0,1,1,1,1408,3884,0.0,5,4,1,3,1,brute_force_attack,ACCESS
BRUTE_FORCE_ATTACK-0030,WIN-ARGUS-030,4,11,1,1,0,0,0,2.0,0,0,0,0,0,0,0.0,0.0,0.0,0,0,0,0,3,3,2,7296,2978,6.0,7,6,1,3,1,brute_force_attack,ACCESS
BRUTE_FORCE_ATTACK-0030,WIN-ARGUS-030,5,11,1,1,0,0,0,2.0,0,0,0,0,0,0,0.0,0.0,0.0,0,0,0,0,3,2,2,9507,7408,6.5,7,6,1,3,1,brute_force_attack,ACCESS
BRUTE_FORCE_ATTACK-0031,WIN-ARGUS-031,0,10,1,1,0,0,0,2.0,0,0,0,0,0,0,0.0,0.0,0.0,0,0,0,0,2,2,2,4373,5778,1.0,7,6,1,3,1,brute_force_attack,ACCESS
BRUTE_FORCE_ATTACK-0031,WIN-ARGUS-031,1,10,1,1,0,0,0,2.0,0,0,0,0,0,0,0.0,0.0,0.0,0,0,0,0,2,2,2,7602,982,22.0,7,6,1,3,1,brute_force_attack,ACCESS
BRUTE_FORCE_ATTACK-0031,WIN-ARGUS-031,2,8,1,1,0,0,0,2.0,0,0,0,0,0,0,0.0,0.0,0.0,0,0,0,0,2,2,2,6455,5189,1.0,5,4,1,3,1,brute_force_attack,ACCESS
BRUTE_FORCE_ATTACK-0031,WIN-ARGUS-031,3,9,1,1,0,0,0,2.0,0,0,0,0,0,0,0.0,0.0,0.0,0,0,0,0,3,3,2,5064,10555,2.0,5,4,1,3,1,brute_force_attack,ACCESS
BRUTE_FORCE_ATTACK-0031,WIN-ARGUS-031,4,8,1,1,0,0,0,2.0,0,0,0,0,0,0,0.0,0.0,0.0,0,0,0,0,1,1,1,1430,1077,0.0,6,5,1,3,1,brute_force_attack,ACCESS
BRUTE_FORCE_ATTACK-0031,WIN-ARGUS-031,5,9,1,1,0,0,0,2.0,0,0,0,0,0,0,0.0,0.0,0.0,0,0,0,0,1,1,1,3188,2861,0.0,7,6,1,3,1,brute_force_attack,ACCESS
BRUTE_FORCE_ATTACK-0032,WIN-ARGUS-032,0,8,1,1,0,0,0,2.0,0,0,0,0,0,0,0.0,0.0,0.0,0,0,0,0,1,1,1,3919,4787,0.0,6,5,1,3,1,brute_force_attack,ACCESS
BRUTE_FORCE_ATTACK-0032,WIN-ARGUS-032,1,10,1,1,0,0,0,2.0,0,0,0,0,0,0,0.0,0.0,0.0,0,0,0,0,3,2,3,9142,9517,5.5,6,5,1,3,1,brute_force_attack,ACCESS
BRUTE_FORCE_ATTACK-0032,WIN-ARGUS-032,2,7,1,1,0,0,0,2.0,0,0,0,0,0,0,0.0,0.0,0.0,0,0,0,0,1,1,1,4658,1643,0.0,5,4,1,3,1,brute_force_attack,ACCESS
BRUTE_FORCE_ATTACK-0032,WIN-ARGUS-032,3,10,1,1,0,0,0,2.0,0,0,0,0,0,0,0.0,0.0,0.0,0,0,0,0,2,1,2,2916,3004,12.0,7,6,1,3,1,brute_force_attack,ACCESS
BRUTE_FORCE_ATTACK-0032,WIN-ARGUS-032,4,7,1,1,0,0,0,2.0,0,0,0,0,0,0,0.0,0.0,0.0,0,0,0,0,1,1,1,3966,4957,0.0,5,4,1,3,1,brute_force_attack,ACCESS
BRUTE_FORCE_ATTACK-0032,WIN-ARGUS-032,5,10,1,1,0,0,0,2.0,0,0,0,0,0,0,0.0,0.0,0.0,0,0,0,0,3,3,2,3628,6479,10.0,6,5,1,3,1,brute_force_attack,ACCESS
BRUTE_FORCE_ATTACK-0033,WIN-ARGUS-033,0,9,1,1,0,0,0,2.0,0,0,0,0,0,0,0.0,0.0,0.0,0,0,0,0,3,2,2,5093,6177,6.0,5,4,1,3,1,brute_force_attack,ACCESS
BRUTE_FORCE_ATTACK-0033,WIN-ARGUS-033,1,11,1,1,0,0,0,2.0,0,0,0,0,0,0,0.0,0.0,0.0,0,0,0,0,3,2,1,11332,6336,7.0,7,6,1,3,1,brute_force_attack,ACCESS
BRUTE_FORCE_ATTACK-0033,WIN-ARGUS-033,2,9,1,1,0,0,0,2.0,0,0,0,0,0,0,0.0,0.0,0.0,0,0,0,0,2,2,2,7966,2824,3.0,6,5,1,3,1,brute_force_attack,ACCESS
BRUTE_FORCE_ATTACK-0033,WIN-ARGUS-033,3,11,1,1,0,0,0,2.0,0,0,0,0,0,0,0.0,0.0,0.0,0,0,0,0,3,2,3,4381,6231,2.5,7,6,1,3,1,brute_force_attack,ACCESS
BRUTE_FORCE_ATTACK-0033,WIN-ARGUS-033,4,9,1,1,0,0,0,2.0,0,0,0,0,0,0,0.0,0.0,0.0,0,0,0,0,1,1,1,4839,3413,0.0,7,6,1,3,1,brute_force_attack,ACCESS
BRUTE_FORCE_ATTACK-0033,WIN-ARGUS-033,5,9,1,1,0,0,0,2.0,0,0,0,0,0,0,0.0,0.0,0.0,0,0,0,0,1,1,1,1834,4036,0.0,7,6,1,3,1,brute_force_attack,ACCESS
BRUTE_FORCE_ATTACK-0034,WIN-ARGUS-034,0,10,1,1,0,0,0,2.0,0,0,0,0,0,0,0.0,0.0,0.0,0,0,0,0,2,2,2,5781,4502,9.0,7,6,1,3,1,brute_force_attack,ACCESS
BRUTE_FORCE_ATTACK-0034,WIN-ARGUS-034,1,8,1,1,0,0,0,2.0,0,0,0,0,0,0,0.0,0.0,0.0,0,0,0,0,2,2,1,8685,3384,23.0,5,4,1,3,1,brute_force_attack,ACCESS
BRUTE_FORCE_ATTACK-0034,WIN-ARGUS-034,2,7,1,1,0,0,0,2.0,0,0,0,0,0,0,0.0,0.0,0.0,0,0,0,0,1,1,1,4843,835,0.0,5,4,1,3,1,brute_force_attack,ACCESS
BRUTE_FORCE_ATTACK-0034,WIN-ARGUS-034,3,11,1,1,0,0,0,2.0,0,0,0,0,0,0,0.0,0.0,0.0,0,0,0,0,3,3,2,13513,6686,5.5,7,6,1,3,1,brute_force_attack,ACCESS
BRUTE_FORCE_ATTACK-0034,WIN-ARGUS-034,4,9,1,1,0,0,0,2.0,0,0,0,0,0,0,0.0,0.0,0.0,0,0,0,0,1,1,1,4340,867,0.0,7,6,1,3,1,brute_force_attack,ACCESS
BRUTE_FORCE_ATTACK-0034,WIN-ARGUS-034,5,7,1,1,0,0,0,2.0,0,0,0,0,0,0,0.0,0.0,0.0,0,0,0,0,1,1,1,1431,4441,0.0,5,4,1,3,1,brute_force_attack,ACCESS
BRUTE_FORCE_ATTACK-0035,WIN-ARGUS-035,0,9,1,1,0,0,0,2.0,0,0,0,0,0,0,0.0,0.0,0.0,0,0,0,0,3,3,2,7659,4141,9.5,5,4,1,3,1,brute_force_attack,ACCESS
BRUTE_FORCE_ATTACK-0035,WIN-ARGUS-035,1,9,1,1,0,0,0,2.0,0,0,0,0,0,0,0.0,0.0,0.0,0,0,0,0,1,1,1,1295,1172,0.0,7,6,1,3,1,brute_force_attack,ACCESS
BRUTE_FORCE_ATTACK-0035,WIN-ARGUS-035,2,11,1,1,0,0,0,2.0,0,0,0,0,0,0,0.0,0.0,0.0,0,0,0,0,3,1,2,10931,11666,9.5,7,6,1,3,1,brute_force_attack,ACCESS
BRUTE_FORCE_ATTACK-0035,WIN-ARGUS-035,3,11,1,1,0,0,0,2.0,0,0,0,0,0,0,0.0,0.0,0.0,0,0,0,0,3,2,1,5304,10187,7.0,7,6,1,3,1,brute_force_attack,ACCESS
BRUTE_FORCE_ATTACK-0035,WIN-ARGUS-035,4,9,1,1,0,0,0,2.0,0,0,0,0,0,0,0.0,0.0,0.0,0,0,0,0,2,1,1,9193,6615,19.0,6,5,1,3,1,brute_force_attack,ACCESS
BRUTE_FORCE_ATTACK-0035,WIN-ARGUS-035,5,11,1,1,0,0,0,2.0,0,0,0,0,0,0,0.0,0.0,0.0,0,0,0,0,3,3,3,13510,9480,5.5,7,6,1,3,1,brute_force_attack,ACCESS
BRUTE_FORCE_ATTACK-0036,WIN-ARGUS-036,0,8,1,1,0,0,0,2.0,0,0,0,0,0,0,0.0,0.0,0.0,0,0,0,0,2,1,2,7747,7685,12.0,5,4,1,3,1,brute_force_attack,ACCESS
BRUTE_FORCE_ATTACK-0036,WIN-ARGUS-036,1,10,1,1,0,0,0,2.0,0,0,0,0,0,0,0.0,0.0,0.0,0,0,0,0,2,2,2,5670,3173,10.0,7,6,1,3,1,brute_force_attack,ACCESS
BRUTE_FORCE_ATTACK-0036,WIN-ARGUS-036,2,9,1,1,0,0,0,2.0,0,0,0,0,0,0,0.0,0.0,0.0,0,0,0,0,3,2,2,7104,7235,16.0,5,4,1,3,1,brute_force_attack,ACCESS
BRUTE_FORCE_ATTACK-0036,WIN-ARGUS-036,3,9,1,1,0,0,0,2.0,0,0,0,0,0,0,0.0,0.0,0.0,0,0,0,0,2,2,1,9722,2795,6.0,6,5,1,3,1,brute_force_attack,ACCESS
BRUTE_FORCE_ATTACK-0036,WIN-ARGUS-036,4,8,1,1,0,0,0,2.0,0,0,0,0,0,0,0.0,0.0,0.0,0,0,0,0,2,2,1,5714,6364,16.0,5,4,1,3,1,brute_force_attack,ACCESS
BRUTE_FORCE_ATTACK-0036,WIN-ARGUS-036,5,10,1,1,0,0,0,2.0,0,0,0,0,0,0,0.0,0.0,0.0,0,0,0,0,3,2,2,8677,10970,5.5,6,5,1,3,1,brute_force_attack,ACCESS
BRUTE_FORCE_ATTACK-0037,WIN-ARGUS-037,0,10,1,1,0,0,0,2.0,0,0,0,0,0,0,0.0,0.0,0.0,0,0,0,0,2,2,2,3383,4267,16.0,7,6,1,3,1,brute_force_attack,ACCESS
BRUTE_FORCE_ATTACK-0037,WIN-ARGUS-037,1,10,1,1,0,0,0,2.0,0,0,0,0,0,0,0.0,0.0,0.0,0,0,0,0,3,2,2,7600,6577,9.5,6,5,1,3,1,brute_force_attack,ACCESS
BRUTE_FORCE_ATTACK-0037,WIN-ARGUS-037,2,9,1,1,0,0,0,2.0,0,0,0,0,0,0,0.0,0.0,0.0,0,0,0,0,1,1,1,205,4363,0.0,7,6,1,3,1,brute_force_attack,ACCESS
BRUTE_FORCE_ATTACK-0037,WIN-ARGUS-037,3,9,1,1,0,0,0,2.0,0,0,0,0,0,0,0.0,0.0,0.0,0,0,0,0,2,2,1,6004,8818,5.0,6,5,1,3,1,brute_force_attack,ACCESS
BRUTE_FORCE_ATTACK-0037,WIN-ARGUS-037,4,9,1,1,0,0,0,2.0,0,0,0,0,0,0,0.0,0.0,0.0,0,0,0,0,2,2,2,9257,6775,8.0,6,5,1,3,1,brute_force_attack,ACCESS
BRUTE_FORCE_ATTACK-0037,WIN-ARGUS-037,5,7,1,1,0,0,0,2.0,0,0,0,0,0,0,0.0,0.0,0.0,0,0,0,0,1,1,1,984,3217,0.0,5,4,1,3,1,brute_force_attack,ACCESS
BRUTE_FORCE_ATTACK-0038,WIN-ARGUS-038,0,8,1,1,0,0,0,2.0,0,0,0,0,0,0,0.0,0.0,0.0,0,0,0,0,2,2,1,6287,3646,8.0,5,4,1,3,1,brute_force_attack,ACCESS
BRUTE_FORCE_ATTACK-0038,WIN-ARGUS-038,1,8,1,1,0,0,0,2.0,0,0,0,0,0,0,0.0,0.0,0.0,0,0,0,0,1,1,1,4129,1961,0.0,6,5,1,3,1,brute_force_attack,ACCESS
BRUTE_FORCE_ATTACK-0038,WIN-ARGUS-038,2,7,1,1,0,0,0,2.0,0,0,0,0,0,0,0.0,0.0,0.0,0,0,0,0,1,1,1,3480,730,0.0,5,4,1,3,1,brute_force_attack,ACCESS
BRUTE_FORCE_ATTACK-0038,WIN-ARGUS-038,3,9,1,1,0,0,0,2.0,0,0,0,0,0,0,0.0,0.0,0.0,0,0,0,0,3,1,2,7036,4167,17.0,5,4,1,3,1,brute_force_attack,ACCESS
BRUTE_FORCE_ATTACK-0038,WIN-ARGUS-038,4,9,1,1,0,0,0,2.0,0,0,0,0,0,0,0.0,0.0,0.0,0,0,0,0,3,1,2,2337,7688,2.0,5,4,1,3,1,brute_force_attack,ACCESS
BRUTE_FORCE_ATTACK-0038,WIN-ARGUS-038,5,10,1,1,0,0,0,2.0,0,0,0,0,0,0,0.0,0.0,0.0,0,0,0,0,2,1,2,6374,5647,6.0,7,6,1,3,1,brute_force_attack,ACCESS
BRUTE_FORCE_ATTACK-0039,WIN-ARGUS-039,0,9,1,1,0,0,0,2.0,0,0,0,0,0,0,0.0,0.0,0.0,0,0,0,0,3,2,2,12723,8022,2.5,5,4,1,3,1,brute_force_attack,ACCESS
BRUTE_FORCE_ATTACK-0039,WIN-ARGUS-039,1,9,1,1,0,0,0,2.0,0,0,0,0,0,0,0.0,0.0,0.0,0,0,0,0,3,2,3,11118,8548,9.0,5,4,1,3,1,brute_force_attack,ACCESS
BRUTE_FORCE_ATTACK-0039,WIN-ARGUS-039,2,9,1,1,0,0,0,2.0,0,0,0,0,0,0,0.0,0.0,0.0,0,0,0,0,2,2,2,5423,4866,8.0,6,5,1,3,1,brute_force_attack,ACCESS
BRUTE_FORCE_ATTACK-0039,WIN-ARGUS-039,3,8,1,1,0,0,0,2.0,0,0,0,0,0,0,0.0,0.0,0.0,0,0,0,0,1,1,1,584,1602,0.0,6,5,1,3,1,brute_force_attack,ACCESS
BRUTE_FORCE_ATTACK-0039,WIN-ARGUS-039,4,9,1,1,0,0,0,2.0,0,0,0,0,0,0,0.0,0.0,0.0,0,0,0,0,1,1,1,3163,616,0.0,7,6,1,3,1,brute_force_attack,ACCESS
BRUTE_FORCE_ATTACK-0039,WIN-ARGUS-039,5,8,1,1,0,0,0,2.0,0,0,0,0,0,0,0.0,0.0,0.0,0,0,0,0,1,1,1,4327,952,0.0,6,5,1,3,1,brute_force_attack,ACCESS
BRUTE_FORCE_ATTACK-0040,WIN-ARGUS-040,0,9,1,1,0,0,0,2.0,0,0,0,0,0,0,0.0,0.0,0.0,0,0,0,0,2,1,2,6989,856,15.0,6,5,1,3,1,brute_force_attack,ACCESS
BRUTE_FORCE_ATTACK-0040,WIN-ARGUS-040,1,11,1,1,0,0,0,2.0,0,0,0,0,0,0,0.0,0.0,0.0,0,0,0,0,3,2,2,9584,6084,3.5,7,6,1,3,1,brute_force_attack,ACCESS
BRUTE_FORCE_ATTACK-0040,WIN-ARGUS-040,2,9,1,1,0,0,0,2.0,0,0,0,0,0,0,0.0,0.0,0.0,0,0,0,0,2,2,2,4069,8942,17.0,6,5,1,3,1,brute_force_attack,ACCESS
BRUTE_FORCE_ATTACK-0040,WIN-ARGUS-040,3,10,1,1,0,0,0,2.0,0,0,0,0,0,0,0.0,0.0,0.0,0,0,0,0,3,2,2,6392,5998,8.0,6,5,1,3,1,brute_force_attack,ACCESS
BRUTE_FORCE_ATTACK-0040,WIN-ARGUS-040,4,9,1,1,0,0,0,2.0,0,0,0,0,0,0,0.0,0.0,0.0,0,0,0,0,2,1,1,7236,5077,4.0,6,5,1,3,1,brute_force_attack,ACCESS
BRUTE_FORCE_ATTACK-0040,WIN-ARGUS-040,5,7,1,1,0,0,0,2.0,0,0,0,0,0,0,0.0,0.0,0.0,0,0,0,0,1,1,1,2068,2143,0.0,5,4,1,3,1,brute_force_attack,ACCESS
BRUTE_FORCE_ATTACK-0041,WIN-ARGUS-041,0,8,1,1,0,0,0,2.0,0,0,0,0,0,0,0.0,0.0,0.0,0,0,0,0,2,2,2,6980,888,8.0,5,4,1,3,1,brute_force_attack,ACCESS
BRUTE_FORCE_ATTACK-0041,WIN-ARGUS-041,1,9,1,1,0,0,0,2.0,0,0,0,0,0,0,0.0,0.0,0.0,0,0,0,0,3,1,2,6864,7014,4.0,5,4,1,3,1,brute_force_attack,ACCESS
BRUTE_FORCE_ATTACK-0041,WIN-ARGUS-041,2,7,1,1,0,0,0,2.0,0,0,0,0,0,0,0.0,0.0,0.0,0,0,0,0,1,1,1,1215,2330,0.0,5,4,1,3,1,brute_force_attack,ACCESS
BRUTE_FORCE_ATTACK-0041,WIN-ARGUS-041,3,9,1,1,0,0,0,2.0,0,0,0,0,0,0,0.0,0.0,0.0,0,0,0,0,2,2,1,3683,6609,9.0,6,5,1,3,1,brute_force_attack,ACCESS
BRUTE_FORCE_ATTACK-0041,WIN-ARGUS-041,4,9,1,1,0,0,0,2.0,0,0,0,0,0,0,0.0,0.0,0.0,0,0,0,0,3,3,2,6144,9653,9.0,5,4,1,3,1,brute_force_attack,ACCESS
BRUTE_FORCE_ATTACK-0041,WIN-ARGUS-041,5,10,1,1,0,0,0,2.0,0,0,0,0,0,0,0.0,0.0,0.0,0,0,0,0,3,2,3,6983,8055,5.0,6,5,1,3,1,brute_force_attack,ACCESS
BRUTE_FORCE_ATTACK-0042,WIN-ARGUS-042,0,10,1,1,0,0,0,2.0,0,0,0,0,0,0,0.0,0.0,0.0,0,0,0,0,3,2,2,6377,7157,7.5,6,5,1,3,1,brute_force_attack,ACCESS
BRUTE_FORCE_ATTACK-0042,WIN-ARGUS-042,1,7,1,1,0,0,0,2.0,0,0,0,0,0,0,0.0,0.0,0.0,0,0,0,0,1,1,1,3021,1996,0.0,5,4,1,3,1,brute_force_attack,ACCESS
BRUTE_FORCE_ATTACK-0042,WIN-ARGUS-042,2,10,1,1,0,0,0,2.0,0,0,0,0,0,0,0.0,0.0,0.0,0,0,0,0,2,1,2,8759,3705,8.0,7,6,1,3,1,brute_force_attack,ACCESS
BRUTE_FORCE_ATTACK-0042,WIN-ARGUS-042,3,8,1,1,0,0,0,2.0,0,0,0,0,0,0,0.0,0.0,0.0,0,0,0,0,2,1,2,9118,5450,4.0,5,4,1,3,1,brute_force_attack,ACCESS
BRUTE_FORCE_ATTACK-0042,WIN-ARGUS-042,4,8,1,1,0,0,0,2.0,0,0,0,0,0,0,0.0,0.0,0.0,0,0,0,0,2,1,2,6683,7362,5.0,5,4,1,3,1,brute_force_attack,ACCESS
BRUTE_FORCE_ATTACK-0042,WIN-ARGUS-042,5,8,1,1,0,0,0,2.0,0,0,0,0,0,0,0.0,0.0,0.0,0,0,0,0,2,2,2,6209,6712,7.0,5,4,1,3,1,brute_force_attack,ACCESS
BRUTE_FORCE_ATTACK-0043,WIN-ARGUS-043,0,11,1,1,0,0,0,2.0,0,0,0,0,0,0,0.0,0.0,0.0,0,0,0,0,3,3,2,3270,7533,7.0,7,6,1,3,1,brute_force_attack,ACCESS
BRUTE_FORCE_ATTACK-0043,WIN-ARGUS-043,1,8,1,1,0,0,0,2.0,0,0,0,0,0,0,0.0,0.0,0.0,0,0,0,0,2,2,1,4254,4414,2.0,5,4,1,3,1,brute_force_attack,ACCESS
BRUTE_FORCE_ATTACK-0043,WIN-ARGUS-043,2,11,1,1,0,0,0,2.0,0,0,0,0,0,0,0.0,0.0,0.0,0,0,0,0,3,3,2,8896,3464,2.0,7,6,1,3,1,brute_force_attack,ACCESS
BRUTE_FORCE_ATTACK-0043,WIN-ARGUS-043,3,10,1,1,0,0,0,2.0,0,0,0,0,0,0,0.0,0.0,0.0,0,0,0,0,3,2,3,5637,9167,8.5,6,5,1,3,1,brute_force_attack,ACCESS
BRUTE_FORCE_ATTACK-0043,WIN-ARGUS-043,4,10,1,1,0,0,0,2.0,0,0,0,0,0,0,0.0,0.0,0.0,0,0,0,0,2,1,1,2814,7508,12.0,7,6,1,3,1,brute_force_attack,ACCESS
BRUTE_FORCE_ATTACK-0043,WIN-ARGUS-043,5,7,1,1,0,0,0,2.0,0,0,0,0,0,0,0.0,0.0,0.0,0,0,0,0,1,1,1,1212,350,0.0,5,4,1,3,1,brute_force_attack,ACCESS
BRUTE_FORCE_ATTACK-0044,WIN-ARGUS-044,0,9,1,1,0,0,0,2.0,0,0,0,0,0,0,0.0,0.0,0.0,0,0,0,0,1,1,1,3038,1240,0.0,7,6,1,3,1,brute_force_attack,ACCESS
BRUTE_FORCE_ATTACK-0044,WIN-ARGUS-044,1,9,1,1,0,0,0,2.0,0,0,0,0,0,0,0.0,0.0,0.0,0,0,0,0,1,1,1,3586,4699,0.0,7,6,1,3,1,brute_force_attack,ACCESS
BRUTE_FORCE_ATTACK-0044,WIN-ARGUS-044,2,9,1,1,0,0,0,2.0,0,0,0,0,0,0,0.0,0.0,0.0,0,0,0,0,2,2,2,4285,4770,19.0,6,5,1,3,1,brute_force_attack,ACCESS
BRUTE_FORCE_ATTACK-0044,WIN-ARGUS-044,3,11,1,1,0,0,0,2.0,0,0,0,0,0,0,0.0,0.0,0.0,0,0,0,0,3,2,3,7099,7942,4.0,7,6,1,3,1,brute_force_attack,ACCESS
BRUTE_FORCE_ATTACK-0044,WIN-ARGUS-044,4,10,1,1,0,0,0,2.0,0,0,0,0,0,0,0.0,0.0,0.0,0,0,0,0,3,2,2,5943,7673,11.0,6,5,1,3,1,brute_force_attack,ACCESS
BRUTE_FORCE_ATTACK-0044,WIN-ARGUS-044,5,7,1,1,0,0,0,2.0,0,0,0,0,0,0,0.0,0.0,0.0,0,0,0,0,1,1,1,4644,601,0.0,5,4,1,3,1,brute_force_attack,ACCESS
BRUTE_FORCE_ATTACK-0045,WIN-ARGUS-045,0,9,1,1,0,0,0,2.0,0,0,0,0,0,0,0.0,0.0,0.0,0,0,0,0,2,2,2,7611,4096,1.0,6,5,1,3,1,brute_force_attack,ACCESS
BRUTE_FORCE_ATTACK-0045,WIN-ARGUS-045,1,9,1,1,0,0,0,2.0,0,0,0,0,0,0,0.0,0.0,0.0,0,0,0,0,3,2,2,5862,8199,4.0,5,4,1,3,1,brute_force_attack,ACCESS
BRUTE_FORCE_ATTACK-0045,WIN-ARGUS-045,2,9,1,1,0,0,0,2.0,0,0,0,0,0,0,0.0,0.0,0.0,0,0,0,0,3,3,2,9265,12785,7.5,5,4,1,3,1,brute_force_attack,ACCESS
BRUTE_FORCE_ATTACK-0045,WIN-ARGUS-045,3,9,1,1,0,0,0,2.0,0,0,0,0,0,0,0.0,0.0,0.0,0,0,0,0,2,1,2,6050,3904,9.0,6,5,1,3,1,brute_force_attack,ACCESS
BRUTE_FORCE_ATTACK-0045,WIN-ARGUS-045,4,9,1,1,0,0,0,2.0,0,0,0,0,0,0,0.0,0.0,0.0,0,0,0,0,1,1,1,4304,2941,0.0,7,6,1,3,1,brute_force_attack,ACCESS
BRUTE_FORCE_ATTACK-0045,WIN-ARGUS-045,5,8,1,1,0,0,0,2.0,0,0,0,0,0,0,0.0,0.0,0.0,0,0,0,0,2,1,2,3471,4229,10.0,5,4,1,3,1,brute_force_attack,ACCESS
BRUTE_FORCE_ATTACK-0046,WIN-ARGUS-046,0,10,1,1,0,0,0,2.0,0,0,0,0,0,0,0.0,0.0,0.0,0,0,0,0,3,2,3,8633,11669,4.0,6,5,1,3,1,brute_force_attack,ACCESS
BRUTE_FORCE_ATTACK-0046,WIN-ARGUS-046,1,9,1,1,0,0,0,2.0,0,0,0,0,0,0,0.0,0.0,0.0,0,0,0,0,2,2,2,3014,8674,7.0,6,5,1,3,1,brute_force_attack,ACCESS
BRUTE_FORCE_ATTACK-0046,WIN-ARGUS-046,2,8,1,1,0,0,0,2.0,0,0,0,0,0,0,0.0,0.0,0.0,0,0,0,0,2,2,2,3206,5352,4.0,5,4,1,3,1,brute_force_attack,ACCESS
BRUTE_FORCE_ATTACK-0046,WIN-ARGUS-046,3,9,1,1,0,0,0,2.0,0,0,0,0,0,0,0.0,0.0,0.0,0,0,0,0,3,2,2,8828,7551,6.5,5,4,1,3,1,brute_force_attack,ACCESS
BRUTE_FORCE_ATTACK-0046,WIN-ARGUS-046,4,10,1,1,0,0,0,2.0,0,0,0,0,0,0,0.0,0.0,0.0,0,0,0,0,2,1,2,6256,8431,16.0,7,6,1,3,1,brute_force_attack,ACCESS
BRUTE_FORCE_ATTACK-0046,WIN-ARGUS-046,5,7,1,1,0,0,0,2.0,0,0,0,0,0,0,0.0,0.0,0.0,0,0,0,0,1,1,1,1945,2873,0.0,5,4,1,3,1,brute_force_attack,ACCESS
BRUTE_FORCE_ATTACK-0047,WIN-ARGUS-047,0,11,1,1,0,0,0,2.0,0,0,0,0,0,0,0.0,0.0,0.0,0,0,0,0,3,2,2,11641,7024,4.5,7,6,1,3,1,brute_force_attack,ACCESS
BRUTE_FORCE_ATTACK-0047,WIN-ARGUS-047,1,11,1,1,0,0,0,2.0,0,0,0,0,0,0,0.0,0.0,0.0,0,0,0,0,3,2,3,9524,9344,21.0,7,6,1,3,1,brute_force_attack,ACCESS
BRUTE_FORCE_ATTACK-0047,WIN-ARGUS-047,2,7,1,1,0,0,0,2.0,0,0,0,0,0,0,0.0,0.0,0.0,0,0,0,0,1,1,1,2891,2473,0.0,5,4,1,3,1,brute_force_attack,ACCESS
BRUTE_FORCE_ATTACK-0047,WIN-ARGUS-047,3,10,1,1,0,0,0,2.0,0,0,0,0,0,0,0.0,0.0,0.0,0,0,0,0,3,2,2,7422,5185,10.0,6,5,1,3,1,brute_force_attack,ACCESS
BRUTE_FORCE_ATTACK-0047,WIN-ARGUS-047,4,9,1,1,0,0,0,2.0,0,0,0,0,0,0,0.0,0.0,0.0,0,0,0,0,1,1,1,3953,1624,0.0,7,6,1,3,1,brute_force_attack,ACCESS
BRUTE_FORCE_ATTACK-0047,WIN-ARGUS-047,5,8,1,1,0,0,0,2.0,0,0,0,0,0,0,0.0,0.0,0.0,0,0,0,0,1,1,1,4053,210,0.0,6,5,1,3,1,brute_force_attack,ACCESS
BRUTE_FORCE_ATTACK-0048,WIN-ARGUS-048,0,9,1,1,0,0,0,2.0,0,0,0,0,0,0,0.0,0.0,0.0,0,0,0,0,2,2,2,5596,1768,1.0,6,5,1,3,1,brute_force_attack,ACCESS
BRUTE_FORCE_ATTACK-0048,WIN-ARGUS-048,1,9,1,1,0,0,0,2.0,0,0,0,0,0,0,0.0,0.0,0.0,0,0,0,0,3,2,2,7927,5725,10.0,5,4,1,3,1,brute_force_attack,ACCESS
BRUTE_FORCE_ATTACK-0048,WIN-ARGUS-048,2,8,1,1,0,0,0,2.0,0,0,0,0,0,0,0.0,0.0,0.0,0,0,0,0,2,2,1,6862,5547,15.0,5,4,1,3,1,brute_force_attack,ACCESS
BRUTE_FORCE_ATTACK-0048,WIN-ARGUS-048,3,9,1,1,0,0,0,2.0,0,0,0,0,0,0,0.0,0.0,0.0,0,0,0,0,3,2,2,7644,4649,2.0,5,4,1,3,1,brute_force_attack,ACCESS
BRUTE_FORCE_ATTACK-0048,WIN-ARGUS-048,4,8,1,1,0,0,0,2.0,0,0,0,0,0,0,0.0,0.0,0.0,0,0,0,0,2,2,2,4780,5791,4.0,5,4,1,3,1,brute_force_attack,ACCESS
BRUTE_FORCE_ATTACK-0048,WIN-ARGUS-048,5,10,1,1,0,0,0,2.0,0,0,0,0,0,0,0.0,0.0,0.0,0,0,0,0,2,1,2,5685,4384,2.0,7,6,1,3,1,brute_force_attack,ACCESS
BRUTE_FORCE_ATTACK-0049,WIN-ARGUS-049,0,8,1,1,0,0,0,2.0,0,0,0,0,0,0,0.0,0.0,0.0,0,0,0,0,1,1,1,1039,497,0.0,6,5,1,3,1,brute_force_attack,ACCESS
BRUTE_FORCE_ATTACK-0049,WIN-ARGUS-049,1,7,1,1,0,0,0,2.0,0,0,0,0,0,0,0.0,0.0,0.0,0,0,0,0,1,1,1,3379,2947,0.0,5,4,1,3,1,brute_force_attack,ACCESS
BRUTE_FORCE_ATTACK-0049,WIN-ARGUS-049,2,11,1,1,0,0,0,2.0,0,0,0,0,0,0,0.0,0.0,0.0,0,0,0,0,3,2,2,2552,7994,8.5,7,6,1,3,1,brute_force_attack,ACCESS
BRUTE_FORCE_ATTACK-0049,WIN-ARGUS-049,3,8,1,1,0,0,0,2.0,0,0,0,0,0,0,0.0,0.0,0.0,0,0,0,0,1,1,1,3969,4517,0.0,6,5,1,3,1,brute_force_attack,ACCESS
BRUTE_FORCE_ATTACK-0049,WIN-ARGUS-049,4,8,1,1,0,0,0,2.0,0,0,0,0,0,0,0.0,0.0,0.0,0,0,0,0,1,1,1,2226,2227,0.0,6,5,1,3,1,brute_force_attack,ACCESS
BRUTE_FORCE_ATTACK-0049,WIN-ARGUS-049,5,10,1,1,0,0,0,2.0,0,0,0,0,0,0,0.0,0.0,0.0,0,0,0,0,3,2,2,8973,6700,6.5,6,5,1,3,1,brute_force_attack,ACCESS
BRUTE_FORCE_ATTACK-0050,WIN-ARGUS-050,0,7,1,1,0,0,0,2.0,0,0,0,0,0,0,0.0,0.0,0.0,0,0,0,0,1,1,1,1778,1595,0.0,5,4,1,3,1,brute_force_attack,ACCESS
BRUTE_FORCE_ATTACK-0050,WIN-ARGUS-050,1,9,1,1,0,0,0,2.0,0,0,0,0,0,0,0.0,0.0,0.0,0,0,0,0,1,1,1,1905,2052,0.0,7,6,1,3,1,brute_force_attack,ACCESS
BRUTE_FORCE_ATTACK-0050,WIN-ARGUS-050,2,10,1,1,0,0,0,2.0,0,0,0,0,0,0,0.0,0.0,0.0,0,0,0,0,2,2,2,4540,5417,5.0,7,6,1,3,1,brute_force_attack,ACCESS
BRUTE_FORCE_ATTACK-0050,WIN-ARGUS-050,3,9,1,1,0,0,0,2.0,0,0,0,0,0,0,0.0,0.0,0.0,0,0,0,0,3,2,2,9056,5947,2.5,5,4,1,3,1,brute_force_attack,ACCESS
BRUTE_FORCE_ATTACK-0050,WIN-ARGUS-050,4,9,1,1,0,0,0,2.0,0,0,0,0,0,0,0.0,0.0,0.0,0,0,0,0,1,1,1,3129,685,0.0,7,6,1,3,1,brute_force_attack,ACCESS
BRUTE_FORCE_ATTACK-0050,WIN-ARGUS-050,5,11,1,1,0,0,0,2.0,0,0,0,0,0,0,0.0,0.0,0.0,0,0,0,0,3,1,1,6162,4573,8.0,7,6,1,3,1,brute_force_attack,ACCESS
BRUTE_FORCE_ATTACK-0051,WIN-ARGUS-051,0,9,1,1,0,0,0,2.0,0,0,0,0,0,0,0.0,0.0,0.0,0,0,0,0,2,2,2,6463,6266,7.0,6,5,1,3,1,brute_force_attack,ACCESS
BRUTE_FORCE_ATTACK-0051,WIN-ARGUS-051,1,9,1,1,0,0,0,2.0,0,0,0,0,0,0,0.0,0.0,0.0,0,0,0,0,3,2,2,7466,8467,7.5,5,4,1,3,1,brute_force_attack,ACCESS
BRUTE_FORCE_ATTACK-0051,WIN-ARGUS-051,2,9,1,1,0,0,0,2.0,0,0,0,0,0,0,0.0,0.0,0.0,0,0,0,0,3,2,3,8767,6246,6.0,5,4,1,3,1,brute_force_attack,ACCESS
BRUTE_FORCE_ATTACK-0051,WIN-ARGUS-051,3,10,1,1,0,0,0,2.0,0,0,0,0,0,0,0.0,0.0,0.0,0,0,0,0,2,2,1,5868,4969,6.0,7,6,1,3,1,brute_force_attack,ACCESS
BRUTE_FORCE_ATTACK-0051,WIN-ARGUS-051,4,8,1,1,0,0,0,2.0,0,0,0,0,0,0,0.0,0.0,0.0,0,0,0,0,2,2,2,2331,6528,1.0,5,4,1,3,1,brute_force_attack,ACCESS
BRUTE_FORCE_ATTACK-0051,WIN-ARGUS-051,5,11,1,1,0,0,0,2.0,0,0,0,0,0,0,0.0,0.0,0.0,0,0,0,0,3,3,2,9641,7039,9.5,7,6,1,3,1,brute_force_attack,ACCESS
BRUTE_FORCE_ATTACK-0052,WIN-ARGUS-052,0,10,1,1,0,0,0,2.0,0,0,0,0,0,0,0.0,0.0,0.0,0,0,0,0,2,2,2,5260,5972,11.0,7,6,1,3,1,brute_force_attack,ACCESS
BRUTE_FORCE_ATTACK-0052,WIN-ARGUS-052,1,10,1,1,0,0,0,2.0,0,0,0,0,0,0,0.0,0.0,0.0,0,0,0,0,2,2,2,7322,5492,16.0,7,6,1,3,1,brute_force_attack,ACCESS
BRUTE_FORCE_ATTACK-0052,WIN-ARGUS-052,2,7,1,1,0,0,0,2.0,0,0,0,0,0,0,0.0,0.0,0.0,0,0,0,0,1,1,1,3755,3494,0.0,5,4,1,3,1,brute_force_attack,ACCESS
BRUTE_FORCE_ATTACK-0052,WIN-ARGUS-052,3,8,1,1,0,0,0,2.0,0,0,0,0,0,0,0.0,0.0,0.0,0,0,0,0,2,2,1,3526,4739,15.0,5,4,1,3,1,brute_force_attack,ACCESS
BRUTE_FORCE_ATTACK-0052,WIN-ARGUS-052,4,9,1,1,0,0,0,2.0,0,0,0,0,0,0,0.0,0.0,0.0,0,0,0,0,1,1,1,1724,3760,0.0,7,6,1,3,1,brute_force_attack,ACCESS
BRUTE_FORCE_ATTACK-0052,WIN-ARGUS-052,5,8,1,1,0,0,0,2.0,0,0,0,0,0,0,0.0,0.0,0.0,0,0,0,0,1,1,1,3509,3824,0.0,6,5,1,3,1,brute_force_attack,ACCESS
BRUTE_FORCE_ATTACK-0053,WIN-ARGUS-053,0,9,1,1,0,0,0,2.0,0,0,0,0,0,0,0.0,0.0,0.0,0,0,0,0,2,1,2,7435,5390,0.0,6,5,1,3,1,brute_force_attack,ACCESS
BRUTE_FORCE_ATTACK-0053,WIN-ARGUS-053,1,9,1,1,0,0,0,2.0,0,0,0,0,0,0,0.0,0.0,0.0,0,0,0,0,3,1,3,8255,11900,3.5,5,4,1,3,1,brute_force_attack,ACCESS
BRUTE_FORCE_ATTACK-0053,WIN-ARGUS-053,2,9,1,1,0,0,0,2.0,0,0,0,0,0,0,0.0,0.0,0.0,0,0,0,0,3,2,2,10392,7275,8.5,5,4,1,3,1,brute_force_attack,ACCESS
BRUTE_FORCE_ATTACK-0053,WIN-ARGUS-053,3,11,1,1,0,0,0,2.0,0,0,0,0,0,0,0.0,0.0,0.0,0,0,0,0,3,2,2,6418,10915,5.0,7,6,1,3,1,brute_force_attack,ACCESS
BRUTE_FORCE_ATTACK-0053,WIN-ARGUS-053,4,8,1,1,0,0,0,2.0,0,0,0,0,0,0,0.0,0.0,0.0,0,0,0,0,2,2,2,4127,2243,17.0,5,4,1,3,1,brute_force_attack,ACCESS
BRUTE_FORCE_ATTACK-0053,WIN-ARGUS-053,5,8,1,1,0,0,0,2.0,0,0,0,0,0,0,0.0,0.0,0.0,0,0,0,0,2,1,2,7356,6645,11.0,5,4,1,3,1,brute_force_attack,ACCESS
BRUTE_FORCE_ATTACK-0054,WIN-ARGUS-054,0,9,1,1,0,0,0,2.0,0,0,0,0,0,0,0.0,0.0,0.0,0,0,0,0,2,2,2,3227,2974,2.0,6,5,1,3,1,brute_force_attack,ACCESS
BRUTE_FORCE_ATTACK-0054,WIN-ARGUS-054,1,10,1,1,0,0,0,2.0,0,0,0,0,0,0,0.0,0.0,0.0,0,0,0,0,3,2,1,7238,6727,5.0,6,5,1,3,1,brute_force_attack,ACCESS
BRUTE_FORCE_ATTACK-0054,WIN-ARGUS-054,2,8,1,1,0,0,0,2.0,0,0,0,0,0,0,0.0,0.0,0.0,0,0,0,0,1,1,1,4630,3719,0.0,6,5,1,3,1,brute_force_attack,ACCESS
BRUTE_FORCE_ATTACK-0054,WIN-ARGUS-054,3,9,1,1,0,0,0,2.0,0,0,0,0,0,0,0.0,0.0,0.0,0,0,0,0,2,2,1,5914,3108,15.0,6,5,1,3,1,brute_force_attack,ACCESS
BRUTE_FORCE_ATTACK-0054,WIN-ARGUS-054,4,8,1,1,0,0,0,2.0,0,0,0,0,0,0,0.0,0.0,0.0,0,0,0,0,1,1,1,2487,3408,0.0,6,5,1,3,1,brute_force_attack,ACCESS
BRUTE_FORCE_ATTACK-0054,WIN-ARGUS-054,5,10,1,1,0,0,0,2.0,0,0,0,0,0,0,0.0,0.0,0.0,0,0,0,0,3,2,2,5490,12815,9.0,6,5,1,3,1,brute_force_attack,ACCESS
BRUTE_FORCE_ATTACK-0055,WIN-ARGUS-055,0,8,1,1,0,0,0,2.0,0,0,0,0,0,0,0.0,0.0,0.0,0,0,0,0,2,2,2,5626,5142,8.0,5,4,1,3,1,brute_force_attack,ACCESS
BRUTE_FORCE_ATTACK-0055,WIN-ARGUS-055,1,8,1,1,0,0,0,2.0,0,0,0,0,0,0,0.0,0.0,0.0,0,0,0,0,1,1,1,4890,3851,0.0,6,5,1,3,1,brute_force_attack,ACCESS
BRUTE_FORCE_ATTACK-0055,WIN-ARGUS-055,2,10,1,1,0,0,0,2.0,0,0,0,0,0,0,0.0,0.0,0.0,0,0,0,0,3,3,2,7881,10577,4.5,6,5,1,3,1,brute_force_attack,ACCESS
BRUTE_FORCE_ATTACK-0055,WIN-ARGUS-055,3,8,1,1,0,0,0,2.0,0,0,0,0,0,0,0.0,0.0,0.0,0,0,0,0,1,1,1,3678,1633,0.0,6,5,1,3,1,brute_force_attack,ACCESS
BRUTE_FORCE_ATTACK-0055,WIN-ARGUS-055,4,10,1,1,0,0,0,2.0,0,0,0,0,0,0,0.0,0.0,0.0,0,0,0,0,3,1,3,6949,4639,6.5,6,5,1,3,1,brute_force_attack,ACCESS
BRUTE_FORCE_ATTACK-0055,WIN-ARGUS-055,5,8,1,1,0,0,0,2.0,0,0,0,0,0,0,0.0,0.0,0.0,0,0,0,0,1,1,1,4404,3523,0.0,6,5,1,3,1,brute_force_attack,ACCESS
BRUTE_FORCE_ATTACK-0056,WIN-ARGUS-056,0,9,1,1,0,0,0,2.0,0,0,0,0,0,0,0.0,0.0,0.0,0,0,0,0,1,1,1,712,1237,0.0,7,6,1,3,1,brute_force_attack,ACCESS
BRUTE_FORCE_ATTACK-0056,WIN-ARGUS-056,1,9,1,1,0,0,0,2.0,0,0,0,0,0,0,0.0,0.0,0.0,0,0,0,0,1,1,1,2315,2439,0.0,7,6,1,3,1,brute_force_attack,ACCESS
BRUTE_FORCE_ATTACK-0056,WIN-ARGUS-056,2,11,1,1,0,0,0,2.0,0,0,0,0,0,0,0.0,0.0,0.0,0,0,0,0,3,1,2,9014,9086,6.5,7,6,1,3,1,brute_force_attack,ACCESS
BRUTE_FORCE_ATTACK-0056,WIN-ARGUS-056,3,9,1,1,0,0,0,2.0,0,0,0,0,0,0,0.0,0.0,0.0,0,0,0,0,3,2,2,3789,6015,7.0,5,4,1,3,1,brute_force_attack,ACCESS
BRUTE_FORCE_ATTACK-0056,WIN-ARGUS-056,4,7,1,1,0,0,0,2.0,0,0,0,0,0,0,0.0,0.0,0.0,0,0,0,0,1,1,1,2788,2786,0.0,5,4,1,3,1,brute_force_attack,ACCESS
BRUTE_FORCE_ATTACK-0056,WIN-ARGUS-056,5,9,1,1,0,0,0,2.0,0,0,0,0,0,0,0.0,0.0,0.0,0,0,0,0,2,2,2,2974,1078,7.0,6,5,1,3,1,brute_force_attack,ACCESS
BRUTE_FORCE_ATTACK-0057,WIN-ARGUS-057,0,8,1,1,0,0,0,2.0,0,0,0,0,0,0,0.0,0.0,0.0,0,0,0,0,2,2,1,6200,1271,4.0,5,4,1,3,1,brute_force_attack,ACCESS
BRUTE_FORCE_ATTACK-0057,WIN-ARGUS-057,1,9,1,1,0,0,0,2.0,0,0,0,0,0,0,0.0,0.0,0.0,0,0,0,0,2,2,1,9099,5548,2.0,6,5,1,3,1,brute_force_attack,ACCESS
BRUTE_FORCE_ATTACK-0057,WIN-ARGUS-057,2,10,1,1,0,0,0,2.0,0,0,0,0,0,0,0.0,0.0,0.0,0,0,0,0,2,2,1,1744,8174,7.0,7,6,1,3,1,brute_force_attack,ACCESS
BRUTE_FORCE_ATTACK-0057,WIN-ARGUS-057,3,9,1,1,0,0,0,2.0,0,0,0,0,0,0,0.0,0.0,0.0,0,0,0,0,3,3,2,7035,10122,2.0,5,4,1,3,1,brute_force_attack,ACCESS
BRUTE_FORCE_ATTACK-0057,WIN-ARGUS-057,4,9,1,1,0,0,0,2.0,0,0,0,0,0,0,0.0,0.0,0.0,0,0,0,0,2,1,1,8653,7522,6.0,6,5,1,3,1,brute_force_attack,ACCESS
BRUTE_FORCE_ATTACK-0057,WIN-ARGUS-057,5,7,1,1,0,0,0,2.0,0,0,0,0,0,0,0.0,0.0,0.0,0,0,0,0,1,1,1,1308,2182,0.0,5,4,1,3,1,brute_force_attack,ACCESS
BRUTE_FORCE_ATTACK-0058,WIN-ARGUS-058,0,10,1,1,0,0,0,2.0,0,0,0,0,0,0,0.0,0.0,0.0,0,0,0,0,3,2,2,9897,3564,3.0,6,5,1,3,1,brute_force_attack,ACCESS
BRUTE_FORCE_ATTACK-0058,WIN-ARGUS-058,1,9,1,1,0,0,0,2.0,0,0,0,0,0,0,0.0,0.0,0.0,0,0,0,0,1,1,1,4015,1965,0.0,7,6,1,3,1,brute_force_attack,ACCESS
BRUTE_FORCE_ATTACK-0058,WIN-ARGUS-058,2,9,1,1,0,0,0,2.0,0,0,0,0,0,0,0.0,0.0,0.0,0,0,0,0,3,2,2,4249,5409,4.0,5,4,1,3,1,brute_force_attack,ACCESS
BRUTE_FORCE_ATTACK-0058,WIN-ARGUS-058,3,8,1,1,0,0,0,2.0,0,0,0,0,0,0,0.0,0.0,0.0,0,0,0,0,2,2,2,6203,6020,19.0,5,4,1,3,1,brute_force_attack,ACCESS
BRUTE_FORCE_ATTACK-0058,WIN-ARGUS-058,4,9,1,1,0,0,0,2.0,0,0,0,0,0,0,0.0,0.0,0.0,0,0,0,0,3,1,2,9933,6196,7.0,5,4,1,3,1,brute_force_attack,ACCESS
BRUTE_FORCE_ATTACK-0058,WIN-ARGUS-058,5,11,1,1,0,0,0,2.0,0,0,0,0,0,0,0.0,0.0,0.0,0,0,0,0,3,1,1,5034,7945,2.0,7,6,1,3,1,brute_force_attack,ACCESS
BRUTE_FORCE_ATTACK-0059,WIN-ARGUS-059,0,11,1,1,0,0,0,2.0,0,0,0,0,0,0,0.0,0.0,0.0,0,0,0,0,3,3,2,7651,8881,8.0,7,6,1,3,1,brute_force_attack,ACCESS
BRUTE_FORCE_ATTACK-0059,WIN-ARGUS-059,1,8,1,1,0,0,0,2.0,0,0,0,0,0,0,0.0,0.0,0.0,0,0,0,0,2,2,2,3829,4189,13.0,5,4,1,3,1,brute_force_attack,ACCESS
BRUTE_FORCE_ATTACK-0059,WIN-ARGUS-059,2,9,1,1,0,0,0,2.0,0,0,0,0,0,0,0.0,0.0,0.0,0,0,0,0,2,2,1,4301,7384,2.0,6,5,1,3,1,brute_force_attack,ACCESS
BRUTE_FORCE_ATTACK-0059,WIN-ARGUS-059,3,10,1,1,0,0,0,2.0,0,0,0,0,0,0,0.0,0.0,0.0,0,0,0,0,2,1,2,6405,8087,10.0,7,6,1,3,1,brute_force_attack,ACCESS
BRUTE_FORCE_ATTACK-0059,WIN-ARGUS-059,4,11,1,1,0,0,0,2.0,0,0,0,0,0,0,0.0,0.0,0.0,0,0,0,0,3,3,1,10846,6965,3.5,7,6,1,3,1,brute_force_attack,ACCESS
BRUTE_FORCE_ATTACK-0059,WIN-ARGUS-059,5,9,1,1,0,0,0,2.0,0,0,0,0,0,0,0.0,0.0,0.0,0,0,0,0,2,2,2,5635,6851,0.0,6,5,1,3,1,brute_force_attack,ACCESS
BRUTE_FORCE_ATTACK-0060,WIN-ARGUS-060,0,11,1,1,0,0,0,2.0,0,0,0,0,0,0,0.0,0.0,0.0,0,0,0,0,3,2,2,4890,10385,6.5,7,6,1,3,1,brute_force_attack,ACCESS
BRUTE_FORCE_ATTACK-0060,WIN-ARGUS-060,1,9,1,1,0,0,0,2.0,0,0,0,0,0,0,0.0,0.0,0.0,0,0,0,0,3,2,2,9747,5643,9.5,5,4,1,3,1,brute_force_attack,ACCESS
BRUTE_FORCE_ATTACK-0060,WIN-ARGUS-060,2,10,1,1,0,0,0,2.0,0,0,0,0,0,0,0.0,0.0,0.0,0,0,0,0,2,1,2,5354,7737,4.0,7,6,1,3,1,brute_force_attack,ACCESS
BRUTE_FORCE_ATTACK-0060,WIN-ARGUS-060,3,7,1,1,0,0,0,2.0,0,0,0,0,0,0,0.0,0.0,0.0,0,0,0,0,1,1,1,494,3930,0.0,5,4,1,3,1,brute_force_attack,ACCESS
BRUTE_FORCE_ATTACK-0060,WIN-ARGUS-060,4,11,1,1,0,0,0,2.0,0,0,0,0,0,0,0.0,0.0,0.0,0,0,0,0,3,2,2,8448,9281,1.5,7,6,1,3,1,brute_force_attack,ACCESS
BRUTE_FORCE_ATTACK-0060,WIN-ARGUS-060,5,11,1,1,0,0,0,2.0,0,0,0,0,0,0,0.0,0.0,0.0,0,0,0,0,3,2,2,6953,6468,4.0,7,6,1,3,1,brute_force_attack,ACCESS
C2_HEAVY_ATTACK-0001,WIN-ARGUS-001,0,14,1,1,0,0,0,4.0,2,0,0,0,0,2,0.0,4.8985,0.0955,0,0,0,0,11,4,5,28368,23692,2.7777777777777777,0,0,0,3,1,c2_heavy_attack,C2
C2_HEAVY_ATTACK-0001,WIN-ARGUS-001,1,12,1,1,0,0,0,4.0,1,0,0,0,0,1,0.0,4.342,0.08600000000000001,0,0,0,0,10,4,5,28637,20500,3.4285714285714284,0,0,0,3,1,c2_heavy_attack,C2
C2_HEAVY_ATTACK-0001,WIN-ARGUS-001,2,15,1,1,0,0,0,4.0,2,0,0,0,0,2,0.0,5.466,0.082,0,0,0,0,12,4,4,30045,31202,2.6666666666666665,0,0,0,3,1,c2_heavy_attack,C2
C2_HEAVY_ATTACK-0001,WIN-ARGUS-001,3,13,1,1,0,0,0,4.0,1,0,0,0,0,1,0.0,5.149,0.092,0,0,0,0,11,4,5,28307,24591,3.0,0,0,0,3,1,c2_heavy_attack,C2
C2_HEAVY_ATTACK-0001,WIN-ARGUS-001,4,14,1,1,0,0,0,4.0,1,0,0,0,0,1,0.0,5.897,0.14,0,0,0,0,12,4,4,32761,31970,2.5,0,0,0,3,1,c2_heavy_attack,C2
C2_HEAVY_ATTACK-0001,WIN-ARGUS-001,5,15,1,1,0,0,0,4.0,2,0,0,0,0,2,0.0,5.452,0.0625,0,0,0,0,12,4,5,39608,31304,2.6666666666666665,0,0,0,3,1,c2_heavy_attack,C2
C2_HEAVY_ATTACK-0002,WIN-ARGUS-002,0,11,1,1,0,0,0,4.0,2,0,0,0,0,2,0.0,4.7135,0.054,0,0,0,0,8,4,3,20440,26880,2.857142857142857,0,0,0,3,1,c2_heavy_attack,C2
C2_HEAVY_ATTACK-0002,WIN-ARGUS-002,1,16,1,1,0,0,0,4.0,3,0,0,0,0,3,0.0,5.6113333333333335,0.09166666666666667,0,0,0,0,12,4,5,36517,28651,2.4444444444444446,0,0,0,3,1,c2_heavy_attack,C2
C2_HEAVY_ATTACK-0002,WIN-ARGUS-002,2,11,1,1,0,0,0,4.0,1,0,0,0,0,1,0.0,5.7,0.133,0,0,0,0,9,4,5,19032,22011,3.0,0,0,0,3,1,c2_heavy_attack,C2
C2_HEAVY_ATTACK-0002,WIN-ARGUS-002,3,13,1,1,0,0,0,4.0,3,0,0,0,0,3,0.0,4.3886666666666665,0.06933333333333333,0,0,0,0,9,4,4,17546,22978,3.0,0,0,0,3,1,c2_heavy_attack,C2
C2_HEAVY_ATTACK-0002,WIN-ARGUS-002,4,11,1,1,0,0,0,4.0,2,0,0,0,0,2,0.0,5.583,0.0595,0,0,0,0,8,4,4,10942,17976,3.8333333333333335,0,0,0,3,1,c2_heavy_attack,C2
C2_HEAVY_ATTACK-0002,WIN-ARGUS-002,5,14,1,1,0,0,0,4.0,2,0,0,0,0,2,0.0,4.829000000000001,0.0985,0,0,0,0,11,4,5,26450,22386,4.666666666666667,0,0,0,3,1,c2_heavy_attack,C2
C2_HEAVY_ATTACK-0003,WIN-ARGUS-003,0,14,1,1,0,0,0,4.0,3,0,0,0,0,3,0.0,5.2139999999999995,0.08733333333333333,0,0,0,0,10,4,4,22216,19578,4.0,0,0,0,3,1,c2_heavy_attack,C2
C2_HEAVY_ATTACK-0003,WIN-ARGUS-003,1,11,1,1,0,0,0,4.0,1,0,0,0,0,1,0.0,4.349,0.106,0,0,0,0,9,4,4,29860,16595,4.0,0,0,0,3,1,c2_heavy_attack,C2
C2_HEAVY_ATTACK-0003,WIN-ARGUS-003,2,16,1,1,0,0,0,4.0,3,0,0,0,0,3,0.0,4.5040000000000004,0.044333333333333336,0,0,0,0,12,4,5,33167,29953,3.0,0,0,0,3,1,c2_heavy_attack,C2
C2_HEAVY_ATTACK-0003,WIN-ARGUS-003,3,12,1,1,0,0,0,4.0,3,0,0,0,0,3,0.0,4.738333333333333,0.06133333333333333,0,0,0,0,8,4,4,21082,20171,3.1666666666666665,0,0,0,3,1,c2_heavy_attack,C2
C2_HEAVY_ATTACK-0003,WIN-ARGUS-003,4,14,1,1,0,0,0,4.0,3,0,0,0,0,3,0.0,5.197333333333333,0.12833333333333333,0,0,0,0,10,4,5,30454,25943,4.333333333333333,0,0,0,3,1,c2_heavy_attack,C2
C2_HEAVY_ATTACK-0003,WIN-ARGUS-003,5,13,1,1,0,0,0,4.0,1,0,0,0,0,1,0.0,3.793,0.123,0,0,0,0,11,4,5,32941,27015,3.7142857142857144,0,0,0,3,1,c2_heavy_attack,C2
C2_HEAVY_ATTACK-0004,WIN-ARGUS-004,0,14,1,1,0,0,0,4.0,1,0,0,0,0,1,0.0,4.641,0.148,0,0,0,0,12,4,5,34614,31843,3.125,0,0,0,3,1,c2_heavy_attack,C2
C2_HEAVY_ATTACK-0004,WIN-ARGUS-004,1,12,1,1,0,0,0,4.0,2,0,0,0,0,2,0.0,4.4565,0.059,0,0,0,0,9,3,4,30956,18037,4.166666666666667,0,0,0,3,1,c2_heavy_attack,C2
C2_HEAVY_ATTACK-0004,WIN-ARGUS-004,2,11,1,1,0,0,0,4.0,1,0,0,0,0,1,0.0,4.263,0.135,0,0,0,0,9,3,4,28124,12927,3.375,0,0,0,3,1,c2_heavy_attack,C2
C2_HEAVY_ATTACK-0004,WIN-ARGUS-004,3,14,1,1,0,0,0,4.0,1,0,0,0,0,1,0.0,4.638,0.13,0,0,0,0,12,4,5,30148,32353,3.111111111111111,0,0,0,3,1,c2_heavy_attack,C2
C2_HEAVY_ATTACK-0004,WIN-ARGUS-004,4,10,1,1,0,0,0,4.0,1,0,0,0,0,1,0.0,5.8260000000000005,0.14300000000000002,0,0,0,0,8,4,4,12574,17997,3.2,0,0,0,3,1,c2_heavy_attack,C2
C2_HEAVY_ATTACK-0004,WIN-ARGUS-004,5,12,1,1,0,0,0,4.0,3,0,0,0,0,3,0.0,4.873333333333334,0.06766666666666667,0,0,0,0,8,4,4,26868,17479,4.166666666666667,0,0,0,3,1,c2_heavy_attack,C2
C2_HEAVY_ATTACK-0005,WIN-ARGUS-005,0,14,1,1,0,0,0,4.0,2,0,0,0,0,2,0.0,5.098000000000001,0.092,0,0,0,0,11,4,5,35425,29649,2.6,0,0,0,3,1,c2_heavy_attack,C2
C2_HEAVY_ATTACK-0005,WIN-ARGUS-005,1,10,1,1,0,0,0,4.0,1,0,0,0,0,1,0.0,5.26,0.043000000000000003,0,0,0,0,8,4,3,20201,18106,2.7142857142857144,0,0,0,3,1,c2_heavy_attack,C2
C2_HEAVY_ATTACK-0005,WIN-ARGUS-005,2,11,1,1,0,0,0,4.0,1,0,0,0,0,1,0.0,4.786,0.048,0,0,0,0,9,3,5,18944,27404,3.3333333333333335,0,0,0,3,1,c2_heavy_attack,C2
C2_HEAVY_ATTACK-0005,WIN-ARGUS-005,3,11,1,1,0,0,0,4.0,1,0,0,0,0,1,0.0,5.24,0.055,0,0,0,0,9,3,4,22319,15818,3.7142857142857144,0,0,0,3,1,c2_heavy_attack,C2
C2_HEAVY_ATTACK-0005,WIN-ARGUS-005,4,11,1,1,0,0,0,4.0,2,0,0,0,0,2,0.0,5.4275,0.121,0,0,0,0,8,4,5,22586,16973,2.4285714285714284,0,0,0,3,1,c2_heavy_attack,C2
C2_HEAVY_ATTACK-0005,WIN-ARGUS-005,5,16,1,1,0,0,0,4.0,3,0,0,0,0,3,0.0,4.461333333333333,0.118,0,0,0,0,12,4,3,39632,24495,2.3636363636363638,0,0,0,3,1,c2_heavy_attack,C2
C2_HEAVY_ATTACK-0006,WIN-ARGUS-006,0,12,1,1,0,0,0,4.0,3,0,0,0,0,3,0.0,4.257333333333333,0.069,0,0,0,0,8,4,5,27280,19487,4.166666666666667,0,0,0,3,1,c2_heavy_attack,C2
C2_HEAVY_ATTACK-0006,WIN-ARGUS-006,1,12,1,1,0,0,0,4.0,2,0,0,0,0,2,0.0,4.2645,0.08750000000000001,0,0,0,0,9,3,5,29766,19145,3.25,0,0,0,3,1,c2_heavy_attack,C2
C2_HEAVY_ATTACK-0006,WIN-ARGUS-006,2,16,1,1,0,0,0,4.0,3,0,0,0,0,3,0.0,5.323,0.10066666666666667,0,0,0,0,12,4,4,32744,30161,2.8,0,0,0,3,1,c2_heavy_attack,C2
C2_HEAVY_ATTACK-0006,WIN-ARGUS-006,3,12,1,1,0,0,0,4.0,2,0,0,0,0,2,0.0,5.4985,0.099,0,0,0,0,9,4,3,32798,20510,3.5714285714285716,0,0,0,3,1,c2_heavy_attack,C2
C2_HEAVY_ATTACK-0006,WIN-ARGUS-006,4,12,1,1,0,0,0,4.0,1,0,0,0,0,1,0.0,4.283,0.124,0,0,0,0,10,4,4,31639,25937,3.0,0,0,0,3,1,c2_heavy_attack,C2
C2_HEAVY_ATTACK-0006,WIN-ARGUS-006,5,14,1,1,0,0,0,4.0,1,0,0,0,0,1,0.0,6.196,0.13,0,0,0,0,12,4,5,21732,34872,2.272727272727273,0,0,0,3,1,c2_heavy_attack,C2
C2_HEAVY_ATTACK-0007,WIN-ARGUS-007,0,15,1,1,0,0,0,4.0,3,0,0,0,0,3,0.0,4.957333333333334,0.05533333333333334,0,0,0,0,11,4,4,33050,22701,2.888888888888889,0,0,0,3,1,c2_heavy_attack,C2
C2_HEAVY_ATTACK-0007,WIN-ARGUS-007,1,15,1,1,0,0,0,4.0,2,0,0,0,0,2,0.0,4.7635000000000005,0.07750000000000001,0,0,0,0,12,4,5,28048,32442,2.625,0,0,0,3,1,c2_heavy_attack,C2
C2_HEAVY_ATTACK-0007,WIN-ARGUS-007,2,10,1,1,0,0,0,4.0,1,0,0,0,0,1,0.0,4.742,0.069,0,0,0,0,8,4,5,18980,15840,4.166666666666667,0,0,0,3,1,c2_heavy_attack,C2
C2_HEAVY_ATTACK-0007,WIN-ARGUS-007,3,15,1,1,0,0,0,4.0,3,0,0,0,0,3,0.0,5.120666666666668,0.053,0,0,0,0,11,4,5,28477,35072,3.4285714285714284,0,0,0,3,1,c2_heavy_attack,C2
C2_HEAVY_ATTACK-0007,WIN-ARGUS-007,4,15,1,1,0,0,0,4.0,2,0,0,0,0,2,0.0,4.4875,0.028499999999999998,0,0,0,0,12,4,4,31640,30344,2.6666666666666665,0,0,0,3,1,c2_heavy_attack,C2
C2_HEAVY_ATTACK-0007,WIN-ARGUS-007,5,11,1,1,0,0,0,4.0,1,0,0,0,0,1,0.0,5.442,0.139,0,0,0,0,9,4,5,18847,17182,3.2857142857142856,0,0,0,3,1,c2_heavy_attack,C2
C2_HEAVY_ATTACK-0008,WIN-ARGUS-008,0,15,1,1,0,0,0,4.0,2,0,0,0,0,2,0.0,4.1955,0.068,0,0,0,0,12,4,5,36930,25855,2.5,0,0,0,3,1,c2_heavy_attack,C2
C2_HEAVY_ATTACK-0008,WIN-ARGUS-008,1,15,1,1,0,0,0,4.0,2,0,0,0,0,2,0.0,5.8185,0.079,0,0,0,0,12,4,5,36887,29349,3.25,0,0,0,3,1,c2_heavy_attack,C2
C2_HEAVY_ATTACK-0008,WIN-ARGUS-008,2,14,1,1,0,0,0,4.0,1,0,0,0,0,1,0.0,6.226,0.041,0,0,0,0,12,4,5,36477,35222,2.75,0,0,0,3,1,c2_heavy_attack,C2
C2_HEAVY_ATTACK-0008,WIN-ARGUS-008,3,13,1,1,0,0,0,4.0,2,0,0,0,0,2,0.0,4.0969999999999995,0.095,0,0,0,0,10,4,5,26464,21772,3.0,0,0,0,3,1,c2_heavy_attack,C2
C2_HEAVY_ATTACK-0008,WIN-ARGUS-008,4,15,1,1,0,0,0,4.0,2,0,0,0,0,2,0.0,5.8580000000000005,0.10800000000000001,0,0,0,0,12,4,4,30542,21842,2.5714285714285716,0,0,0,3,1,c2_heavy_attack,C2
C2_HEAVY_ATTACK-0008,WIN-ARGUS-008,5,14,1,1,0,0,0,4.0,3,0,0,0,0,3,0.0,5.033,0.10733333333333334,0,0,0,0,10,4,4,20756,24890,3.111111111111111,0,0,0,3,1,c2_heavy_attack,C2
C2_HEAVY_ATTACK-0009,WIN-ARGUS-009,0,15,1,1,0,0,0,4.0,2,0,0,0,0,2,0.0,5.525,0.126,0,0,0,0,12,3,5,40043,26942,2.4444444444444446,0,0,0,3,1,c2_heavy_attack,C2
C2_HEAVY_ATTACK-0009,WIN-ARGUS-009,1,11,1,1,0,0,0,4.0,1,0,0,0,0,1,0.0,3.761,0.084,0,0,0,0,9,4,4,27683,22963,4.166666666666667,0,0,0,3,1,c2_heavy_attack,C2
C2_HEAVY_ATTACK-0009,WIN-ARGUS-009,2,15,1,1,0,0,0,4.0,3,0,0,0,0,3,0.0,5.804666666666667,0.043000000000000003,0,0,0,0,11,4,5,31028,30216,3.4285714285714284,0,0,0,3,1,c2_heavy_attack,C2
C2_HEAVY_ATTACK-0009,WIN-ARGUS-009,3,13,1,1,0,0,0,4.0,3,0,0,0,0,3,0.0,5.017333333333333,0.051,0,0,0,0,9,3,4,22811,23016,3.0,0,0,0,3,1,c2_heavy_attack,C2
C2_HEAVY_ATTACK-0009,WIN-ARGUS-009,4,13,1,1,0,0,0,4.0,3,0,0,0,0,3,0.0,4.860666666666667,0.08700000000000001,0,0,0,0,9,4,4,22527,16083,3.4285714285714284,0,0,0,3,1,c2_heavy_attack,C2
C2_HEAVY_ATTACK-0009,WIN-ARGUS-009,5,11,1,1,0,0,0,4.0,1,0,0,0,0,1,0.0,5.7620000000000005,0.064,0,0,0,0,9,4,4,21616,19742,3.5,0,0,0,3,1,c2_heavy_attack,C2
C2_HEAVY_ATTACK-0010,WIN-ARGUS-010,0,15,1,1,0,0,0,4.0,2,0,0,0,0,2,0.0,4.2165,0.0495,0,0,0,0,12,4,4,23467,29410,2.888888888888889,0,0,0,3,1,c2_heavy_attack,C2
C2_HEAVY_ATTACK-0010,WIN-ARGUS-010,1,12,1,1,0,0,0,4.0,2,0,0,0,0,2,0.0,6.015499999999999,0.124,0,0,0,0,9,4,4,23383,27888,2.5,0,0,0,3,1,c2_heavy_attack,C2
C2_HEAVY_ATTACK-0010,WIN-ARGUS-010,2,13,1,1,0,0,0,4.0,1,0,0,0,0,1,0.0,5.079,0.066,0,0,0,0,11,3,4,35907,32236,2.75,0,0,0,3,1,c2_heavy_attack,C2
C2_HEAVY_ATTACK-0010,WIN-ARGUS-010,3,13,1,1,0,0,0,4.0,2,0,0,0,0,2,0.0,4.9775,0.0945,0,0,0,0,10,4,5,28740,28765,2.875,0,0,0,3,1,c2_heavy_attack,C2
C2_HEAVY_ATTACK-0010,WIN-ARGUS-010,4,12,1,1,0,0,0,4.0,1,0,0,0,0,1,0.0,3.886,0.148,0,0,0,0,10,4,4,29626,27996,3.142857142857143,0,0,0,3,1,c2_heavy_attack,C2
C2_HEAVY_ATTACK-0010,WIN-ARGUS-010,5,14,1,1,0,0,0,4.0,3,0,0,0,0,3,0.0,5.239333333333334,0.08066666666666666,0,0,0,0,10,4,5,20852,32446,3.125,0,0,0,3,1,c2_heavy_attack,C2
C2_HEAVY_ATTACK-0011,WIN-ARGUS-011,0,16,1,1,0,0,0,4.0,3,0,0,0,0,3,0.0,5.681333333333334,0.07866666666666668,0,0,0,0,12,4,5,36530,30160,2.5555555555555554,0,0,0,3,1,c2_heavy_attack,C2
C2_HEAVY_ATTACK-0011,WIN-ARGUS-011,1,11,1,1,0,0,0,4.0,2,0,0,0,0,2,0.0,4.8905,0.1005,0,0,0,0,8,4,4,12310,18641,5.0,0,0,0,3,1,c2_heavy_attack,C2
C2_HEAVY_ATTACK-0011,WIN-ARGUS-011,2,12,1,1,0,0,0,4.0,3,0,0,0,0,3,0.0,5.622,0.11133333333333334,0,0,0,0,8,3,3,17785,25082,3.6,0,0,0,3,1,c2_heavy_attack,C2
C2_HEAVY_ATTACK-0011,WIN-ARGUS-011,3,14,1,1,0,0,0,4.0,3,0,0,0,0,3,0.0,4.614666666666667,0.03833333333333333,0,0,0,0,10,4,4,23601,26749,2.625,0,0,0,3,1,c2_heavy_attack,C2
C2_HEAVY_ATTACK-0011,WIN-ARGUS-011,4,16,1,1,0,0,0,4.0,3,0,0,0,0,3,0.0,4.504666666666666,0.08166666666666667,0,0,0,0,12,4,5,35548,29213,2.6666666666666665,0,0,0,3,1,c2_heavy_attack,C2
C2_HEAVY_ATTACK-0011,WIN-ARGUS-011,5,12,1,1,0,0,0,4.0,2,0,0,0,0,2,0.0,4.6145,0.10500000000000001,0,0,0,0,9,4,4,15452,27389,2.375,0,0,0,3,1,c2_heavy_attack,C2
C2_HEAVY_ATTACK-0012,WIN-ARGUS-012,0,12,1,1,0,0,0,4.0,2,0,0,0,0,2,0.0,4.9079999999999995,0.0235,0,0,0,0,9,4,4,27632,24697,3.3333333333333335,0,0,0,3,1,c2_heavy_attack,C2
C2_HEAVY_ATTACK-0012,WIN-ARGUS-012,1,14,1,1,0,0,0,4.0,2,0,0,0,0,2,0.0,4.985,0.10400000000000001,0,0,0,0,11,3,5,31108,37075,2.3,0,0,0,3,1,c2_heavy_attack,C2
C2_HEAVY_ATTACK-0012,WIN-ARGUS-012,2,10,1,1,0,0,0,4.0,1,0,0,0,0,1,0.0,4.221,0.125,0,0,0,0,8,3,5,20034,21949,3.7142857142857144,0,0,0,3,1,c2_heavy_attack,C2
C2_HEAVY_ATTACK-0012,WIN-ARGUS-012,3,10,1,1,0,0,0,4.0,1,0,0,0,0,1,0.0,4.029,0.10200000000000001,0,0,0,0,8,4,4,19971,20663,2.8333333333333335,0,0,0,3,1,c2_heavy_attack,C2
C2_HEAVY_ATTACK-0012,WIN-ARGUS-012,4,13,1,1,0,0,0,4.0,2,0,0,0,0,2,0.0,4.4335,0.035500000000000004,0,0,0,0,10,4,5,19730,29653,3.0,0,0,0,3,1,c2_heavy_attack,C2
C2_HEAVY_ATTACK-0012,WIN-ARGUS-012,5,14,1,1,0,0,0,4.0,2,0,0,0,0,2,0.0,5.943,0.081,0,0,0,0,11,4,5,28563,22755,3.5714285714285716,0,0,0,3,1,c2_heavy_attack,C2
C2_HEAVY_ATTACK-0013,WIN-ARGUS-013,0,16,1,1,0,0,0,4.0,3,0,0,0,0,3,0.0,4.8790000000000004,0.06766666666666667,0,0,0,0,12,4,5,28508,23443,3.111111111111111,0,0,0,3,1,c2_heavy_attack,C2
C2_HEAVY_ATTACK-0013,WIN-ARGUS-013,1,12,1,1,0,0,0,4.0,1,0,0,0,0,1,0.0,4.635,0.08700000000000001,0,0,0,0,10,4,5,29003,18072,2.5714285714285716,0,0,0,3,1,c2_heavy_attack,C2
C2_HEAVY_ATTACK-0013,WIN-ARGUS-013,2,11,1,1,0,0,0,4.0,2,0,0,0,0,2,0.0,5.116,0.0785,0,0,0,0,8,3,4,8931,19821,4.666666666666667,0,0,0,3,1,c2_heavy_attack,C2
C2_HEAVY_ATTACK-0013,WIN-ARGUS-013,3,15,1,1,0,0,0,4.0,3,0,0,0,0,3,0.0,5.614,0.05933333333333333,0,0,0,0,11,4,5,21463,32312,3.125,0,0,0,3,1,c2_heavy_attack,C2
C2_HEAVY_ATTACK-0013,WIN-ARGUS-013,4,11,1,1,0,0,0,4.0,2,0,0,0,0,2,0.0,4.492,0.0445,0,0,0,0,8,3,4,23846,16816,5.0,0,0,0,3,1,c2_heavy_attack,C2
C2_HEAVY_ATTACK-0013,WIN-ARGUS-013,5,13,1,1,0,0,0,4.0,1,0,0,0,0,1,0.0,4.688,0.148,0,0,0,0,11,4,5,31226,23887,2.5555555555555554,0,0,0,3,1,c2_heavy_attack,C2
C2_HEAVY_ATTACK-0014,WIN-ARGUS-014,0,11,1,1,0,0,0,4.0,1,0,0,0,0,1,0.0,5.746,0.088,0,0,0,0,9,4,4,26344,23055,3.5,0,0,0,3,1,c2_heavy_attack,C2
C2_HEAVY_ATTACK-0014,WIN-ARGUS-014,1,14,1,1,0,0,0,4.0,2,0,0,0,0,2,0.0,5.5715,0.08249999999999999,0,0,0,0,11,4,4,20003,32240,2.4444444444444446,0,0,0,3,1,c2_heavy_attack,C2
C2_HEAVY_ATTACK-0014,WIN-ARGUS-014,2,14,1,1,0,0,0,4.0,2,0,0,0,0,2,0.0,4.8335,0.10600000000000001,0,0,0,0,11,4,5,31225,28970,3.5,0,0,0,3,1,c2_heavy_attack,C2
C2_HEAVY_ATTACK-0014,WIN-ARGUS-014,3,16,1,1,0,0,0,4.0,3,0,0,0,0,3,0.0,4.699333333333333,0.08966666666666667,0,0,0,0,12,4,5,27054,24527,2.8,0,0,0,3,1,c2_heavy_attack,C2
C2_HEAVY_ATTACK-0014,WIN-ARGUS-014,4,13,1,1,0,0,0,4.0,3,0,0,0,0,3,0.0,5.174,0.09533333333333334,0,0,0,0,9,4,5,27222,20448,3.5,0,0,0,3,1,c2_heavy_attack,C2
C2_HEAVY_ATTACK-0014,WIN-ARGUS-014,5,13,1,1,0,0,0,4.0,3,0,0,0,0,3,0.0,4.753666666666667,0.062,0,0,0,0,9,3,4,16297,29809,4.166666666666667,0,0,0,3,1,c2_heavy_attack,C2
C2_HEAVY_ATTACK-0015,WIN-ARGUS-015,0,16,1,1,0,0,0,4.0,3,0,0,0,0,3,0.0,4.765,0.079,0,0,0,0,12,4,5,21372,30031,2.857142857142857,0,0,0,3,1,c2_heavy_attack,C2
C2_HEAVY_ATTACK-0015,WIN-ARGUS-015,1,14,1,1,0,0,0,4.0,3,0,0,0,0,3,0.0,5.208333333333333,0.07566666666666667,0,0,0,0,10,4,5,22641,32794,3.0,0,0,0,3,1,c2_heavy_attack,C2
C2_HEAVY_ATTACK-0015,WIN-ARGUS-015,2,13,1,1,0,0,0,4.0,3,0,0,0,0,3,0.0,4.481333333333333,0.08966666666666667,0,0,0,0,9,4,4,18874,25818,3.4285714285714284,0,0,0,3,1,c2_heavy_attack,C2
C2_HEAVY_ATTACK-0015,WIN-ARGUS-015,3,16,1,1,0,0,0,4.0,3,0,0,0,0,3,0.0,5.251666666666666,0.05666666666666667,0,0,0,0,12,4,5,27137,41329,2.625,0,0,0,3,1,c2_heavy_attack,C2
C2_HEAVY_ATTACK-0015,WIN-ARGUS-015,4,14,1,1,0,0,0,4.0,1,0,0,0,0,1,0.0,4.459,0.149,0,0,0,0,12,4,5,40923,30962,2.7777777777777777,0,0,0,3,1,c2_heavy_attack,C2
C2_HEAVY_ATTACK-0015,WIN-ARGUS-015,5,12,1,1,0,0,0,4.0,1,0,0,0,0,1,0.0,6.209,0.065,0,0,0,0,10,4,5,33485,25362,3.4285714285714284,0,0,0,3,1,c2_heavy_attack,C2
C2_HEAVY_ATTACK-0016,WIN-ARGUS-016,0,13,1,1,0,0,0,4.0,3,0,0,0,0,3,0.0,4.8406666666666665,0.04466666666666667,0,0,0,0,9,4,4,23564,23583,3.0,0,0,0,3,1,c2_heavy_attack,C2
C2_HEAVY_ATTACK-0016,WIN-ARGUS-016,1,12,1,1,0,0,0,4.0,2,0,0,0,0,2,0.0,4.21,0.052500000000000005,0,0,0,0,9,4,4,21217,20205,3.857142857142857,0,0,0,3,1,c2_heavy_attack,C2
C2_HEAVY_ATTACK-0016,WIN-ARGUS-016,2,14,1,1,0,0,0,4.0,1,0,0,0,0,1,0.0,4.232,0.07100000000000001,0,0,0,0,12,4,5,25719,24972,3.375,0,0,0,3,1,c2_heavy_attack,C2
C2_HEAVY_ATTACK-0016,WIN-ARGUS-016,3,13,1,1,0,0,0,4.0,1,0,0,0,0,1,0.0,4.731,0.074,0,0,0,0,11,4,4,30641,23410,2.3,0,0,0,3,1,c2_heavy_attack,C2
C2_HEAVY_ATTACK-0016,WIN-ARGUS-016,4,15,1,1,0,0,0,4.0,3,0,0,0,0,3,0.0,4.905,0.12533333333333332,0,0,0,0,11,4,4,32610,31349,3.111111111111111,0,0,0,3,1,c2_heavy_attack,C2
C2_HEAVY_ATTACK-0016,WIN-ARGUS-016,5,13,1,1,0,0,0,4.0,3,0,0,0,0,3,0.0,5.469333333333334,0.08633333333333333,0,0,0,0,9,3,5,22945,22094,6.0,0,0,0,3,1,c2_heavy_attack,C2
C2_HEAVY_ATTACK-0017,WIN-ARGUS-017,0,11,1,1,0,0,0,4.0,2,0,0,0,0,2,0.0,4.3875,0.0505,0,0,0,0,8,4,4,31251,21535,3.6666666666666665,0,0,0,3,1,c2_heavy_attack,C2
C2_HEAVY_ATTACK-0017,WIN-ARGUS-017,1,16,1,1,0,0,0,4.0,3,0,0,0,0,3,0.0,4.686333333333334,0.07633333333333332,0,0,0,0,12,3,5,33672,33138,2.888888888888889,0,0,0,3,1,c2_heavy_attack,C2
C2_HEAVY_ATTACK-0017,WIN-ARGUS-017,2,13,1,1,0,0,0,4.0,2,0,0,0,0,2,0.0,4.442,0.058499999999999996,0,0,0,0,10,3,4,21586,29720,3.0,0,0,0,3,1,c2_heavy_attack,C2
C2_HEAVY_ATTACK-0017,WIN-ARGUS-017,3,14,1,1,0,0,0,4.0,3,0,0,0,0,3,0.0,4.240666666666667,0.07666666666666667,0,0,0,0,10,4,5,33142,22164,4.0,0,0,0,3,1,c2_heavy_attack,C2
C2_HEAVY_ATTACK-0017,WIN-ARGUS-017,4,14,1,1,0,0,0,4.0,3,0,0,0,0,3,0.0,4.448333333333333,0.10033333333333334,0,0,0,0,10,4,5,19841,33771,2.5,0,0,0,3,1,c2_heavy_attack,C2
C2_HEAVY_ATTACK-0017,WIN-ARGUS-017,5,10,1,1,0,0,0,4.0,1,0,0,0,0,1,0.0,5.038,0.111,0,0,0,0,8,4,4,21564,20020,3.1666666666666665,0,0,0,3,1,c2_heavy_attack,C2
C2_HEAVY_ATTACK-0018,WIN-ARGUS-018,0,15,1,1,0,0,0,4.0,2,0,0,0,0,2,0.0,4.4075,0.07550000000000001,0,0,0,0,12,3,5,26007,27978,2.4545454545454546,0,0,0,3,1,c2_heavy_attack,C2
C2_HEAVY_ATTACK-0018,WIN-ARGUS-018,1,11,1,1,0,0,0,4.0,2,0,0,0,0,2,0.0,5.409,0.129,0,0,0,0,8,4,5,17084,12777,3.8333333333333335,0,0,0,3,1,c2_heavy_attack,C2
C2_HEAVY_ATTACK-0018,WIN-ARGUS-018,2,10,1,1,0,0,0,4.0,1,0,0,0,0,1,0.0,4.814,0.081,0,0,0,0,8,4,5,22773,15892,3.8333333333333335,0,0,0,3,1,c2_heavy_attack,C2
C2_HEAVY_ATTACK-0018,WIN-ARGUS-018,3,14,1,1,0,0,0,4.0,1,0,0,0,0,1,0.0,3.944,0.038,0,0,0,0,12,4,5,26654,25027,3.111111111111111,0,0,0,3,1,c2_heavy_attack,C2
C2_HEAVY_ATTACK-0018,WIN-ARGUS-018,4,11,1,1,0,0,0,4.0,2,0,0,0,0,2,0.0,4.709,0.051000000000000004,0,0,0,0,8,4,3,14835,15770,4.6,0,0,0,3,1,c2_heavy_attack,C2
C2_HEAVY_ATTACK-0018,WIN-ARGUS-018,5,11,1,1,0,0,0,4.0,1,0,0,0,0,1,0.0,4.8629999999999995,0.112,0,0,0,0,9,4,3,23226,22247,4.0,0,0,0,3,1,c2_heavy_attack,C2
C2_HEAVY_ATTACK-0019,WIN-ARGUS-019,0,15,1,1,0,0,0,4.0,2,0,0,0,0,2,0.0,4.1985,0.07500000000000001,0,0,0,0,12,4,5,29514,32005,3.857142857142857,0,0,0,3,1,c2_heavy_attack,C2
C2_HEAVY_ATTACK-0019,WIN-ARGUS-019,1,15,1,1,0,0,0,4.0,3,0,0,0,0,3,0.0,3.9136666666666664,0.052666666666666674,0,0,0,0,11,4,5,28362,25706,2.111111111111111,0,0,0,3,1,c2_heavy_attack,C2
C2_HEAVY_ATTACK-0019,WIN-ARGUS-019,2,13,1,1,0,0,0,4.0,2,0,0,0,0,2,0.0,5.0255,0.012,0,0,0,0,10,4,4,28990,28410,2.7142857142857144,0,0,0,3,1,c2_heavy_attack,C2
C2_HEAVY_ATTACK-0019,WIN-ARGUS-019,3,13,1,1,0,0,0,4.0,2,0,0,0,0,2,0.0,3.9175,0.0925,0,0,0,0,10,4,5,31571,28143,2.7142857142857144,0,0,0,3,1,c2_heavy_attack,C2
C2_HEAVY_ATTACK-0019,WIN-ARGUS-019,4,12,1,1,0,0,0,4.0,2,0,0,0,0,2,0.0,4.577,0.094,0,0,0,0,9,3,5,24193,21747,3.125,0,0,0,3,1,c2_heavy_attack,C2
C2_HEAVY_ATTACK-0019,WIN-ARGUS-019,5,14,1,1,0,0,0,4.0,3,0,0,0,0,3,0.0,5.026,0.08533333333333333,0,0,0,0,10,4,5,25238,22481,4.0,0,0,0,3,1,c2_heavy_attack,C2
C2_HEAVY_ATTACK-0020,WIN-ARGUS-020,0,14,1,1,0,0,0,4.0,1,0,0,0,0,1,0.0,5.042,0.065,0,0,0,0,12,4,5,30257,27507,3.5714285714285716,0,0,0,3,1,c2_heavy_attack,C2
C2_HEAVY_ATTACK-0020,WIN-ARGUS-020,1,13,1,1,0,0,0,4.0,3,0,0,0,0,3,0.0,4.957999999999999,0.072,0,0,0,0,9,3,4,24089,18285,3.5714285714285716,0,0,0,3,1,c2_heavy_attack,C2
C2_HEAVY_ATTACK-0020,WIN-ARGUS-020,2,10,1,1,0,0,0,4.0,1,0,0,0,0,1,0.0,4.383,0.037,0,0,0,0,8,3,3,18324,14383,3.2857142857142856,0,0,0,3,1,c2_heavy_attack,C2
C2_HEAVY_ATTACK-0020,WIN-ARGUS-020,3,14,1,1,0,0,0,4.0,2,0,0,0,0,2,0.0,5.2405,0.0225,0,0,0,0,11,4,5,21628,31607,2.5,0,0,0,3,1,c2_heavy_attack,C2
C2_HEAVY_ATTACK-0020,WIN-ARGUS-020,4,12,1,1,0,0,0,4.0,2,0,0,0,0,2,0.0,5.723,0.128,0,0,0,0,9,4,4,17095,27789,6.333333333333333,0,0,0,3,1,c2_heavy_attack,C2
C2_HEAVY_ATTACK-0020,WIN-ARGUS-020,5,16,1,1,0,0,0,4.0,3,0,0,0,0,3,0.0,5.465,0.11366666666666668,0,0,0,0,12,4,5,25052,29745,2.625,0,0,0,3,1,c2_heavy_attack,C2
C2_HEAVY_ATTACK-0021,WIN-ARGUS-021,0,12,1,1,0,0,0,4.0,2,0,0,0,0,2,0.0,4.5705,0.0815,0,0,0,0,9,4,3,22223,27492,2.7142857142857144,0,0,0,3,1,c2_heavy_attack,C2
C2_HEAVY_ATTACK-0021,WIN-ARGUS-021,1,13,1,1,0,0,0,4.0,3,0,0,0,0,3,0.0,4.853666666666666,0.11166666666666668,0,0,0,0,9,4,5,25809,17763,2.375,0,0,0,3,1,c2_heavy_attack,C2
C2_HEAVY_ATTACK-0021,WIN-ARGUS-021,2,13,1,1,0,0,0,4.0,1,0,0,0,0,1,0.0,5.358,0.136,0,0,0,0,11,4,5,33494,33163,2.5,0,0,0,3,1,c2_heavy_attack,C2
C2_HEAVY_ATTACK-0021,WIN-ARGUS-021,3,14,1,1,0,0,0,4.0,3,0,0,0,0,3,0.0,5.627,0.07333333333333333,0,0,0,0,10,4,3,24418,35117,3.375,0,0,0,3,1,c2_heavy_attack,C2
C2_HEAVY_ATTACK-0021,WIN-ARGUS-021,4,13,1,1,0,0,0,4.0,2,0,0,0,0,2,0.0,4.638,0.117,0,0,0,0,10,3,5,19870,18884,2.875,0,0,0,3,1,c2_heavy_attack,C2
C2_HEAVY_ATTACK-0021,WIN-ARGUS-021,5,14,1,1,0,0,0,4.0,2,0,0,0,0,2,0.0,4.7415,0.10450000000000001,0,0,0,0,11,4,5,27101,18232,2.6666666666666665,0,0,0,3,1,c2_heavy_attack,C2
C2_HEAVY_ATTACK-0022,WIN-ARGUS-022,0,12,1,1,0,0,0,4.0,3,0,0,0,0,3,0.0,4.855666666666667,0.10166666666666667,0,0,0,0,8,4,4,21535,18871,3.7142857142857144,0,0,0,3,1,c2_heavy_attack,C2
C2_HEAVY_ATTACK-0022,WIN-ARGUS-022,1,12,1,1,0,0,0,4.0,1,0,0,0,0,1,0.0,5.891,0.067,0,0,0,0,10,4,4,27453,21835,3.0,0,0,0,3,1,c2_heavy_attack,C2
C2_HEAVY_ATTACK-0022,WIN-ARGUS-022,2,13,1,1,0,0,0,4.0,3,0,0,0,0,3,0.0,5.573666666666667,0.12133333333333333,0,0,0,0,9,4,4,20610,21608,4.333333333333333,0,0,0,3,1,c2_heavy_attack,C2
C2_HEAVY_ATTACK-0022,WIN-ARGUS-022,3,10,1,1,0,0,0,4.0,1,0,0,0,0,1,0.0,6.258,0.132,0,0,0,0,8,4,3,24436,18846,3.5714285714285716,0,0,0,3,1,c2_heavy_attack,C2
C2_HEAVY_ATTACK-0022,WIN-ARGUS-022,4,13,1,1,0,0,0,4.0,3,0,0,0,0,3,0.0,4.454,0.07933333333333334,0,0,0,0,9,3,4,23069,21295,3.125,0,0,0,3,1,c2_heavy_attack,C2
C2_HEAVY_ATTACK-0022,WIN-ARGUS-022,5,14,1,1,0,0,0,4.0,3,0,0,0,0,3,0.0,5.223333333333334,0.07300000000000001,0,0,0,0,10,4,4,26443,23721,2.2857142857142856,0,0,0,3,1,c2_heavy_attack,C2
C2_HEAVY_ATTACK-0023,WIN-ARGUS-023,0,13,1,1,0,0,0,4.0,1,0,0,0,0,1,0.0,4.843,0.06,0,0,0,0,11,4,4,23687,18897,3.0,0,0,0,3,1,c2_heavy_attack,C2
C2_HEAVY_ATTACK-0023,WIN-ARGUS-023,1,15,1,1,0,0,0,4.0,3,0,0,0,0,3,0.0,4.8566666666666665,0.064,0,0,0,0,11,4,4,25219,24904,3.5714285714285716,0,0,0,3,1,c2_heavy_attack,C2
C2_HEAVY_ATTACK-0023,WIN-ARGUS-023,2,11,1,1,0,0,0,4.0,2,0,0,0,0,2,0.0,4.512499999999999,0.136,0,0,0,0,8,4,4,17600,21831,2.3333333333333335,0,0,0,3,1,c2_heavy_attack,C2
C2_HEAVY_ATTACK-0023,WIN-ARGUS-023,3,14,1,1,0,0,0,4.0,1,0,0,0,0,1,0.0,4.92,0.025,0,0,0,0,12,4,3,33620,32526,2.142857142857143,0,0,0,3,1,c2_heavy_attack,C2
C2_HEAVY_ATTACK-0023,WIN-ARGUS-023,4,12,1,1,0,0,0,4.0,1,0,0,0,0,1,0.0,5.898,0.047,0,0,0,0,10,3,4,26100,23175,3.2857142857142856,0,0,0,3,1,c2_heavy_attack,C2
C2_HEAVY_ATTACK-0023,WIN-ARGUS-023,5,11,1,1,0,0,0,4.0,1,0,0,0,0,1,0.0,5.192,0.04,0,0,0,0,9,4,3,25929,18897,3.7142857142857144,0,0,0,3,1,c2_heavy_attack,C2
C2_HEAVY_ATTACK-0024,WIN-ARGUS-024,0,10,1,1,0,0,0,4.0,1,0,0,0,0,1,0.0,4.957,0.028,0,0,0,0,8,4,5,22729,24402,3.5,0,0,0,3,1,c2_heavy_attack,C2
C2_HEAVY_ATTACK-0024,WIN-ARGUS-024,1,12,1,1,0,0,0,4.0,1,0,0,0,0,1,0.0,5.065,0.091,0,0,0,0,10,4,4,24325,26949,2.888888888888889,0,0,0,3,1,c2_heavy_attack,C2
C2_HEAVY_ATTACK-0024,WIN-ARGUS-024,2,14,1,1,0,0,0,4.0,2,0,0,0,0,2,0.0,4.3235,0.1165,0,0,0,0,11,3,5,30189,24915,4.2,0,0,0,3,1,c2_heavy_attack,C2
C2_HEAVY_ATTACK-0024,WIN-ARGUS-024,3,12,1,1,0,0,0,4.0,2,0,0,0,0,2,0.0,4.6274999999999995,0.08750000000000001,0,0,0,0,9,3,4,19834,23379,3.125,0,0,0,3,1,c2_heavy_attack,C2
C2_HEAVY_ATTACK-0024,WIN-ARGUS-024,4,13,1,1,0,0,0,4.0,1,0,0,0,0,1,0.0,4.204,0.013000000000000001,0,0,0,0,11,4,4,22440,31634,2.875,0,0,0,3,1,c2_heavy_attack,C2
C2_HEAVY_ATTACK-0024,WIN-ARGUS-024,5,14,1,1,0,0,0,4.0,3,0,0,0,0,3,0.0,5.2236666666666665,0.08933333333333333,0,0,0,0,10,4,5,31816,30055,3.142857142857143,0,0,0,3,1,c2_heavy_attack,C2
C2_HEAVY_ATTACK-0025,WIN-ARGUS-025,0,12,1,1,0,0,0,4.0,2,0,0,0,0,2,0.0,5.7135,0.064,0,0,0,0,9,4,4,23836,20628,4.333333333333333,0,0,0,3,1,c2_heavy_attack,C2
C2_HEAVY_ATTACK-0025,WIN-ARGUS-025,1,16,1,1,0,0,0,4.0,3,0,0,0,0,3,0.0,5.822,0.11533333333333333,0,0,0,0,12,4,4,35193,18820,3.2857142857142856,0,0,0,3,1,c2_heavy_attack,C2
C2_HEAVY_ATTACK-0025,WIN-ARGUS-025,2,15,1,1,0,0,0,4.0,3,0,0,0,0,3,0.0,4.942,0.125,0,0,0,0,11,4,4,32739,22147,2.5555555555555554,0,0,0,3,1,c2_heavy_attack,C2
C2_HEAVY_ATTACK-0025,WIN-ARGUS-025,3,14,1,1,0,0,0,4.0,1,0,0,0,0,1,0.0,4.144,0.146,0,0,0,0,12,4,5,33210,27013,2.7777777777777777,0,0,0,3,1,c2_heavy_attack,C2
C2_HEAVY_ATTACK-0025,WIN-ARGUS-025,4,16,1,1,0,0,0,4.0,3,0,0,0,0,3,0.0,5.6706666666666665,0.07533333333333334,0,0,0,0,12,4,5,29964,30656,3.142857142857143,0,0,0,3,1,c2_heavy_attack,C2
C2_HEAVY_ATTACK-0025,WIN-ARGUS-025,5,13,1,1,0,0,0,4.0,1,0,0,0,0,1,0.0,5.891,0.08700000000000001,0,0,0,0,11,4,5,23259,37162,2.5555555555555554,0,0,0,3,1,c2_heavy_attack,C2
C2_HEAVY_ATTACK-0026,WIN-ARGUS-026,0,12,1,1,0,0,0,4.0,3,0,0,0,0,3,0.0,4.951,0.054,0,0,0,0,8,3,4,22224,21206,3.142857142857143,0,0,0,3,1,c2_heavy_attack,C2
C2_HEAVY_ATTACK-0026,WIN-ARGUS-026,1,16,1,1,0,0,0,4.0,3,0,0,0,0,3,0.0,4.293,0.08333333333333333,0,0,0,0,12,4,4,32914,35448,2.8,0,0,0,3,1,c2_heavy_attack,C2
C2_HEAVY_ATTACK-0026,WIN-ARGUS-026,2,12,1,1,0,0,0,4.0,3,0,0,0,0,3,0.0,4.867,0.06933333333333334,0,0,0,0,8,3,4,18805,23180,4.333333333333333,0,0,0,3,1,c2_heavy_attack,C2
C2_HEAVY_ATTACK-0026,WIN-ARGUS-026,3,11,1,1,0,0,0,4.0,1,0,0,0,0,1,0.0,4.302,0.099,0,0,0,0,9,4,5,31931,24118,2.857142857142857,0,0,0,3,1,c2_heavy_attack,C2
C2_HEAVY_ATTACK-0026,WIN-ARGUS-026,4,10,1,1,0,0,0,4.0,1,0,0,0,0,1,0.0,4.842,0.114,0,0,0,0,8,3,3,18270,18435,3.6666666666666665,0,0,0,3,1,c2_heavy_attack,C2
C2_HEAVY_ATTACK-0026,WIN-ARGUS-026,5,15,1,1,0,0,0,4.0,2,0,0,0,0,2,0.0,4.571,0.073,0,0,0,0,12,4,5,26753,27808,3.5714285714285716,0,0,0,3,1,c2_heavy_attack,C2
C2_HEAVY_ATTACK-0027,WIN-ARGUS-027,0,16,1,1,0,0,0,4.0,3,0,0,0,0,3,0.0,5.515000000000001,0.08533333333333333,0,0,0,0,12,4,5,28678,32116,2.6666666666666665,0,0,0,3,1,c2_heavy_attack,C2
C2_HEAVY_ATTACK-0027,WIN-ARGUS-027,1,11,1,1,0,0,0,4.0,2,0,0,0,0,2,0.0,4.8015,0.022,0,0,0,0,8,3,4,20912,24604,4.5,0,0,0,3,1,c2_heavy_attack,C2
C2_HEAVY_ATTACK-0027,WIN-ARGUS-027,2,14,1,1,0,0,0,4.0,2,0,0,0,0,2,0.0,4.069,0.0565,0,0,0,0,11,3,5,26922,23419,2.857142857142857,0,0,0,3,1,c2_heavy_attack,C2
C2_HEAVY_ATTACK-0027,WIN-ARGUS-027,3,13,1,1,0,0,0,4.0,2,0,0,0,0,2,0.0,5.0325,0.0915,0,0,0,0,10,3,5,31545,32629,3.375,0,0,0,3,1,c2_heavy_attack,C2
C2_HEAVY_ATTACK-0027,WIN-ARGUS-027,4,12,1,1,0,0,0,4.0,3,0,0,0,0,3,0.0,4.171,0.058666666666666666,0,0,0,0,8,3,5,21583,19503,3.5714285714285716,0,0,0,3,1,c2_heavy_attack,C2
C2_HEAVY_ATTACK-0027,WIN-ARGUS-027,5,10,1,1,0,0,0,4.0,1,0,0,0,0,1,0.0,5.13,0.111,0,0,0,0,8,4,3,19662,22041,3.5714285714285716,0,0,0,3,1,c2_heavy_attack,C2
C2_HEAVY_ATTACK-0028,WIN-ARGUS-028,0,13,1,1,0,0,0,4.0,3,0,0,0,0,3,0.0,5.270333333333333,0.11566666666666668,0,0,0,0,9,4,5,21548,26766,3.0,0,0,0,3,1,c2_heavy_attack,C2
C2_HEAVY_ATTACK-0028,WIN-ARGUS-028,1,13,1,1,0,0,0,4.0,3,0,0,0,0,3,0.0,5.680666666666667,0.08966666666666667,0,0,0,0,9,4,4,24855,25962,3.375,0,0,0,3,1,c2_heavy_attack,C2
C2_HEAVY_ATTACK-0028,WIN-ARGUS-028,2,10,1,1,0,0,0,4.0,1,0,0,0,0,1,0.0,5.227,0.125,0,0,0,0,8,3,5,17223,24377,4.5,0,0,0,3,1,c2_heavy_attack,C2
C2_HEAVY_ATTACK-0028,WIN-ARGUS-028,3,11,1,1,0,0,0,4.0,2,0,0,0,0,2,0.0,5.464499999999999,0.0575,0,0,0,0,8,4,4,21436,18098,4.5,0,0,0,3,1,c2_heavy_attack,C2
C2_HEAVY_ATTACK-0028,WIN-ARGUS-028,4,14,1,1,0,0,0,4.0,2,0,0,0,0,2,0.0,5.8445,0.076,0,0,0,0,11,4,4,35297,27386,2.2857142857142856,0,0,0,3,1,c2_heavy_attack,C2
C2_HEAVY_ATTACK-0028,WIN-ARGUS-028,5,10,1,1,0,0,0,4.0,1,0,0,0,0,1,0.0,4.662,0.027,0,0,0,0,8,3,5,19459,20821,4.6,0,0,0,3,1,c2_heavy_attack,C2
C2_HEAVY_ATTACK-0029,WIN-ARGUS-029,0,15,1,1,0,0,0,4.0,2,0,0,0,0,2,0.0,4.9125,0.084,0,0,0,0,12,4,5,27244,31985,2.6,0,0,0,3,1,c2_heavy_attack,C2
C2_HEAVY_ATTACK-0029,WIN-ARGUS-029,1,10,1,1,0,0,0,4.0,1,0,0,0,0,1,0.0,3.753,0.134,0,0,0,0,8,4,3,18451,21274,2.7142857142857144,0,0,0,3,1,c2_heavy_attack,C2
C2_HEAVY_ATTACK-0029,WIN-ARGUS-029,2,13,1,1,0,0,0,4.0,3,0,0,0,0,3,0.0,4.87,0.08866666666666667,0,0,0,0,9,4,5,24986,17562,3.125,0,0,0,3,1,c2_heavy_attack,C2
C2_HEAVY_ATTACK-0029,WIN-ARGUS-029,3,12,1,1,0,0,0,4.0,2,0,0,0,0,2,0.0,4.7385,0.08600000000000001,0,0,0,0,9,4,4,24214,25107,4.333333333333333,0,0,0,3,1,c2_heavy_attack,C2
C2_HEAVY_ATTACK-0029,WIN-ARGUS-029,4,11,1,1,0,0,0,4.0,1,0,0,0,0,1,0.0,4.03,0.1,0,0,0,0,9,3,5,27671,26597,3.4285714285714284,0,0,0,3,1,c2_heavy_attack,C2
C2_HEAVY_ATTACK-0029,WIN-ARGUS-029,5,13,1,1,0,0,0,4.0,3,0,0,0,0,3,0.0,4.542666666666666,0.09499999999999999,0,0,0,0,9,4,4,30965,19082,2.857142857142857,0,0,0,3,1,c2_heavy_attack,C2
C2_HEAVY_ATTACK-0030,WIN-ARGUS-030,0,14,1,1,0,0,0,4.0,2,0,0,0,0,2,0.0,5.109,0.11,0,0,0,0,11,4,5,24713,24503,2.875,0,0,0,3,1,c2_heavy_attack,C2
C2_HEAVY_ATTACK-0030,WIN-ARGUS-030,1,11,1,1,0,0,0,4.0,1,0,0,0,0,1,0.0,4.954,0.022,0,0,0,0,9,4,4,23780,26962,2.7142857142857144,0,0,0,3,1,c2_heavy_attack,C2
C2_HEAVY_ATTACK-0030,WIN-ARGUS-030,2,13,1,1,0,0,0,4.0,2,0,0,0,0,2,0.0,5.4315,0.087,0,0,0,0,10,4,3,17875,28004,3.0,0,0,0,3,1,c2_heavy_attack,C2
C2_HEAVY_ATTACK-0030,WIN-ARGUS-030,3,10,1,1,0,0,0,4.0,1,0,0,0,0,1,0.0,5.235,0.048,0,0,0,0,8,4,5,17544,15686,3.5,0,0,0,3,1,c2_heavy_attack,C2
C2_HEAVY_ATTACK-0030,WIN-ARGUS-030,4,15,1,1,0,0,0,4.0,3,0,0,0,0,3,0.0,4.506,0.064,0,0,0,0,11,4,5,35853,31046,3.5,0,0,0,3,1,c2_heavy_attack,C2
C2_HEAVY_ATTACK-0030,WIN-ARGUS-030,5,11,1,1,0,0,0,4.0,2,0,0,0,0,2,0.0,5.1945,0.0845,0,0,0,0,8,3,5,18306,20993,3.8333333333333335,0,0,0,3,1,c2_heavy_attack,C2
C2_HEAVY_ATTACK-0031,WIN-ARGUS-031,0,13,1,1,0,0,0,4.0,1,0,0,0,0,1,0.0,6.013,0.057,0,0,0,0,11,4,4,27255,25199,3.25,0,0,0,3,1,c2_heavy_attack,C2
C2_HEAVY_ATTACK-0031,WIN-ARGUS-031,1,11,1,1,0,0,0,4.0,1,0,0,0,0,1,0.0,5.266,0.049,0,0,0,0,9,4,3,22749,24983,3.857142857142857,0,0,0,3,1,c2_heavy_attack,C2
C2_HEAVY_ATTACK-0031,WIN-ARGUS-031,2,16,1,1,0,0,0,4.0,3,0,0,0,0,3,0.0,5.288666666666667,0.09500000000000001,0,0,0,0,12,4,4,31188,31926,2.6,0,0,0,3,1,c2_heavy_attack,C2
C2_HEAVY_ATTACK-0031,WIN-ARGUS-031,3,15,1,1,0,0,0,4.0,2,0,0,0,0,2,0.0,4.7325,0.125,0,0,0,0,12,4,3,27382,31749,2.5555555555555554,0,0,0,3,1,c2_heavy_attack,C2
C2_HEAVY_ATTACK-0031,WIN-ARGUS-031,4,14,1,1,0,0,0,4.0,2,0,0,0,0,2,0.0,4.3865,0.0325,0,0,0,0,11,3,5,19791,26964,2.625,0,0,0,3,1,c2_heavy_attack,C2
C2_HEAVY_ATTACK-0031,WIN-ARGUS-031,5,11,1,1,0,0,0,4.0,2,0,0,0,0,2,0.0,4.371,0.0165,0,0,0,0,8,4,4,28581,28628,5.0,0,0,0,3,1,c2_heavy_attack,C2
C2_HEAVY_ATTACK-0032,WIN-ARGUS-032,0,11,1,1,0,0,0,4.0,2,0,0,0,0,2,0.0,5.8225,0.035,0,0,0,0,8,4,5,19243,16445,4.0,0,0,0,3,1,c2_heavy_attack,C2
C2_HEAVY_ATTACK-0032,WIN-ARGUS-032,1,11,1,1,0,0,0,4.0,1,0,0,0,0,1,0.0,5.6850000000000005,0.137,0,0,0,0,9,4,5,19892,17546,3.0,0,0,0,3,1,c2_heavy_attack,C2
C2_HEAVY_ATTACK-0032,WIN-ARGUS-032,2,10,1,1,0,0,0,4.0,1,0,0,0,0,1,0.0,5.039,0.013000000000000001,0,0,0,0,8,4,4,21700,17429,4.0,0,0,0,3,1,c2_heavy_attack,C2
C2_HEAVY_ATTACK-0032,WIN-ARGUS-032,3,12,1,1,0,0,0,4.0,1,0,0,0,0,1,0.0,5.46,0.146,0,0,0,0,10,4,4,26748,25182,2.888888888888889,0,0,0,3,1,c2_heavy_attack,C2
C2_HEAVY_ATTACK-0032,WIN-ARGUS-032,4,12,1,1,0,0,0,4.0,1,0,0,0,0,1,0.0,6.086,0.029,0,0,0,0,10,4,4,34058,32613,3.4285714285714284,0,0,0,3,1,c2_heavy_attack,C2
C2_HEAVY_ATTACK-0032,WIN-ARGUS-032,5,15,1,1,0,0,0,4.0,3,0,0,0,0,3,0.0,5.059666666666667,0.055,0,0,0,0,11,4,3,21934,33221,2.7,0,0,0,3,1,c2_heavy_attack,C2
C2_HEAVY_ATTACK-0033,WIN-ARGUS-033,0,12,1,1,0,0,0,4.0,1,0,0,0,0,1,0.0,5.186,0.036000000000000004,0,0,0,0,10,4,4,19466,22380,2.4444444444444446,0,0,0,3,1,c2_heavy_attack,C2
C2_HEAVY_ATTACK-0033,WIN-ARGUS-033,1,10,1,1,0,0,0,4.0,1,0,0,0,0,1,0.0,5.146,0.105,0,0,0,0,8,3,4,14565,20839,3.2857142857142856,0,0,0,3,1,c2_heavy_attack,C2
C2_HEAVY_ATTACK-0033,WIN-ARGUS-033,2,11,1,1,0,0,0,4.0,1,0,0,0,0,1,0.0,5.067,0.07200000000000001,0,0,0,0,9,3,4,28416,26576,4.0,0,0,0,3,1,c2_heavy_attack,C2
C2_HEAVY_ATTACK-0033,WIN-ARGUS-033,3,12,1,1,0,0,0,4.0,2,0,0,0,0,2,0.0,3.9815,0.0505,0,0,0,0,9,4,4,15935,17257,3.0,0,0,0,3,1,c2_heavy_attack,C2
C2_HEAVY_ATTACK-0033,WIN-ARGUS-033,4,11,1,1,0,0,0,4.0,1,0,0,0,0,1,0.0,6.001,0.13,0,0,0,0,9,4,5,26402,24027,3.4285714285714284,0,0,0,3,1,c2_heavy_attack,C2
C2_HEAVY_ATTACK-0033,WIN-ARGUS-033,5,15,1,1,0,0,0,4.0,3,0,0,0,0,3,0.0,4.898666666666667,0.128,0,0,0,0,11,4,4,25686,33416,2.888888888888889,0,0,0,3,1,c2_heavy_attack,C2
C2_HEAVY_ATTACK-0034,WIN-ARGUS-034,0,13,1,1,0,0,0,4.0,3,0,0,0,0,3,0.0,5.622333333333334,0.06566666666666666,0,0,0,0,9,4,4,19213,25680,4.333333333333333,0,0,0,3,1,c2_heavy_attack,C2
C2_HEAVY_ATTACK-0034,WIN-ARGUS-034,1,11,1,1,0,0,0,4.0,2,0,0,0,0,2,0.0,4.9445,0.0505,0,0,0,0,8,3,4,24468,20571,3.0,0,0,0,3,1,c2_heavy_attack,C2
C2_HEAVY_ATTACK-0034,WIN-ARGUS-034,2,13,1,1,0,0,0,4.0,3,0,0,0,0,3,0.0,5.353666666666666,0.10266666666666667,0,0,0,0,9,4,5,27133,18615,3.125,0,0,0,3,1,c2_heavy_attack,C2
C2_HEAVY_ATTACK-0034,WIN-ARGUS-034,3,12,1,1,0,0,0,4.0,1,0,0,0,0,1,0.0,5.949,0.065,0,0,0,0,10,4,5,27941,25386,3.7142857142857144,0,0,0,3,1,c2_heavy_attack,C2
C2_HEAVY_ATTACK-0034,WIN-ARGUS-034,4,14,1,1,0,0,0,4.0,1,0,0,0,0,1,0.0,4.283,0.019,0,0,0,0,12,4,5,33706,40328,3.125,0,0,0,3,1,c2_heavy_attack,C2
C2_HEAVY_ATTACK-0034,WIN-ARGUS-034,5,12,1,1,0,0,0,4.0,1,0,0,0,0,1,0.0,4.437,0.027,0,0,0,0,10,4,4,25223,30686,2.7777777777777777,0,0,0,3,1,c2_heavy_attack,C2
C2_HEAVY_ATTACK-0035,WIN-ARGUS-035,0,16,1,1,0,0,0,4.0,3,0,0,0,0,3,0.0,5.948,0.07266666666666667,0,0,0,0,12,4,4,26276,29825,3.5,0,0,0,3,1,c2_heavy_attack,C2
C2_HEAVY_ATTACK-0035,WIN-ARGUS-035,1,13,1,1,0,0,0,4.0,1,0,0,0,0,1,0.0,4.138,0.112,0,0,0,0,11,4,5,29815,26845,3.25,0,0,0,3,1,c2_heavy_attack,C2
C2_HEAVY_ATTACK-0035,WIN-ARGUS-035,2,13,1,1,0,0,0,4.0,2,0,0,0,0,2,0.0,5.7195,0.059000000000000004,0,0,0,0,10,4,4,12671,22936,3.6666666666666665,0,0,0,3,1,c2_heavy_attack,C2
C2_HEAVY_ATTACK-0035,WIN-ARGUS-035,3,10,1,1,0,0,0,4.0,1,0,0,0,0,1,0.0,6.146,0.02,0,0,0,0,8,3,4,17051,22264,3.142857142857143,0,0,0,3,1,c2_heavy_attack,C2
C2_HEAVY_ATTACK-0035,WIN-ARGUS-035,4,10,1,1,0,0,0,4.0,1,0,0,0,0,1,0.0,5.587,0.082,0,0,0,0,8,3,4,27000,20332,4.0,0,0,0,3,1,c2_heavy_attack,C2
C2_HEAVY_ATTACK-0035,WIN-ARGUS-035,5,11,1,1,0,0,0,4.0,2,0,0,0,0,2,0.0,5.083,0.11499999999999999,0,0,0,0,8,4,5,18652,29325,4.666666666666667,0,0,0,3,1,c2_heavy_attack,C2
C2_HEAVY_ATTACK-0036,WIN-ARGUS-036,0,12,1,1,0,0,0,4.0,2,0,0,0,0,2,0.0,4.5115,0.108,0,0,0,0,9,4,5,20684,22854,3.375,0,0,0,3,1,c2_heavy_attack,C2
C2_HEAVY_ATTACK-0036,WIN-ARGUS-036,1,13,1,1,0,0,0,4.0,3,0,0,0,0,3,0.0,4.8806666666666665,0.057,0,0,0,0,9,4,5,23089,24163,4.333333333333333,0,0,0,3,1,c2_heavy_attack,C2
C2_HEAVY_ATTACK-0036,WIN-ARGUS-036,2,11,1,1,0,0,0,4.0,1,0,0,0,0,1,0.0,5.708,0.132,0,0,0,0,9,4,5,17750,23493,2.857142857142857,0,0,0,3,1,c2_heavy_attack,C2
C2_HEAVY_ATTACK-0036,WIN-ARGUS-036,3,13,1,1,0,0,0,4.0,3,0,0,0,0,3,0.0,4.617333333333334,0.05066666666666667,0,0,0,0,9,4,5,22990,24373,3.7142857142857144,0,0,0,3,1,c2_heavy_attack,C2
C2_HEAVY_ATTACK-0036,WIN-ARGUS-036,4,12,1,1,0,0,0,4.0,3,0,0,0,0,3,0.0,4.758,0.08133333333333334,0,0,0,0,8,4,5,21776,23699,3.75,0,0,0,3,1,c2_heavy_attack,C2
C2_HEAVY_ATTACK-0036,WIN-ARGUS-036,5,10,1,1,0,0,0,4.0,1,0,0,0,0,1,0.0,4.611,0.113,0,0,0,0,8,3,4,26892,20681,4.5,0,0,0,3,1,c2_heavy_attack,C2
C2_HEAVY_ATTACK-0037,WIN-ARGUS-037,0,10,1,1,0,0,0,4.0,1,0,0,0,0,1,0.0,4.061,0.108,0,0,0,0,8,4,3,17093,20022,2.5,0,0,0,3,1,c2_heavy_attack,C2
C2_HEAVY_ATTACK-0037,WIN-ARGUS-037,1,12,1,1,0,0,0,4.0,3,0,0,0,0,3,0.0,4.64,0.08733333333333333,0,0,0,0,8,4,4,17870,25661,1.8,0,0,0,3,1,c2_heavy_attack,C2
C2_HEAVY_ATTACK-0037,WIN-ARGUS-037,2,12,1,1,0,0,0,4.0,1,0,0,0,0,1,0.0,4.266,0.032,0,0,0,0,10,4,4,29389,25825,3.0,0,0,0,3,1,c2_heavy_attack,C2
C2_HEAVY_ATTACK-0037,WIN-ARGUS-037,3,15,1,1,0,0,0,4.0,3,0,0,0,0,3,0.0,5.203666666666667,0.08800000000000001,0,0,0,0,11,4,5,31582,27749,3.7142857142857144,0,0,0,3,1,c2_heavy_attack,C2
C2_HEAVY_ATTACK-0037,WIN-ARGUS-037,4,13,1,1,0,0,0,4.0,1,0,0,0,0,1,0.0,4.031,0.096,0,0,0,0,11,4,4,31151,27618,2.875,0,0,0,3,1,c2_heavy_attack,C2
C2_HEAVY_ATTACK-0037,WIN-ARGUS-037,5,12,1,1,0,0,0,4.0,1,0,0,0,0,1,0.0,3.811,0.011,0,0,0,0,10,4,4,23112,26396,3.125,0,0,0,3,1,c2_heavy_attack,C2
C2_HEAVY_ATTACK-0038,WIN-ARGUS-038,0,13,1,1,0,0,0,4.0,1,0,0,0,0,1,0.0,6.177,0.081,0,0,0,0,11,4,4,27807,30278,3.0,0,0,0,3,1,c2_heavy_attack,C2
C2_HEAVY_ATTACK-0038,WIN-ARGUS-038,1,13,1,1,0,0,0,4.0,1,0,0,0,0,1,0.0,5.7780000000000005,0.105,0,0,0,0,11,4,5,23072,23444,3.25,0,0,0,3,1,c2_heavy_attack,C2
C2_HEAVY_ATTACK-0038,WIN-ARGUS-038,2,16,1,1,0,0,0,4.0,3,0,0,0,0,3,0.0,4.014,0.05566666666666667,0,0,0,0,12,4,5,32599,32600,4.0,0,0,0,3,1,c2_heavy_attack,C2
C2_HEAVY_ATTACK-0038,WIN-ARGUS-038,3,11,1,1,0,0,0,4.0,2,0,0,0,0,2,0.0,4.5865,0.11649999999999999,0,0,0,0,8,3,4,25934,16364,2.857142857142857,0,0,0,3,1,c2_heavy_attack,C2
C2_HEAVY_ATTACK-0038,WIN-ARGUS-038,4,12,1,1,0,0,0,4.0,3,0,0,0,0,3,0.0,4.723,0.042333333333333334,0,0,0,0,8,4,4,23728,27402,4.166666666666667,0,0,0,3,1,c2_heavy_attack,C2
C2_HEAVY_ATTACK-0038,WIN-ARGUS-038,5,10,1,1,0,0,0,4.0,1,0,0,0,0,1,0.0,3.9699999999999998,0.132,0,0,0,0,8,4,4,20457,17075,3.8333333333333335,0,0,0,3,1,c2_heavy_attack,C2
C2_HEAVY_ATTACK-0039,WIN-ARGUS-039,0,14,1,1,0,0,0,4.0,3,0,0,0,0,3,0.0,4.925666666666667,0.10099999999999999,0,0,0,0,10,3,4,28728,29157,3.6666666666666665,0,0,0,3,1,c2_heavy_attack,C2
C2_HEAVY_ATTACK-0039,WIN-ARGUS-039,1,16,1,1,0,0,0,4.0,3,0,0,0,0,3,0.0,5.687666666666668,0.042666666666666665,0,0,0,0,12,4,4,28923,28062,2.888888888888889,0,0,0,3,1,c2_heavy_attack,C2
C2_HEAVY_ATTACK-0039,WIN-ARGUS-039,2,12,1,1,0,0,0,4.0,1,0,0,0,0,1,0.0,4.197,0.13,0,0,0,0,10,4,4,23114,23435,1.875,0,0,0,3,1,c2_heavy_attack,C2
C2_HEAVY_ATTACK-0039,WIN-ARGUS-039,3,14,1,1,0,0,0,4.0,1,0,0,0,0,1,0.0,4.947,0.11800000000000001,0,0,0,0,12,4,4,30513,28384,2.5555555555555554,0,0,0,3,1,c2_heavy_attack,C2
C2_HEAVY_ATTACK-0039,WIN-ARGUS-039,4,11,1,1,0,0,0,4.0,2,0,0,0,0,2,0.0,4.4915,0.0875,0,0,0,0,8,3,4,21719,17847,3.7142857142857144,0,0,0,3,1,c2_heavy_attack,C2
C2_HEAVY_ATTACK-0039,WIN-ARGUS-039,5,12,1,1,0,0,0,4.0,3,0,0,0,0,3,0.0,5.545333333333335,0.11033333333333334,0,0,0,0,8,4,5,23891,20373,2.4285714285714284,0,0,0,3,1,c2_heavy_attack,C2
C2_HEAVY_ATTACK-0040,WIN-ARGUS-040,0,13,1,1,0,0,0,4.0,2,0,0,0,0,2,0.0,5.673500000000001,0.07100000000000001,0,0,0,0,10,3,5,29526,24630,2.75,0,0,0,3,1,c2_heavy_attack,C2
C2_HEAVY_ATTACK-0040,WIN-ARGUS-040,1,14,1,1,0,0,0,4.0,1,0,0,0,0,1,0.0,5.567,0.013000000000000001,0,0,0,0,12,4,4,32459,27756,2.6,0,0,0,3,1,c2_heavy_attack,C2
C2_HEAVY_ATTACK-0040,WIN-ARGUS-040,2,12,1,1,0,0,0,4.0,2,0,0,0,0,2,0.0,5.4695,0.05450000000000001,0,0,0,0,9,4,4,24744,29283,3.857142857142857,0,0,0,3,1,c2_heavy_attack,C2
C2_HEAVY_ATTACK-0040,WIN-ARGUS-040,3,12,1,1,0,0,0,4.0,2,0,0,0,0,2,0.0,4.3225,0.052000000000000005,0,0,0,0,9,3,4,19512,25860,3.142857142857143,0,0,0,3,1,c2_heavy_attack,C2
C2_HEAVY_ATTACK-0040,WIN-ARGUS-040,4,13,1,1,0,0,0,4.0,3,0,0,0,0,3,0.0,4.066666666666666,0.081,0,0,0,0,9,4,4,21578,23689,3.0,0,0,0,3,1,c2_heavy_attack,C2
C2_HEAVY_ATTACK-0040,WIN-ARGUS-040,5,12,1,1,0,0,0,4.0,1,0,0,0,0,1,0.0,4.264,0.023,0,0,0,0,10,4,5,23926,20359,3.6666666666666665,0,0,0,3,1,c2_heavy_attack,C2
C2_HEAVY_ATTACK-0041,WIN-ARGUS-041,0,13,1,1,0,0,0,4.0,3,0,0,0,0,3,0.0,4.466666666666667,0.12666666666666668,0,0,0,0,9,3,5,21087,23243,3.5714285714285716,0,0,0,3,1,c2_heavy_attack,C2
C2_HEAVY_ATTACK-0041,WIN-ARGUS-041,1,12,1,1,0,0,0,4.0,1,0,0,0,0,1,0.0,5.843,0.035,0,0,0,0,10,4,5,28142,34188,5.2,0,0,0,3,1,c2_heavy_attack,C2
C2_HEAVY_ATTACK-0041,WIN-ARGUS-041,2,15,1,1,0,0,0,4.0,2,0,0,0,0,2,0.0,4.7059999999999995,0.07700000000000001,0,0,0,0,12,4,5,30174,29833,2.6666666666666665,0,0,0,3,1,c2_heavy_attack,C2
C2_HEAVY_ATTACK-0041,WIN-ARGUS-041,3,15,1,1,0,0,0,4.0,2,0,0,0,0,2,0.0,5.5755,0.07500000000000001,0,0,0,0,12,3,5,29489,38570,3.0,0,0,0,3,1,c2_heavy_attack,C2
C2_HEAVY_ATTACK-0041,WIN-ARGUS-041,4,16,1,1,0,0,0,4.0,3,0,0,0,0,3,0.0,5.2683333333333335,0.04733333333333333,0,0,0,0,12,4,5,32642,42718,2.7,0,0,0,3,1,c2_heavy_attack,C2
C2_HEAVY_ATTACK-0041,WIN-ARGUS-041,5,11,1,1,0,0,0,4.0,1,0,0,0,0,1,0.0,3.829,0.125,0,0,0,0,9,4,3,18547,22900,2.375,0,0,0,3,1,c2_heavy_attack,C2
C2_HEAVY_ATTACK-0042,WIN-ARGUS-042,0,12,1,1,0,0,0,4.0,2,0,0,0,0,2,0.0,4.813000000000001,0.066,0,0,0,0,9,4,5,11858,23554,3.5,0,0,0,3,1,c2_heavy_attack,C2
C2_HEAVY_ATTACK-0042,WIN-ARGUS-042,1,16,1,1,0,0,0,4.0,3,0,0,0,0,3,0.0,4.511666666666667,0.07566666666666667,0,0,0,0,12,4,5,33428,29816,3.111111111111111,0,0,0,3,1,c2_heavy_attack,C2
C2_HEAVY_ATTACK-0042,WIN-ARGUS-042,2,12,1,1,0,0,0,4.0,2,0,0,0,0,2,0.0,5.467499999999999,0.10700000000000001,0,0,0,0,9,3,4,24061,28493,3.3333333333333335,0,0,0,3,1,c2_heavy_attack,C2
C2_HEAVY_ATTACK-0042,WIN-ARGUS-042,3,16,1,1,0,0,0,4.0,3,0,0,0,0,3,0.0,5.208,0.084,0,0,0,0,12,4,5,23482,30386,2.2222222222222223,0,0,0,3,1,c2_heavy_attack,C2
C2_HEAVY_ATTACK-0042,WIN-ARGUS-042,4,14,1,1,0,0,0,4.0,2,0,0,0,0,2,0.0,5.152,0.081,0,0,0,0,11,4,4,15515,33648,3.2857142857142856,0,0,0,3,1,c2_heavy_attack,C2
C2_HEAVY_ATTACK-0042,WIN-ARGUS-042,5,13,1,1,0,0,0,4.0,1,0,0,0,0,1,0.0,5.486,0.09,0,0,0,0,11,4,4,21811,24543,2.7777777777777777,0,0,0,3,1,c2_heavy_attack,C2
C2_HEAVY_ATTACK-0043,WIN-ARGUS-043,0,13,1,1,0,0,0,4.0,2,0,0,0,0,2,0.0,5.1355,0.1005,0,0,0,0,10,4,5,24177,28098,3.375,0,0,0,3,1,c2_heavy_attack,C2
C2_HEAVY_ATTACK-0043,WIN-ARGUS-043,1,12,1,1,0,0,0,4.0,3,0,0,0,0,3,0.0,5.806,0.06233333333333333,0,0,0,0,8,4,3,20013,26118,4.0,0,0,0,3,1,c2_heavy_attack,C2
C2_HEAVY_ATTACK-0043,WIN-ARGUS-043,2,11,1,1,0,0,0,4.0,2,0,0,0,0,2,0.0,5.3004999999999995,0.131,0,0,0,0,8,3,4,22732,21134,3.5714285714285716,0,0,0,3,1,c2_heavy_attack,C2
C2_HEAVY_ATTACK-0043,WIN-ARGUS-043,3,12,1,1,0,0,0,4.0,2,0,0,0,0,2,0.0,4.814,0.049,0,0,0,0,9,4,5,21766,21990,3.4285714285714284,0,0,0,3,1,c2_heavy_attack,C2
C2_HEAVY_ATTACK-0043,WIN-ARGUS-043,4,12,1,1,0,0,0,4.0,1,0,0,0,0,1,0.0,5.743,0.013000000000000001,0,0,0,0,10,4,5,27240,23107,2.875,0,0,0,3,1,c2_heavy_attack,C2
C2_HEAVY_ATTACK-0043,WIN-ARGUS-043,5,15,1,1,0,0,0,4.0,2,0,0,0,0,2,0.0,5.2965,0.044,0,0,0,0,12,4,5,35613,35462,1.6363636363636365,0,0,0,3,1,c2_heavy_attack,C2
C2_HEAVY_ATTACK-0044,WIN-ARGUS-044,0,12,1,1,0,0,0,4.0,3,0,0,0,0,3,0.0,5.036333333333333,0.10066666666666668,0,0,0,0,8,3,4,22425,19244,3.0,0,0,0,3,1,c2_heavy_attack,C2
C2_HEAVY_ATTACK-0044,WIN-ARGUS-044,1,11,1,1,0,0,0,4.0,1,0,0,0,0,1,0.0,6.035,0.149,0,0,0,0,9,4,5,26123,26220,4.166666666666667,0,0,0,3,1,c2_heavy_attack,C2
C2_HEAVY_ATTACK-0044,WIN-ARGUS-044,2,13,1,1,0,0,0,4.0,2,0,0,0,0,2,0.0,4.122,0.0405,0,0,0,0,10,4,4,23579,24952,2.4444444444444446,0,0,0,3,1,c2_heavy_attack,C2
C2_HEAVY_ATTACK-0044,WIN-ARGUS-044,3,11,1,1,0,0,0,4.0,1,0,0,0,0,1,0.0,5.252,0.03,0,0,0,0,9,4,4,26511,16054,3.7142857142857144,0,0,0,3,1,c2_heavy_attack,C2
C2_HEAVY_ATTACK-0044,WIN-ARGUS-044,4,13,1,1,0,0,0,4.0,1,0,0,0,0,1,0.0,4.185,0.061,0,0,0,0,11,4,5,20581,24614,3.111111111111111,0,0,0,3,1,c2_heavy_attack,C2
C2_HEAVY_ATTACK-0044,WIN-ARGUS-044,5,11,1,1,0,0,0,4.0,2,0,0,0,0,2,0.0,4.7895,0.10300000000000001,0,0,0,0,8,4,5,27325,17080,3.7142857142857144,0,0,0,3,1,c2_heavy_attack,C2
C2_HEAVY_ATTACK-0045,WIN-ARGUS-045,0,13,1,1,0,0,0,4.0,3,0,0,0,0,3,0.0,4.524333333333334,0.067,0,0,0,0,9,4,4,20551,26182,3.2857142857142856,0,0,0,3,1,c2_heavy_attack,C2
C2_HEAVY_ATTACK-0045,WIN-ARGUS-045,1,15,1,1,0,0,0,4.0,3,0,0,0,0,3,0.0,4.777,0.07366666666666667,0,0,0,0,11,4,5,31078,26833,4.0,0,0,0,3,1,c2_heavy_attack,C2
C2_HEAVY_ATTACK-0045,WIN-ARGUS-045,2,12,1,1,0,0,0,4.0,1,0,0,0,0,1,0.0,5.008,0.15,0,0,0,0,10,4,3,20538,23097,4.0,0,0,0,3,1,c2_heavy_attack,C2
C2_HEAVY_ATTACK-0045,WIN-ARGUS-045,3,16,1,1,0,0,0,4.0,3,0,0,0,0,3,0.0,4.600666666666666,0.127,0,0,0,0,12,4,5,34993,30549,3.125,0,0,0,3,1,c2_heavy_attack,C2
C2_HEAVY_ATTACK-0045,WIN-ARGUS-045,4,12,1,1,0,0,0,4.0,3,0,0,0,0,3,0.0,4.560333333333333,0.04566666666666667,0,0,0,0,8,3,4,13014,19068,4.0,0,0,0,3,1,c2_heavy_attack,C2
C2_HEAVY_ATTACK-0045,WIN-ARGUS-045,5,15,1,1,0,0,0,4.0,2,0,0,0,0,2,0.0,4.8055,0.05550000000000001,0,0,0,0,12,4,4,36113,29347,2.4,0,0,0,3,1,c2_heavy_attack,C2
C2_HEAVY_ATTACK-0046,WIN-ARGUS-046,0,15,1,1,0,0,0,4.0,3,0,0,0,0,3,0.0,4.820333333333333,0.050666666666666665,0,0,0,0,11,4,3,25878,29055,3.125,0,0,0,3,1,c2_heavy_attack,C2
C2_HEAVY_ATTACK-0046,WIN-ARGUS-046,1,11,1,1,0,0,0,4.0,2,0,0,0,0,2,0.0,3.903,0.08249999999999999,0,0,0,0,8,4,5,24074,21064,4.333333333333333,0,0,0,3,1,c2_heavy_attack,C2
C2_HEAVY_ATTACK-0046,WIN-ARGUS-046,2,12,1,1,0,0,0,4.0,1,0,0,0,0,1,0.0,3.614,0.10200000000000001,0,0,0,0,10,4,4,22932,24010,2.7142857142857144,0,0,0,3,1,c2_heavy_attack,C2
C2_HEAVY_ATTACK-0046,WIN-ARGUS-046,3,14,1,1,0,0,0,4.0,2,0,0,0,0,2,0.0,3.819,0.0765,0,0,0,0,11,3,5,22714,30521,2.4,0,0,0,3,1,c2_heavy_attack,C2
C2_HEAVY_ATTACK-0046,WIN-ARGUS-046,4,15,1,1,0,0,0,4.0,2,0,0,0,0,2,0.0,5.1675,0.08299999999999999,0,0,0,0,12,4,5,26830,33711,2.2222222222222223,0,0,0,3,1,c2_heavy_attack,C2
C2_HEAVY_ATTACK-0046,WIN-ARGUS-046,5,14,1,1,0,0,0,4.0,3,0,0,0,0,3,0.0,5.427333333333333,0.07833333333333334,0,0,0,0,10,4,5,27444,25022,4.166666666666667,0,0,0,3,1,c2_heavy_attack,C2
C2_HEAVY_ATTACK-0047,WIN-ARGUS-047,0,14,1,1,0,0,0,4.0,1,0,0,0,0,1,0.0,3.838,0.065,0,0,0,0,12,4,5,29144,25855,2.888888888888889,0,0,0,3,1,c2_heavy_attack,C2
C2_HEAVY_ATTACK-0047,WIN-ARGUS-047,1,15,1,1,0,0,0,4.0,2,0,0,0,0,2,0.0,4.515000000000001,0.062,0,0,0,0,12,4,3,29474,39742,3.5,0,0,0,3,1,c2_heavy_attack,C2
C2_HEAVY_ATTACK-0047,WIN-ARGUS-047,2,12,1,1,0,0,0,4.0,2,0,0,0,0,2,0.0,4.823499999999999,0.08499999999999999,0,0,0,0,9,3,5,23112,20682,2.875,0,0,0,3,1,c2_heavy_attack,C2
C2_HEAVY_ATTACK-0047,WIN-ARGUS-047,3,12,1,1,0,0,0,4.0,2,0,0,0,0,2,0.0,5.475,0.0965,0,0,0,0,9,4,4,25691,25182,5.0,0,0,0,3,1,c2_heavy_attack,C2
C2_HEAVY_ATTACK-0047,WIN-ARGUS-047,4,13,1,1,0,0,0,4.0,1,0,0,0,0,1,0.0,5.447,0.026000000000000002,0,0,0,0,11,3,3,26741,36543,3.25,0,0,0,3,1,c2_heavy_attack,C2
C2_HEAVY_ATTACK-0047,WIN-ARGUS-047,5,13,1,1,0,0,0,4.0,1,0,0,0,0,1,0.0,4.69,0.10200000000000001,0,0,0,0,11,4,5,28082,30592,3.2857142857142856,0,0,0,3,1,c2_heavy_attack,C2
C2_HEAVY_ATTACK-0048,WIN-ARGUS-048,0,13,1,1,0,0,0,4.0,3,0,0,0,0,3,0.0,4.942666666666667,0.11966666666666666,0,0,0,0,9,3,4,20153,23293,3.375,0,0,0,3,1,c2_heavy_attack,C2
C2_HEAVY_ATTACK-0048,WIN-ARGUS-048,1,12,1,1,0,0,0,4.0,2,0,0,0,0,2,0.0,5.947,0.042499999999999996,0,0,0,0,9,4,4,20505,22153,4.0,0,0,0,3,1,c2_heavy_attack,C2
C2_HEAVY_ATTACK-0048,WIN-ARGUS-048,2,12,1,1,0,0,0,4.0,3,0,0,0,0,3,0.0,5.097333333333333,0.06666666666666667,0,0,0,0,8,4,4,28578,20470,4.333333333333333,0,0,0,3,1,c2_heavy_attack,C2
C2_HEAVY_ATTACK-0048,WIN-ARGUS-048,3,15,1,1,0,0,0,4.0,2,0,0,0,0,2,0.0,5.38,0.027999999999999997,0,0,0,0,12,4,5,38552,41212,2.5555555555555554,0,0,0,3,1,c2_heavy_attack,C2
C2_HEAVY_ATTACK-0048,WIN-ARGUS-048,4,12,1,1,0,0,0,4.0,3,0,0,0,0,3,0.0,4.492,0.078,0,0,0,0,8,4,4,25096,23759,4.6,0,0,0,3,1,c2_heavy_attack,C2
C2_HEAVY_ATTACK-0048,WIN-ARGUS-048,5,15,1,1,0,0,0,4.0,3,0,0,0,0,3,0.0,4.606000000000001,0.102,0,0,0,0,11,4,5,25939,20324,3.125,0,0,0,3,1,c2_heavy_attack,C2
C2_HEAVY_ATTACK-0049,WIN-ARGUS-049,0,13,1,1,0,0,0,4.0,2,0,0,0,0,2,0.0,5.353,0.063,0,0,0,0,10,3,5,29325,29211,4.333333333333333,0,0,0,3,1,c2_heavy_attack,C2
C2_HEAVY_ATTACK-0049,WIN-ARGUS-049,1,12,1,1,0,0,0,4.0,2,0,0,0,0,2,0.0,5.477,0.095,0,0,0,0,9,4,5,21492,22802,3.4285714285714284,0,0,0,3,1,c2_heavy_attack,C2
C2_HEAVY_ATTACK-0049,WIN-ARGUS-049,2,13,1,1,0,0,0,4.0,2,0,0,0,0,2,0.0,4.9445,0.11250000000000002,0,0,0,0,10,4,5,33836,24312,3.5714285714285716,0,0,0,3,1,c2_heavy_attack,C2
C2_HEAVY_ATTACK-0049,WIN-ARGUS-049,3,14,1,1,0,0,0,4.0,3,0,0,0,0,3,0.0,4.265666666666667,0.09033333333333333,0,0,0,0,10,4,5,21722,27177,3.8333333333333335,0,0,0,3,1,c2_heavy_attack,C2
C2_HEAVY_ATTACK-0049,WIN-ARGUS-049,4,13,1,1,0,0,0,4.0,3,0,0,0,0,3,0.0,4.529333333333334,0.061000000000000006,0,0,0,0,9,4,4,21823,20733,3.7142857142857144,0,0,0,3,1,c2_heavy_attack,C2
C2_HEAVY_ATTACK-0049,WIN-ARGUS-049,5,15,1,1,0,0,0,4.0,3,0,0,0,0,3,0.0,5.502,0.09866666666666668,0,0,0,0,11,4,4,29829,29459,2.6666666666666665,0,0,0,3,1,c2_heavy_attack,C2
C2_HEAVY_ATTACK-0050,WIN-ARGUS-050,0,15,1,1,0,0,0,4.0,3,0,0,0,0,3,0.0,5.067333333333333,0.08800000000000001,0,0,0,0,11,4,4,29546,25005,3.375,0,0,0,3,1,c2_heavy_attack,C2
C2_HEAVY_ATTACK-0050,WIN-ARGUS-050,1,10,1,1,0,0,0,4.0,1,0,0,0,0,1,0.0,3.625,0.082,0,0,0,0,8,4,4,23026,15410,3.4285714285714284,0,0,0,3,1,c2_heavy_attack,C2
C2_HEAVY_ATTACK-0050,WIN-ARGUS-050,2,14,1,1,0,0,0,4.0,2,0,0,0,0,2,0.0,4.607,0.0825,0,0,0,0,11,4,5,36107,33496,3.3333333333333335,0,0,0,3,1,c2_heavy_attack,C2
C2_HEAVY_ATTACK-0050,WIN-ARGUS-050,3,14,1,1,0,0,0,4.0,3,0,0,0,0,3,0.0,4.5953333333333335,0.036333333333333336,0,0,0,0,10,4,5,23990,27523,3.375,0,0,0,3,1,c2_heavy_attack,C2
C2_HEAVY_ATTACK-0050,WIN-ARGUS-050,4,11,1,1,0,0,0,4.0,1,0,0,0,0,1,0.0,5.491,0.033,0,0,0,0,9,3,5,26984,25273,3.125,0,0,0,3,1,c2_heavy_attack,C2
C2_HEAVY_ATTACK-0050,WIN-ARGUS-050,5,14,1,1,0,0,0,4.0,2,0,0,0,0,2,0.0,5.3055,0.10800000000000001,0,0,0,0,11,3,5,17340,32819,3.0,0,0,0,3,1,c2_heavy_attack,C2
C2_HEAVY_ATTACK-0051,WIN-ARGUS-051,0,13,1,1,0,0,0,4.0,1,0,0,0,0,1,0.0,4.996,0.039,0,0,0,0,11,4,4,32706,30805,2.888888888888889,0,0,0,3,1,c2_heavy_attack,C2
C2_HEAVY_ATTACK-0051,WIN-ARGUS-051,1,16,1,1,0,0,0,4.0,3,0,0,0,0,3,0.0,4.814666666666667,0.09133333333333334,0,0,0,0,12,4,4,36298,27807,2.888888888888889,0,0,0,3,1,c2_heavy_attack,C2
C2_HEAVY_ATTACK-0051,WIN-ARGUS-051,2,13,1,1,0,0,0,4.0,2,0,0,0,0,2,0.0,4.973000000000001,0.1455,0,0,0,0,10,4,5,29696,31890,2.625,0,0,0,3,1,c2_heavy_attack,C2
C2_HEAVY_ATTACK-0051,WIN-ARGUS-051,3,14,1,1,0,0,0,4.0,2,0,0,0,0,2,0.0,5.509,0.057499999999999996,0,0,0,0,11,4,5,25341,38205,2.7777777777777777,0,0,0,3,1,c2_heavy_attack,C2
C2_HEAVY_ATTACK-0051,WIN-ARGUS-051,4,12,1,1,0,0,0,4.0,2,0,0,0,0,2,0.0,5.2005,0.1015,0,0,0,0,9,4,4,14326,16781,3.4285714285714284,0,0,0,3,1,c2_heavy_attack,C2
C2_HEAVY_ATTACK-0051,WIN-ARGUS-051,5,16,1,1,0,0,0,4.0,3,0,0,0,0,3,0.0,5.346666666666667,0.12533333333333332,0,0,0,0,12,4,4,33453,31760,3.7142857142857144,0,0,0,3,1,c2_heavy_attack,C2
C2_HEAVY_ATTACK-0052,WIN-ARGUS-052,0,16,1,1,0,0,0,4.0,3,0,0,0,0,3,0.0,4.570333333333333,0.038,0,0,0,0,12,4,5,37603,29131,2.5,0,0,0,3,1,c2_heavy_attack,C2
C2_HEAVY_ATTACK-0052,WIN-ARGUS-052,1,13,1,1,0,0,0,4.0,2,0,0,0,0,2,0.0,4.2795000000000005,0.062,0,0,0,0,10,3,5,29932,27531,3.857142857142857,0,0,0,3,1,c2_heavy_attack,C2
C2_HEAVY_ATTACK-0052,WIN-ARGUS-052,2,12,1,1,0,0,0,4.0,2,0,0,0,0,2,0.0,4.7245,0.1115,0,0,0,0,9,3,4,21618,28411,3.125,0,0,0,3,1,c2_heavy_attack,C2
C2_HEAVY_ATTACK-0052,WIN-ARGUS-052,3,14,1,1,0,0,0,4.0,1,0,0,0,0,1,0.0,3.61,0.08600000000000001,0,0,0,0,12,3,5,32262,33710,2.8,0,0,0,3,1,c2_heavy_attack,C2
C2_HEAVY_ATTACK-0052,WIN-ARGUS-052,4,16,1,1,0,0,0,4.0,3,0,0,0,0,3,0.0,5.821333333333333,0.026,0,0,0,0,12,4,4,31979,28203,2.6666666666666665,0,0,0,3,1,c2_heavy_attack,C2
C2_HEAVY_ATTACK-0052,WIN-ARGUS-052,5,12,1,1,0,0,0,4.0,2,0,0,0,0,2,0.0,4.381,0.057999999999999996,0,0,0,0,9,4,4,21325,21700,3.2857142857142856,0,0,0,3,1,c2_heavy_attack,C2
C2_HEAVY_ATTACK-0053,WIN-ARGUS-053,0,12,1,1,0,0,0,4.0,2,0,0,0,0,2,0.0,4.6515,0.078,0,0,0,0,9,4,4,23048,21816,2.125,0,0,0,3,1,c2_heavy_attack,C2
C2_HEAVY_ATTACK-0053,WIN-ARGUS-053,1,10,1,1,0,0,0,4.0,1,0,0,0,0,1,0.0,4.493,0.10400000000000001,0,0,0,0,8,4,5,23413,22151,3.8,0,0,0,3,1,c2_heavy_attack,C2
C2_HEAVY_ATTACK-0053,WIN-ARGUS-053,2,11,1,1,0,0,0,4.0,1,0,0,0,0,1,0.0,3.886,0.113,0,0,0,0,9,4,5,20098,24515,3.142857142857143,0,0,0,3,1,c2_heavy_attack,C2
C2_HEAVY_ATTACK-0053,WIN-ARGUS-053,3,13,1,1,0,0,0,4.0,1,0,0,0,0,1,0.0,5.824,0.019,0,0,0,0,11,4,4,30683,38466,2.6,0,0,0,3,1,c2_heavy_attack,C2
C2_HEAVY_ATTACK-0053,WIN-ARGUS-053,4,11,1,1,0,0,0,4.0,1,0,0,0,0,1,0.0,6.2,0.129,0,0,0,0,9,3,3,30040,27332,3.5,0,0,0,3,1,c2_heavy_attack,C2
C2_HEAVY_ATTACK-0053,WIN-ARGUS-053,5,15,1,1,0,0,0,4.0,2,0,0,0,0,2,0.0,5.5365,0.0275,0,0,0,0,12,4,5,32979,23232,2.5555555555555554,0,0,0,3,1,c2_heavy_attack,C2
C2_HEAVY_ATTACK-0054,WIN-ARGUS-054,0,15,1,1,0,0,0,4.0,3,0,0,0,0,3,0.0,4.8933333333333335,0.109,0,0,0,0,11,4,5,27760,26227,1.8888888888888888,0,0,0,3,1,c2_heavy_attack,C2
C2_HEAVY_ATTACK-0054,WIN-ARGUS-054,1,13,1,1,0,0,0,4.0,1,0,0,0,0,1,0.0,5.041,0.022,0,0,0,0,11,4,5,28496,25131,3.5,0,0,0,3,1,c2_heavy_attack,C2
C2_HEAVY_ATTACK-0054,WIN-ARGUS-054,2,13,1,1,0,0,0,4.0,3,0,0,0,0,3,0.0,5.664333333333334,0.09100000000000001,0,0,0,0,9,4,4,21769,22771,3.0,0,0,0,3,1,c2_heavy_attack,C2
C2_HEAVY_ATTACK-0054,WIN-ARGUS-054,3,15,1,1,0,0,0,4.0,3,0,0,0,0,3,0.0,5.271999999999999,0.077,0,0,0,0,11,4,5,32415,28654,3.111111111111111,0,0,0,3,1,c2_heavy_attack,C2
C2_HEAVY_ATTACK-0054,WIN-ARGUS-054,4,14,1,1,0,0,0,4.0,1,0,0,0,0,1,0.0,5.918,0.134,0,0,0,0,12,4,5,34111,37227,2.4545454545454546,0,0,0,3,1,c2_heavy_attack,C2
C2_HEAVY_ATTACK-0054,WIN-ARGUS-054,5,15,1,1,0,0,0,4.0,2,0,0,0,0,2,0.0,5.3635,0.078,0,0,0,0,12,4,3,33074,30757,3.0,0,0,0,3,1,c2_heavy_attack,C2
C2_HEAVY_ATTACK-0055,WIN-ARGUS-055,0,14,1,1,0,0,0,4.0,2,0,0,0,0,2,0.0,4.266,0.089,0,0,0,0,11,4,4,35502,30134,3.0,0,0,0,3,1,c2_heavy_attack,C2
C2_HEAVY_ATTACK-0055,WIN-ARGUS-055,1,12,1,1,0,0,0,4.0,3,0,0,0,0,3,0.0,5.2459999999999996,0.06766666666666667,0,0,0,0,8,3,5,21518,18148,4.0,0,0,0,3,1,c2_heavy_attack,C2
C2_HEAVY_ATTACK-0055,WIN-ARGUS-055,2,11,1,1,0,0,0,4.0,1,0,0,0,0,1,0.0,5.984,0.097,0,0,0,0,9,4,3,27835,29207,3.4285714285714284,0,0,0,3,1,c2_heavy_attack,C2
C2_HEAVY_ATTACK-0055,WIN-ARGUS-055,3,16,1,1,0,0,0,4.0,3,0,0,0,0,3,0.0,4.468666666666667,0.10833333333333334,0,0,0,0,12,4,5,26330,27815,2.6,0,0,0,3,1,c2_heavy_attack,C2
C2_HEAVY_ATTACK-0055,WIN-ARGUS-055,4,13,1,1,0,0,0,4.0,2,0,0,0,0,2,0.0,3.806,0.0795,0,0,0,0,10,4,5,20670,32053,2.4285714285714284,0,0,0,3,1,c2_heavy_attack,C2
C2_HEAVY_ATTACK-0055,WIN-ARGUS-055,5,11,1,1,0,0,0,4.0,1,0,0,0,0,1,0.0,3.991,0.018000000000000002,0,0,0,0,9,4,5,27967,26998,3.5714285714285716,0,0,0,3,1,c2_heavy_attack,C2
C2_HEAVY_ATTACK-0056,WIN-ARGUS-056,0,16,1,1,0,0,0,4.0,3,0,0,0,0,3,0.0,5.284666666666666,0.038,0,0,0,0,12,3,3,31256,23148,3.0,0,0,0,3,1,c2_heavy_attack,C2
C2_HEAVY_ATTACK-0056,WIN-ARGUS-056,1,12,1,1,0,0,0,4.0,1,0,0,0,0,1,0.0,6.065,0.079,0,0,0,0,10,4,5,28118,22145,3.25,0,0,0,3,1,c2_heavy_attack,C2
C2_HEAVY_ATTACK-0056,WIN-ARGUS-056,2,14,1,1,0,0,0,4.0,3,0,0,0,0,3,0.0,5.4656666666666665,0.061,0,0,0,0,10,4,4,19447,27879,2.875,0,0,0,3,1,c2_heavy_attack,C2
C2_HEAVY_ATTACK-0056,WIN-ARGUS-056,3,13,1,1,0,0,0,4.0,2,0,0,0,0,2,0.0,5.075,0.0915,0,0,0,0,10,4,4,24637,30336,3.0,0,0,0,3,1,c2_heavy_attack,C2
C2_HEAVY_ATTACK-0056,WIN-ARGUS-056,4,14,1,1,0,0,0,4.0,3,0,0,0,0,3,0.0,4.222333333333333,0.12266666666666666,0,0,0,0,10,3,5,37083,22991,3.7142857142857144,0,0,0,3,1,c2_heavy_attack,C2
C2_HEAVY_ATTACK-0056,WIN-ARGUS-056,5,14,1,1,0,0,0,4.0,2,0,0,0,0,2,0.0,5.3915,0.07,0,0,0,0,11,4,5,25566,35814,1.7777777777777777,0,0,0,3,1,c2_heavy_attack,C2
C2_HEAVY_ATTACK-0057,WIN-ARGUS-057,0,14,1,1,0,0,0,4.0,1,0,0,0,0,1,0.0,5.82,0.029,0,0,0,0,12,4,5,25861,23992,3.375,0,0,0,3,1,c2_heavy_attack,C2
C2_HEAVY_ATTACK-0057,WIN-ARGUS-057,1,13,1,1,0,0,0,4.0,3,0,0,0,0,3,0.0,4.870666666666667,0.09966666666666667,0,0,0,0,9,3,5,19505,22916,4.5,0,0,0,3,1,c2_heavy_attack,C2
C2_HEAVY_ATTACK-0057,WIN-ARGUS-057,2,14,1,1,0,0,0,4.0,2,0,0,0,0,2,0.0,5.224,0.056499999999999995,0,0,0,0,11,4,4,26526,23586,3.0,0,0,0,3,1,c2_heavy_attack,C2
C2_HEAVY_ATTACK-0057,WIN-ARGUS-057,3,10,1,1,0,0,0,4.0,1,0,0,0,0,1,0.0,4.233,0.015,0,0,0,0,8,4,4,18464,15237,4.0,0,0,0,3,1,c2_heavy_attack,C2
C2_HEAVY_ATTACK-0057,WIN-ARGUS-057,4,12,1,1,0,0,0,4.0,1,0,0,0,0,1,0.0,6.1370000000000005,0.019,0,0,0,0,10,4,4,29311,14927,3.1666666666666665,0,0,0,3,1,c2_heavy_attack,C2
C2_HEAVY_ATTACK-0057,WIN-ARGUS-057,5,11,1,1,0,0,0,4.0,1,0,0,0,0,1,0.0,5.456,0.085,0,0,0,0,9,3,5,24668,25177,1.4285714285714286,0,0,0,3,1,c2_heavy_attack,C2
C2_HEAVY_ATTACK-0058,WIN-ARGUS-058,0,12,1,1,0,0,0,4.0,2,0,0,0,0,2,0.0,4.968,0.096,0,0,0,0,9,4,5,16579,28392,3.5,0,0,0,3,1,c2_heavy_attack,C2
C2_HEAVY_ATTACK-0058,WIN-ARGUS-058,1,13,1,1,0,0,0,4.0,1,0,0,0,0,1,0.0,5.569,0.07100000000000001,0,0,0,0,11,4,4,24803,22632,2.875,0,0,0,3,1,c2_heavy_attack,C2
C2_HEAVY_ATTACK-0058,WIN-ARGUS-058,2,14,1,1,0,0,0,4.0,2,0,0,0,0,2,0.0,5.513,0.0965,0,0,0,0,11,4,5,24127,21976,2.75,0,0,0,3,1,c2_heavy_attack,C2
C2_HEAVY_ATTACK-0058,WIN-ARGUS-058,3,15,1,1,0,0,0,4.0,2,0,0,0,0,2,0.0,5.621,0.112,0,0,0,0,12,4,4,33123,39619,3.375,0,0,0,3,1,c2_heavy_attack,C2
C2_HEAVY_ATTACK-0058,WIN-ARGUS-058,4,13,1,1,0,0,0,4.0,3,0,0,0,0,3,0.0,4.361999999999999,0.09766666666666668,0,0,0,0,9,4,5,26724,23187,5.2,0,0,0,3,1,c2_heavy_attack,C2
C2_HEAVY_ATTACK-0058,WIN-ARGUS-058,5,13,1,1,0,0,0,4.0,2,0,0,0,0,2,0.0,4.0205,0.07100000000000001,0,0,0,0,10,4,5,30413,27255,4.166666666666667,0,0,0,3,1,c2_heavy_attack,C2
C2_HEAVY_ATTACK-0059,WIN-ARGUS-059,0,12,1,1,0,0,0,4.0,1,0,0,0,0,1,0.0,5.162,0.054,0,0,0,0,10,4,3,28697,33262,2.7777777777777777,0,0,0,3,1,c2_heavy_attack,C2
C2_HEAVY_ATTACK-0059,WIN-ARGUS-059,1,16,1,1,0,0,0,4.0,3,0,0,0,0,3,0.0,4.753,0.122,0,0,0,0,12,4,5,32431,23676,3.0,0,0,0,3,1,c2_heavy_attack,C2
C2_HEAVY_ATTACK-0059,WIN-ARGUS-059,2,15,1,1,0,0,0,4.0,2,0,0,0,0,2,0.0,4.0725,0.135,0,0,0,0,12,4,5,30297,28536,2.1,0,0,0,3,1,c2_heavy_attack,C2
C2_HEAVY_ATTACK-0059,WIN-ARGUS-059,3,13,1,1,0,0,0,4.0,3,0,0,0,0,3,0.0,4.521333333333334,0.106,0,0,0,0,9,4,4,17251,13589,3.142857142857143,0,0,0,3,1,c2_heavy_attack,C2
C2_HEAVY_ATTACK-0059,WIN-ARGUS-059,4,14,1,1,0,0,0,4.0,3,0,0,0,0,3,0.0,5.057333333333333,0.078,0,0,0,0,10,4,4,20910,20320,2.375,0,0,0,3,1,c2_heavy_attack,C2
C2_HEAVY_ATTACK-0059,WIN-ARGUS-059,5,11,1,1,0,0,0,4.0,2,0,0,0,0,2,0.0,4.833,0.03,0,0,0,0,8,4,5,24273,26023,4.4,0,0,0,3,1,c2_heavy_attack,C2
C2_HEAVY_ATTACK-0060,WIN-ARGUS-060,0,12,1,1,0,0,0,4.0,1,0,0,0,0,1,0.0,6.079,0.055,0,0,0,0,10,3,4,34946,23191,2.875,0,0,0,3,1,c2_heavy_attack,C2
C2_HEAVY_ATTACK-0060,WIN-ARGUS-060,1,12,1,1,0,0,0,4.0,1,0,0,0,0,1,0.0,5.163,0.076,0,0,0,0,10,4,5,29117,28019,3.25,0,0,0,3,1,c2_heavy_attack,C2
C2_HEAVY_ATTACK-0060,WIN-ARGUS-060,2,12,1,1,0,0,0,4.0,1,0,0,0,0,1,0.0,5.97,0.083,0,0,0,0,10,3,4,30370,22444,3.25,0,0,0,3,1,c2_heavy_attack,C2
C2_HEAVY_ATTACK-0060,WIN-ARGUS-060,3,11,1,1,0,0,0,4.0,1,0,0,0,0,1,0.0,3.558,0.03,0,0,0,0,9,4,5,15524,23405,2.625,0,0,0,3,1,c2_heavy_attack,C2
C2_HEAVY_ATTACK-0060,WIN-ARGUS-060,4,11,1,1,0,0,0,4.0,2,0,0,0,0,2,0.0,4.6845,0.0805,0,0,0,0,8,4,4,25335,22544,3.3333333333333335,0,0,0,3,1,c2_heavy_attack,C2
C2_HEAVY_ATTACK-0060,WIN-ARGUS-060,5,12,1,1,0,0,0,4.0,1,0,0,0,0,1,0.0,5.202,0.14,0,0,0,0,10,4,5,23455,17897,3.25,0,0,0,3,1,c2_heavy_attack,C2
MULTI_STAGE_ATTACK-0001,WIN-ARGUS-001,0,14,3,3,0,0,0,2.0,3,3,1,0,0,7,0.1,5.167714285714285,0.091,0,0,0,0,3,2,2,10582,4222,5.0,1,0,1,4,0,multi_stage_attack,BENIGN
MULTI_STAGE_ATTACK-0001,WIN-ARGUS-001,1,13,2,2,0,0,0,2.0,1,2,3,0,0,6,0.06666666666666667,4.974166666666666,0.0855,0,0,0,0,5,3,3,15404,14375,6.0,0,0,0,3,0,multi_stage_attack,BENIGN
MULTI_STAGE_ATTACK-0001,WIN-ARGUS-001,2,9,3,3,3,1,1,4.0,4,0,0,0,0,4,0.0,5.0215,0.08574999999999999,0,0,0,0,2,2,2,3475,3528,9.0,0,0,0,3,1,multi_stage_attack,EXECUTION
MULTI_STAGE_ATTACK-0001,WIN-ARGUS-001,3,7,2,2,3,0,0,2.0,0,0,0,0,0,0,0.0,0.0,0.0,0,2,2,2,3,2,2,7418,8806,4.0,0,0,0,3,1,multi_stage_attack,PERSISTENCE
MULTI_STAGE_ATTACK-0001,WIN-ARGUS-001,4,4,1,1,0,0,0,4.0,0,0,0,0,0,0,0.0,0.0,0.0,0,0,0,0,3,3,2,3103,7936,10.0,0,0,0,2,1,multi_stage_attack,C2
MULTI_STAGE_ATTACK-0001,WIN-ARGUS-001,5,84,1,1,0,0,0,2.0,0,25,18,0,36,79,0.8333333333333334,7.422493670886075,2.494240506329114,24,0,0,0,4,3,2,9871,13410,6.333333333333333,0,0,0,3,1,multi_stage_attack,IMPACT
MULTI_STAGE_ATTACK-0002,WIN-ARGUS-002,0,13,2,3,0,0,0,2.0,2,3,1,0,0,6,0.1,4.800666666666666,0.09433333333333334,0,0,0,0,4,3,2,7272,5440,3.0,1,0,1,4,0,multi_stage_attack,BENIGN
MULTI_STAGE_ATTACK-0002,WIN-ARGUS-002,1,12,2,2,0,0,0,2.0,3,1,4,0,0,8,0.03333333333333333,5.2985,0.07425000000000001,0,0,0,0,2,2,2,4290,6518,2.0,0,0,0,3,0,multi_stage_attack,BENIGN
MULTI_STAGE_ATTACK-0002,WIN-ARGUS-002,2,13,3,3,6,1,1,4.0,5,0,0,0,0,5,0.0,4.973599999999999,0.0854,0,0,0,0,5,3,3,14366,13209,3.0,0,0,0,3,1,multi_stage_attack,EXECUTION
MULTI_STAGE_ATTACK-0002,WIN-ARGUS-002,3,7,2,2,3,0,0,2.0,0,0,0,0,0,0,0.0,0.0,0.0,0,2,2,2,3,2,3,5864,3595,9.0,0,0,0,3,1,multi_stage_attack,PERSISTENCE
MULTI_STAGE_ATTACK-0002,WIN-ARGUS-002,4,4,1,1,0,0,0,4.0,0,0,0,0,0,0,0.0,0.0,0.0,0,0,0,0,3,2,3,7242,5648,10.0,0,0,0,2,1,multi_stage_attack,C2
MULTI_STAGE_ATTACK-0002,WIN-ARGUS-002,5,112,1,1,0,0,0,2.0,0,44,35,0,30,109,1.4666666666666666,7.21591743119266,2.3315504587155966,38,0,0,0,2,2,2,3203,7496,22.0,0,0,0,3,1,multi_stage_attack,IMPACT
MULTI_STAGE_ATTACK-0003,WIN-ARGUS-003,0,12,3,3,0,0,0,2.0,2,1,1,0,0,4,0.03333333333333333,4.35475,0.1035,0,0,0,0,4,3,3,8663,14745,7.333333333333333,1,0,1,4,0,multi_stage_attack,BENIGN
MULTI_STAGE_ATTACK-0003,WIN-ARGUS-003,1,11,3,3,0,0,0,2.0,2,0,2,0,0,4,0.0,4.773,0.07075000000000001,0,0,0,0,4,3,2,12495,10977,5.5,0,0,0,3,0,multi_stage_attack,BENIGN
MULTI_STAGE_ATTACK-0003,WIN-ARGUS-003,2,10,3,3,4,1,1,4.0,4,0,0,0,0,4,0.0,4.987,0.062,0,0,0,0,3,1,3,10637,10819,3.5,0,0,0,3,1,multi_stage_attack,EXECUTION
MULTI_STAGE_ATTACK-0003,WIN-ARGUS-003,3,8,2,2,4,0,0,2.0,0,0,0,0,0,0,0.0,0.0,0.0,0,3,3,3,3,3,2,8478,9954,6.5,0,0,0,3,1,multi_stage_attack,PERSISTENCE
MULTI_STAGE_ATTACK-0003,WIN-ARGUS-003,4,4,1,1,0,0,0,4.0,0,0,0,0,0,0,0.0,0.0,0.0,0,0,0,0,3,2,3,8537,8867,10.0,0,0,0,2,1,multi_stage_attack,C2
MULTI_STAGE_ATTACK-0003,WIN-ARGUS-003,5,83,1,1,0,0,0,2.0,0,32,19,0,27,78,1.0666666666666667,7.012410256410256,2.0733589743589746,25,0,0,0,4,2,3,8793,8981,8.333333333333334,0,0,0,3,1,multi_stage_attack,IMPACT
MULTI_STAGE_ATTACK-0004,WIN-ARGUS-004,0,15,2,3,0,0,0,2.0,2,4,1,0,0,7,0.13333333333333333,5.481857142857143,0.09842857142857143,0,0,0,0,5,2,3,16802,12830,4.333333333333333,1,0,1,4,0,multi_stage_attack,BENIGN
MULTI_STAGE_ATTACK-0004,WIN-ARGUS-004,1,12,4,4,0,0,0,2.0,1,1,3,0,0,5,0.03333333333333333,4.4194,0.08080000000000001,0,0,0,0,3,3,1,6711,2911,6.5,0,0,0,3,0,multi_stage_attack,BENIGN
MULTI_STAGE_ATTACK-0004,WIN-ARGUS-004,2,10,3,3,6,1,1,4.0,2,0,0,0,0,2,0.0,4.939,0.096,0,0,0,0,5,1,2,15902,12656,4.666666666666667,0,0,0,3,1,multi_stage_attack,EXECUTION
MULTI_STAGE_ATTACK-0004,WIN-ARGUS-004,3,6,2,2,4,0,0,2.0,0,0,0,0,0,0,0.0,0.0,0.0,0,3,3,3,1,1,1,4673,890,0.0,0,0,0,3,1,multi_stage_attack,PERSISTENCE
MULTI_STAGE_ATTACK-0004,WIN-ARGUS-004,4,4,1,1,0,0,0,4.0,0,0,0,0,0,0,0.0,0.0,0.0,0,0,0,0,3,2,3,12298,5588,10.0,0,0,0,2,1,multi_stage_attack,C2
MULTI_STAGE_ATTACK-0004,WIN-ARGUS-004,5,112,1,1,0,0,0,2.0,0,23,41,0,44,108,0.7666666666666667,6.989379629629629,2.180388888888889,21,0,0,0,3,2,2,10467,11371,6.0,0,0,0,3,1,multi_stage_attack,IMPACT
MULTI_STAGE_ATTACK-0005,WIN-ARGUS-005,0,12,2,3,0,0,0,2.0,2,1,2,0,0,5,0.03333333333333333,5.228199999999999,0.11259999999999999,0,0,0,0,4,2,3,9999,9622,4.333333333333333,1,0,1,4,0,multi_stage_attack,BENIGN
MULTI_STAGE_ATTACK-0005,WIN-ARGUS-005,1,12,3,3,0,0,0,2.0,2,1,2,0,0,5,0.03333333333333333,4.9677999999999995,0.064,0,0,0,0,4,1,3,8946,4071,8.0,0,0,0,3,0,multi_stage_attack,BENIGN
MULTI_STAGE_ATTACK-0005,WIN-ARGUS-005,2,12,3,3,6,1,1,4.0,4,0,0,0,0,4,0.0,5.12125,0.12000000000000001,0,0,0,0,5,3,2,15315,8204,5.333333333333333,0,0,0,3,1,multi_stage_attack,EXECUTION
MULTI_STAGE_ATTACK-0005,WIN-ARGUS-005,3,5,2,2,3,0,0,2.0,0,0,0,0,0,0,0.0,0.0,0.0,0,2,2,2,1,1,1,3684,462,0.0,0,0,0,3,1,multi_stage_attack,PERSISTENCE
MULTI_STAGE_ATTACK-0005,WIN-ARGUS-005,4,4,1,1,0,0,0,4.0,0,0,0,0,0,0,0.0,0.0,0.0,0,0,0,0,3,2,2,7219,7561,10.0,0,0,0,2,1,multi_stage_attack,C2
MULTI_STAGE_ATTACK-0005,WIN-ARGUS-005,5,89,1,1,0,0,0,2.0,0,32,27,0,24,83,1.0666666666666667,7.211289156626506,2.333,31,0,0,0,5,2,2,11242,12924,4.666666666666667,0,0,0,3,1,multi_stage_attack,IMPACT
MULTI_STAGE_ATTACK-0006,WIN-ARGUS-006,0,10,3,3,0,0,0,2.0,1,3,0,0,0,4,0.1,4.4725,0.06,0,0,0,0,2,1,2,5294,4635,19.0,1,0,1,4,0,multi_stage_attack,BENIGN
MULTI_STAGE_ATTACK-0006,WIN-ARGUS-006,1,14,4,4,0,0,0,2.0,4,1,3,0,0,8,0.03333333333333333,5.05725,0.07150000000000001,0,0,0,0,2,2,2,3292,7388,9.0,0,0,0,3,0,multi_stage_attack,BENIGN
MULTI_STAGE_ATTACK-0006,WIN-ARGUS-006,2,10,3,3,6,1,1,4.0,2,0,0,0,0,2,0.0,4.6,0.07600000000000001,0,0,0,0,5,3,3,10263,10991,4.5,0,0,0,3,1,multi_stage_attack,EXECUTION
MULTI_STAGE_ATTACK-0006,WIN-ARGUS-006,3,7,2,2,3,0,0,2.0,0,0,0,0,0,0,0.0,0.0,0.0,0,2,2,2,3,2,2,11959,11834,5.5,0,0,0,3,1,multi_stage_attack,PERSISTENCE
MULTI_STAGE_ATTACK-0006,WIN-ARGUS-006,4,4,1,1,0,0,0,4.0,0,0,0,0,0,0,0.0,0.0,0.0,0,0,0,0,3,2,2,5628,5197,10.0,0,0,0,2,1,multi_stage_attack,C2
MULTI_STAGE_ATTACK-0006,WIN-ARGUS-006,5,84,1,1,0,0,0,2.0,0,24,32,0,24,80,0.8,7.132949999999999,2.293225,19,0,0,0,3,3,2,8493,8220,7.0,0,0,0,3,1,multi_stage_attack,IMPACT
MULTI_STAGE_ATTACK-0007,WIN-ARGUS-007,0,15,2,2,0,0,0,2.0,1,1,5,0,0,7,0.03333333333333333,5.414428571428571,0.08557142857142856,0,0,0,0,5,3,2,16131,8870,9.0,1,0,1,4,0,multi_stage_attack,BENIGN
MULTI_STAGE_ATTACK-0007,WIN-ARGUS-007,1,10,2,3,0,0,0,2.0,1,3,2,0,0,6,0.1,4.816833333333333,0.0635,0,0,0,0,2,2,1,8843,4007,4.0,0,0,0,3,0,multi_stage_attack,BENIGN
MULTI_STAGE_ATTACK-0007,WIN-ARGUS-007,2,9,3,3,5,1,1,4.0,2,0,0,0,0,2,0.0,4.148,0.125,0,0,0,0,4,3,3,11078,4888,5.0,0,0,0,3,1,multi_stage_attack,EXECUTION
MULTI_STAGE_ATTACK-0007,WIN-ARGUS-007,3,8,2,2,4,0,0,2.0,0,0,0,0,0,0,0.0,0.0,0.0,0,3,3,3,3,3,2,4267,3407,2.0,0,0,0,3,1,multi_stage_attack,PERSISTENCE
MULTI_STAGE_ATTACK-0007,WIN-ARGUS-007,4,4,1,1,0,0,0,4.0,0,0,0,0,0,0,0.0,0.0,0.0,0,0,0,0,3,2,3,11742,7454,10.0,0,0,0,2,1,multi_stage_attack,C2
MULTI_STAGE_ATTACK-0007,WIN-ARGUS-007,5,79,1,1,0,0,0,2.0,0,32,20,0,22,74,1.0666666666666667,6.758175675675676,1.9838108108108108,26,0,0,0,4,2,2,9170,10787,5.666666666666667,0,0,0,3,1,multi_stage_attack,IMPACT
MULTI_STAGE_ATTACK-0008,WIN-ARGUS-008,0,14,4,4,0,0,0,2.0,1,1,2,0,0,4,0.03333333333333333,5.0497499999999995,0.10925000000000001,0,0,0,0,5,3,3,16146,8663,5.333333333333333,1,0,1,4,0,multi_stage_attack,BENIGN
MULTI_STAGE_ATTACK-0008,WIN-ARGUS-008,1,12,3,3,0,0,0,2.0,1,3,0,0,0,4,0.1,3.8104999999999998,0.083,0,0,0,0,5,3,2,16428,12176,4.75,0,0,0,3,0,multi_stage_attack,BENIGN
MULTI_STAGE_ATTACK-0008,WIN-ARGUS-008,2,10,3,3,6,1,1,4.0,2,0,0,0,0,2,0.0,5.4805,0.016,0,0,0,0,5,3,2,6835,13344,1.75,0,0,0,3,1,multi_stage_attack,EXECUTION
MULTI_STAGE_ATTACK-0008,WIN-ARGUS-008,3,4,2,2,2,0,0,2.0,0,0,0,0,0,0,0.0,0.0,0.0,0,1,1,1,1,1,1,296,2077,0.0,0,0,0,3,1,multi_stage_attack,PERSISTENCE
MULTI_STAGE_ATTACK-0008,WIN-ARGUS-008,4,4,1,1,0,0,0,4.0,0,0,0,0,0,0,0.0,0.0,0.0,0,0,0,0,3,2,2,6236,6314,10.0,0,0,0,2,1,multi_stage_attack,C2
MULTI_STAGE_ATTACK-0008,WIN-ARGUS-008,5,114,1,1,0,0,0,2.0,0,36,29,0,43,108,1.2,7.101740740740741,2.256175925925926,34,0,0,0,5,2,2,15331,15699,5.5,0,0,0,3,1,multi_stage_attack,IMPACT
MULTI_STAGE_ATTACK-0009,WIN-ARGUS-009,0,15,4,4,0,0,0,2.0,4,1,3,0,0,8,0.03333333333333333,4.441625,0.05575,0,0,0,0,2,2,1,5814,6032,3.0,1,0,1,4,0,multi_stage_attack,BENIGN
MULTI_STAGE_ATTACK-0009,WIN-ARGUS-009,1,10,2,3,0,0,0,2.0,2,3,1,0,0,6,0.1,4.969833333333333,0.08366666666666667,0,0,0,0,2,2,2,5351,8049,17.0,0,0,0,3,0,multi_stage_attack,BENIGN
MULTI_STAGE_ATTACK-0009,WIN-ARGUS-009,2,11,3,3,5,1,1,4.0,4,0,0,0,0,4,0.0,4.7395,0.0865,0,0,0,0,4,3,3,3031,10302,4.333333333333333,0,0,0,3,1,multi_stage_attack,EXECUTION
MULTI_STAGE_ATTACK-0009,WIN-ARGUS-009,3,6,2,2,4,0,0,2.0,0,0,0,0,0,0,0.0,0.0,0.0,0,3,3,3,1,1,1,3141,2369,0.0,0,0,0,3,1,multi_stage_attack,PERSISTENCE
MULTI_STAGE_ATTACK-0009,WIN-ARGUS-009,4,4,1,1,0,0,0,4.0,0,0,0,0,0,0,0.0,0.0,0.0,0,0,0,0,3,2,2,6082,7698,10.0,0,0,0,2,1,multi_stage_attack,C2
MULTI_STAGE_ATTACK-0009,WIN-ARGUS-009,5,93,1,1,0,0,0,2.0,0,30,34,0,26,90,1.0,7.064411111111111,2.183777777777778,23,0,0,0,2,2,2,8731,5440,19.0,0,0,0,3,1,multi_stage_attack,IMPACT
MULTI_STAGE_ATTACK-0010,WIN-ARGUS-010,0,11,3,4,0,0,0,2.0,1,2,1,0,0,4,0.06666666666666667,4.78475,0.0695,0,0,0,0,3,2,2,11481,6048,11.0,1,0,1,4,0,multi_stage_attack,BENIGN
MULTI_STAGE_ATTACK-0010,WIN-ARGUS-010,1,12,4,4,0,0,0,2.0,1,2,1,0,0,4,0.06666666666666667,5.056,0.06125,0,0,0,0,4,2,2,13703,8610,8.666666666666666,0,0,0,3,0,multi_stage_attack,BENIGN
MULTI_STAGE_ATTACK-0010,WIN-ARGUS-010,2,12,3,3,6,1,1,4.0,4,0,0,0,0,4,0.0,5.102,0.0665,0,0,0,0,5,2,3,21375,15416,3.75,0,0,0,3,1,multi_stage_attack,EXECUTION
MULTI_STAGE_ATTACK-0010,WIN-ARGUS-010,3,5,2,2,3,0,0,2.0,0,0,0,0,0,0,0.0,0.0,0.0,0,2,2,2,1,1,1,275,1854,0.0,0,0,0,3,1,multi_stage_attack,PERSISTENCE
MULTI_STAGE_ATTACK-0010,WIN-ARGUS-010,4,4,1,1,0,0,0,4.0,0,0,0,0,0,0,0.0,0.0,0.0,0,0,0,0,3,2,2,5141,7477,10.0,0,0,0,2,1,multi_stage_attack,C2
MULTI_STAGE_ATTACK-0010,WIN-ARGUS-010,5,101,1,1,0,0,0,2.0,0,36,33,0,29,98,1.2,7.081377551020409,2.220826530612245,34,0,0,0,2,1,2,716,3631,19.0,0,0,0,3,1,multi_stage_attack,IMPACT
MULTI_STAGE_ATTACK-0011,WIN-ARGUS-011,0,10,3,3,0,0,0,2.0,1,0,3,0,0,4,0.0,4.69175,0.10900000000000001,0,0,0,0,2,2,1,5372,4941,0.0,1,0,1,4,0,multi_stage_attack,BENIGN
MULTI_STAGE_ATTACK-0011,WIN-ARGUS-011,1,15,4,4,0,0,0,2.0,1,4,2,0,0,7,0.13333333333333333,5.024142857142857,0.05814285714285715,0,0,0,0,4,2,3,12856,8038,7.0,0,0,0,3,0,multi_stage_attack,BENIGN
MULTI_STAGE_ATTACK-0011,WIN-ARGUS-011,2,10,3,3,6,1,1,4.0,2,0,0,0,0,2,0.0,4.345000000000001,0.029,0,0,0,0,5,3,2,19218,10445,3.5,0,0,0,3,1,multi_stage_attack,EXECUTION
MULTI_STAGE_ATTACK-0011,WIN-ARGUS-011,3,4,2,2,2,0,0,2.0,0,0,0,0,0,0,0.0,0.0,0.0,0,1,1,1,1,1,1,4722,3663,0.0,0,0,0,3,1,multi_stage_attack,PERSISTENCE
MULTI_STAGE_ATTACK-0011,WIN-ARGUS-011,4,4,1,1,0,0,0,4.0,0,0,0,0,0,0,0.0,0.0,0.0,0,0,0,0,3,3,2,8913,7853,10.0,0,0,0,2,1,multi_stage_attack,C2
MULTI_STAGE_ATTACK-0011,WIN-ARGUS-011,5,110,1,1,0,0,0,2.0,0,33,38,0,33,104,1.1,7.081048076923077,2.321028846153846,30,0,0,0,5,3,2,13569,17469,4.333333333333333,0,0,0,3,1,multi_stage_attack,IMPACT
MULTI_STAGE_ATTACK-0012,WIN-ARGUS-012,0,14,2,3,0,0,0,2.0,4,2,2,0,0,8,0.06666666666666667,5.301625,0.08225,0,0,0,0,3,3,2,8229,10363,3.5,1,0,1,4,0,multi_stage_attack,BENIGN
MULTI_STAGE_ATTACK-0012,WIN-ARGUS-012,1,9,2,3,0,0,0,2.0,1,2,1,0,0,4,0.06666666666666667,4.84325,0.10525000000000001,0,0,0,0,3,2,2,9683,8764,7.0,0,0,0,3,0,multi_stage_attack,BENIGN
MULTI_STAGE_ATTACK-0012,WIN-ARGUS-012,2,11,3,3,6,1,1,4.0,3,0,0,0,0,3,0.0,5.296333333333333,0.103,0,0,0,0,5,3,2,14816,12390,2.5,0,0,0,3,1,multi_stage_attack,EXECUTION
MULTI_STAGE_ATTACK-0012,WIN-ARGUS-012,3,7,2,2,4,0,0,2.0,0,0,0,0,0,0,0.0,0.0,0.0,0,3,3,3,2,2,1,5927,4113,15.0,0,0,0,3,1,multi_stage_attack,PERSISTENCE
MULTI_STAGE_ATTACK-0012,WIN-ARGUS-012,4,4,1,1,0,0,0,4.0,0,0,0,0,0,0,0.0,0.0,0.0,0,0,0,0,3,3,2,6530,9151,10.0,0,0,0,2,1,multi_stage_attack,C2
MULTI_STAGE_ATTACK-0012,WIN-ARGUS-012,5,96,1,1,0,0,0,2.0,0,26,28,0,38,92,0.8666666666666667,7.0445652173913045,2.237304347826087,21,0,0,0,3,2,2,6033,9207,5.0,0,0,0,3,1,multi_stage_attack,IMPACT
MULTI_STAGE_ATTACK-0013,WIN-ARGUS-013,0,12,3,3,0,0,0,2.0,2,2,1,0,0,5,0.06666666666666667,4.646,0.09100000000000001,0,0,0,0,3,2,2,6959,2171,2.5,1,0,1,4,0,multi_stage_attack,BENIGN
MULTI_STAGE_ATTACK-0013,WIN-ARGUS-013,1,13,2,3,0,0,0,2.0,5,1,2,0,0,8,0.03333333333333333,5.187375,0.06225000000000001,0,0,0,0,3,3,3,13102,5544,12.0,0,0,0,3,0,multi_stage_attack,BENIGN
MULTI_STAGE_ATTACK-0013,WIN-ARGUS-013,2,12,3,3,5,1,1,4.0,5,0,0,0,0,5,0.0,4.9962,0.0952,0,0,0,0,4,2,2,16029,12230,5.333333333333333,0,0,0,3,1,multi_stage_attack,EXECUTION
MULTI_STAGE_ATTACK-0013,WIN-ARGUS-013,3,7,2,2,3,0,0,2.0,0,0,0,0,0,0,0.0,0.0,0.0,0,2,2,2,3,2,2,6767,10149,4.5,0,0,0,3,1,multi_stage_attack,PERSISTENCE
MULTI_STAGE_ATTACK-0013,WIN-ARGUS-013,4,4,1,1,0,0,0,4.0,0,0,0,0,0,0,0.0,0.0,0.0,0,0,0,0,3,3,1,11767,8885,10.0,0,0,0,2,1,multi_stage_attack,C2
MULTI_STAGE_ATTACK-0013,WIN-ARGUS-013,5,104,1,1,0,0,0,2.0,0,29,39,0,30,98,0.9666666666666667,7.369795918367347,2.3913367346938776,26,0,0,0,5,2,2,17081,20999,5.25,0,0,0,3,1,multi_stage_attack,IMPACT
MULTI_STAGE_ATTACK-0014,WIN-ARGUS-014,0,16,4,4,0,0,0,2.0,2,5,1,0,0,8,0.16666666666666666,4.6922500000000005,0.09062500000000001,0,0,0,0,3,2,2,9959,9633,8.5,1,0,1,4,0,multi_stage_attack,BENIGN
MULTI_STAGE_ATTACK-0014,WIN-ARGUS-014,1,12,2,2,0,0,0,2.0,2,3,0,0,0,5,0.1,4.787,0.0754,0,0,0,0,5,3,3,13070,10051,7.333333333333333,0,0,0,3,0,multi_stage_attack,BENIGN
MULTI_STAGE_ATTACK-0014,WIN-ARGUS-014,2,12,3,3,5,1,1,4.0,5,0,0,0,0,5,0.0,4.8056,0.0782,0,0,0,0,4,2,2,12887,13781,3.6666666666666665,0,0,0,3,1,multi_stage_attack,EXECUTION
MULTI_STAGE_ATTACK-0014,WIN-ARGUS-014,3,4,2,2,2,0,0,2.0,0,0,0,0,0,0,0.0,0.0,0.0,0,1,1,1,1,1,1,3853,1341,0.0,0,0,0,3,1,multi_stage_attack,PERSISTENCE
MULTI_STAGE_ATTACK-0014,WIN-ARGUS-014,4,4,1,1,0,0,0,4.0,0,0,0,0,0,0,0.0,0.0,0.0,0,0,0,0,3,1,1,8602,6171,10.0,0,0,0,2,1,multi_stage_attack,C2
MULTI_STAGE_ATTACK-0014,WIN-ARGUS-014,5,114,1,1,0,0,0,2.0,0,49,27,0,33,109,1.6333333333333333,7.007495412844037,2.18648623853211,46,0,0,0,4,3,2,7533,12653,4.0,0,0,0,3,1,multi_stage_attack,IMPACT
MULTI_STAGE_ATTACK-0015,WIN-ARGUS-015,0,13,3,3,0,0,0,2.0,3,1,2,0,0,6,0.03333333333333333,4.9511666666666665,0.07533333333333334,0,0,0,0,3,2,1,4844,7721,6.0,1,0,1,4,0,multi_stage_attack,BENIGN
MULTI_STAGE_ATTACK-0015,WIN-ARGUS-015,1,12,3,4,0,0,0,2.0,1,0,3,0,0,4,0.0,4.7010000000000005,0.0995,0,0,0,0,5,3,3,10677,12627,5.5,0,0,0,3,0,multi_stage_attack,BENIGN
MULTI_STAGE_ATTACK-0015,WIN-ARGUS-015,2,13,3,3,6,1,1,4.0,5,0,0,0,0,5,0.0,4.9432,0.0446,0,0,0,0,5,2,3,14600,13926,4.0,0,0,0,3,1,multi_stage_attack,EXECUTION
MULTI_STAGE_ATTACK-0015,WIN-ARGUS-015,3,7,2,2,4,0,0,2.0,0,0,0,0,0,0,0.0,0.0,0.0,0,3,3,3,2,1,2,7027,4003,18.0,0,0,0,3,1,multi_stage_attack,PERSISTENCE
MULTI_STAGE_ATTACK-0015,WIN-ARGUS-015,4,4,1,1,0,0,0,4.0,0,0,0,0,0,0,0.0,0.0,0.0,0,0,0,0,3,2,2,9325,8399,10.0,0,0,0,2,1,multi_stage_attack,C2
MULTI_STAGE_ATTACK-0015,WIN-ARGUS-015,5,98,1,1,0,0,0,2.0,0,27,34,0,32,93,0.9,7.013161290322581,2.1022903225806453,20,0,0,0,4,2,3,12452,10926,6.0,0,0,0,3,1,multi_stage_attack,IMPACT
MULTI_STAGE_ATTACK-0016,WIN-ARGUS-016,0,15,4,4,0,0,0,2.0,3,2,2,0,0,7,0.06666666666666667,4.57,0.07542857142857143,0,0,0,0,3,3,3,6359,5634,13.5,1,0,1,4,0,multi_stage_attack,BENIGN
MULTI_STAGE_ATTACK-0016,WIN-ARGUS-016,1,15,4,4,0,0,0,2.0,2,2,2,0,0,6,0.06666666666666667,5.02,0.103,0,0,0,0,5,3,1,14482,15226,4.5,0,0,0,3,0,multi_stage_attack,BENIGN
MULTI_STAGE_ATTACK-0016,WIN-ARGUS-016,2,7,3,3,3,1,1,4.0,2,0,0,0,0,2,0.0,5.4105,0.0935,0,0,0,0,2,1,2,5973,5646,5.0,0,0,0,3,1,multi_stage_attack,EXECUTION
MULTI_STAGE_ATTACK-0016,WIN-ARGUS-016,3,8,2,2,4,0,0,2.0,0,0,0,0,0,0,0.0,0.0,0.0,0,3,3,3,3,2,3,9112,5041,8.5,0,0,0,3,1,multi_stage_attack,PERSISTENCE
MULTI_STAGE_ATTACK-0016,WIN-ARGUS-016,4,4,1,1,0,0,0,4.0,0,0,0,0,0,0,0.0,0.0,0.0,0,0,0,0,3,2,3,2899,7453,10.0,0,0,0,2,1,multi_stage_attack,C2
MULTI_STAGE_ATTACK-0016,WIN-ARGUS-016,5,115,1,1,0,0,0,2.0,0,34,36,0,40,110,1.1333333333333333,7.082909090909091,2.3532545454545457,32,0,0,0,4,2,3,11888,10304,6.333333333333333,0,0,0,3,1,multi_stage_attack,IMPACT
MULTI_STAGE_ATTACK-0017,WIN-ARGUS-017,0,14,3,3,0,0,0,2.0,1,2,4,0,0,7,0.06666666666666667,5.196571428571429,0.081,0,0,0,0,3,3,2,9937,4639,12.0,1,0,1,4,0,multi_stage_attack,BENIGN
MULTI_STAGE_ATTACK-0017,WIN-ARGUS-017,1,10,3,3,0,0,0,2.0,3,1,1,0,0,5,0.03333333333333333,4.9276,0.0712,0,0,0,0,2,1,1,3945,4218,7.0,0,0,0,3,0,multi_stage_attack,BENIGN
MULTI_STAGE_ATTACK-0017,WIN-ARGUS-017,2,12,3,3,6,1,1,4.0,4,0,0,0,0,4,0.0,4.41625,0.10175000000000001,0,0,0,0,5,3,2,13532,14453,2.0,0,0,0,3,1,multi_stage_attack,EXECUTION
MULTI_STAGE_ATTACK-0017,WIN-ARGUS-017,3,7,2,2,4,0,0,2.0,0,0,0,0,0,0,0.0,0.0,0.0,0,3,3,3,2,2,1,4111,4418,1.0,0,0,0,3,1,multi_stage_attack,PERSISTENCE
MULTI_STAGE_ATTACK-0017,WIN-ARGUS-017,4,4,1,1,0,0,0,4.0,0,0,0,0,0,0,0.0,0.0,0.0,0,0,0,0,3,3,2,9772,11249,10.0,0,0,0,2,1,multi_stage_attack,C2
MULTI_STAGE_ATTACK-0017,WIN-ARGUS-017,5,98,1,1,0,0,0,2.0,0,34,32,0,28,94,1.1333333333333333,7.158297872340426,2.3043723404255316,29,0,0,0,3,3,2,6468,6366,3.0,0,0,0,3,1,multi_stage_attack,IMPACT
MULTI_STAGE_ATTACK-0018,WIN-ARGUS-018,0,14,2,2,0,0,0,2.0,2,4,2,0,0,8,0.13333333333333333,5.419875,0.069375,0,0,0,0,3,2,3,6903,9276,12.0,1,0,1,4,0,multi_stage_attack,BENIGN
MULTI_STAGE_ATTACK-0018,WIN-ARGUS-018,1,10,3,4,0,0,0,2.0,3,1,1,0,0,5,0.03333333333333333,5.3612,0.0646,0,0,0,0,2,2,2,7413,7678,1.0,0,0,0,3,0,multi_stage_attack,BENIGN
MULTI_STAGE_ATTACK-0018,WIN-ARGUS-018,2,11,3,3,6,1,1,4.0,3,0,0,0,0,3,0.0,5.579000000000001,0.06433333333333334,0,0,0,0,5,2,3,14922,8004,3.5,0,0,0,3,1,multi_stage_attack,EXECUTION
MULTI_STAGE_ATTACK-0018,WIN-ARGUS-018,3,5,2,2,3,0,0,2.0,0,0,0,0,0,0,0.0,0.0,0.0,0,2,2,2,1,1,1,1376,2025,0.0,0,0,0,3,1,multi_stage_attack,PERSISTENCE
MULTI_STAGE_ATTACK-0018,WIN-ARGUS-018,4,4,1,1,0,0,0,4.0,0,0,0,0,0,0,0.0,0.0,0.0,0,0,0,0,3,2,3,6261,8725,10.0,0,0,0,2,1,multi_stage_attack,C2
MULTI_STAGE_ATTACK-0018,WIN-ARGUS-018,5,109,1,1,0,0,0,2.0,0,33,42,0,30,105,1.1,7.0820380952380955,2.2536,23,0,0,0,3,3,1,11739,5204,12.5,0,0,0,3,1,multi_stage_attack,IMPACT
MULTI_STAGE_ATTACK-0019,WIN-ARGUS-019,0,15,4,4,0,0,0,2.0,4,1,3,0,0,8,0.03333333333333333,4.8465,0.088,0,0,0,0,2,1,2,6502,2955,21.0,1,0,1,4,0,multi_stage_attack,BENIGN
MULTI_STAGE_ATTACK-0019,WIN-ARGUS-019,1,12,4,4,0,0,0,2.0,3,1,1,0,0,5,0.03333333333333333,5.151,0.1142,0,0,0,0,3,2,3,9798,4226,2.0,0,0,0,3,0,multi_stage_attack,BENIGN
MULTI_STAGE_ATTACK-0019,WIN-ARGUS-019,2,9,3,3,3,1,1,4.0,4,0,0,0,0,4,0.0,5.56925,0.06575,0,0,0,0,2,2,2,2761,8302,2.0,0,0,0,3,1,multi_stage_attack,EXECUTION
MULTI_STAGE_ATTACK-0019,WIN-ARGUS-019,3,6,2,2,4,0,0,2.0,0,0,0,0,0,0,0.0,0.0,0.0,0,3,3,3,1,1,1,284,840,0.0,0,0,0,3,1,multi_stage_attack,PERSISTENCE
MULTI_STAGE_ATTACK-0019,WIN-ARGUS-019,4,4,1,1,0,0,0,4.0,0,0,0,0,0,0,0.0,0.0,0.0,0,0,0,0,3,2,2,6703,6825,10.0,0,0,0,2,1,multi_stage_attack,C2
MULTI_STAGE_ATTACK-0019,WIN-ARGUS-019,5,88,1,1,0,0,0,2.0,0,25,30,0,30,85,0.8333333333333334,7.135670588235294,2.2449882352941177,23,0,0,0,2,2,2,7729,5828,16.0,0,0,0,3,1,multi_stage_attack,IMPACT
MULTI_STAGE_ATTACK-0020,WIN-ARGUS-020,0,17,4,4,0,0,0,2.0,3,2,2,0,0,7,0.06666666666666667,4.825857142857143,0.08299999999999999,0,0,0,0,5,3,3,13364,14025,9.0,1,0,1,4,0,multi_stage_attack,BENIGN
MULTI_STAGE_ATTACK-0020,WIN-ARGUS-020,1,11,4,4,0,0,0,2.0,0,3,1,0,0,4,0.1,5.11825,0.10675000000000001,0,0,0,0,3,1,2,7099,4141,3.0,0,0,0,3,0,multi_stage_attack,BENIGN
MULTI_STAGE_ATTACK-0020,WIN-ARGUS-020,2,10,3,3,5,1,1,4.0,3,0,0,0,0,3,0.0,5.166333333333333,0.11866666666666666,0,0,0,0,4,3,2,16499,9281,3.0,0,0,0,3,1,multi_stage_attack,EXECUTION
MULTI_STAGE_ATTACK-0020,WIN-ARGUS-020,3,5,2,2,3,0,0,2.0,0,0,0,0,0,0,0.0,0.0,0.0,0,2,2,2,1,1,1,1577,3704,0.0,0,0,0,3,1,multi_stage_attack,PERSISTENCE
MULTI_STAGE_ATTACK-0020,WIN-ARGUS-020,4,4,1,1,0,0,0,4.0,0,0,0,0,0,0,0.0,0.0,0.0,0,0,0,0,3,3,2,9189,5061,10.0,0,0,0,2,1,multi_stage_attack,C2
MULTI_STAGE_ATTACK-0020,WIN-ARGUS-020,5,74,1,1,0,0,0,2.0,0,24,21,0,26,71,0.8,6.8116338028169015,2.052957746478873,19,0,0,0,2,2,1,5478,7605,2.0,0,0,0,3,1,multi_stage_attack,IMPACT
MULTI_STAGE_ATTACK-0021,WIN-ARGUS-021,0,15,4,4,0,0,0,2.0,2,2,3,0,0,7,0.06666666666666667,4.958714285714286,0.101,0,0,0,0,3,2,2,6370,5426,9.0,1,0,1,4,0,multi_stage_attack,BENIGN
MULTI_STAGE_ATTACK-0021,WIN-ARGUS-021,1,15,3,3,0,0,0,2.0,4,3,1,0,0,8,0.1,4.941,0.10175000000000001,0,0,0,0,4,2,3,11708,7325,7.0,0,0,0,3,0,multi_stage_attack,BENIGN
MULTI_STAGE_ATTACK-0021,WIN-ARGUS-021,2,13,3,3,6,1,1,4.0,5,0,0,0,0,5,0.0,4.7534,0.11979999999999999,0,0,0,0,5,3,3,17708,14053,6.333333333333333,0,0,0,3,1,multi_stage_attack,EXECUTION
MULTI_STAGE_ATTACK-0021,WIN-ARGUS-021,3,5,2,2,3,0,0,2.0,0,0,0,0,0,0,0.0,0.0,0.0,0,2,2,2,1,1,1,4319,1666,0.0,0,0,0,3,1,multi_stage_attack,PERSISTENCE
MULTI_STAGE_ATTACK-0021,WIN-ARGUS-021,4,4,1,1,0,0,0,4.0,0,0,0,0,0,0,0.0,0.0,0.0,0,0,0,0,3,2,1,7550,3567,10.0,0,0,0,2,1,multi_stage_attack,C2
MULTI_STAGE_ATTACK-0021,WIN-ARGUS-021,5,104,1,1,0,0,0,2.0,0,29,40,0,29,98,0.9666666666666667,7.05104081632653,2.1223367346938775,26,0,0,0,5,2,3,7707,9895,5.0,0,0,0,3,1,multi_stage_attack,IMPACT
MULTI_STAGE_ATTACK-0022,WIN-ARGUS-022,0,17,4,4,0,0,0,2.0,4,1,2,0,0,7,0.03333333333333333,4.917857142857143,0.09342857142857143,0,0,0,0,5,2,3,10775,13783,3.6666666666666665,1,0,1,4,0,multi_stage_attack,BENIGN
MULTI_STAGE_ATTACK-0022,WIN-ARGUS-022,1,14,2,2,0,0,0,2.0,1,4,3,0,0,8,0.13333333333333333,5.0945,0.07,0,0,0,0,4,2,2,3390,7996,5.333333333333333,0,0,0,3,0,multi_stage_attack,BENIGN
MULTI_STAGE_ATTACK-0022,WIN-ARGUS-022,2,11,3,3,4,1,1,4.0,5,0,0,0,0,5,0.0,5.0768,0.0832,0,0,0,0,3,2,2,10415,4876,3.0,0,0,0,3,1,multi_stage_attack,EXECUTION
MULTI_STAGE_ATTACK-0022,WIN-ARGUS-022,3,7,2,2,4,0,0,2.0,0,0,0,0,0,0,0.0,0.0,0.0,0,3,3,3,2,2,2,6491,5376,13.0,0,0,0,3,1,multi_stage_attack,PERSISTENCE
MULTI_STAGE_ATTACK-0022,WIN-ARGUS-022,4,4,1,1,0,0,0,4.0,0,0,0,0,0,0,0.0,0.0,0.0,0,0,0,0,3,2,3,13385,8454,10.0,0,0,0,2,1,multi_stage_attack,C2
MULTI_STAGE_ATTACK-0022,WIN-ARGUS-022,5,102,1,1,0,0,0,2.0,0,33,29,0,37,99,1.1,7.070454545454545,2.257,28,0,0,0,2,1,1,2374,6474,0.0,0,0,0,3,1,multi_stage_attack,IMPACT
MULTI_STAGE_ATTACK-0023,WIN-ARGUS-023,0,10,2,3,0,0,0,2.0,2,1,1,0,0,4,0.03333333333333333,4.5920000000000005,0.038,0,0,0,0,3,2,2,7814,9751,5.0,1,0,1,4,0,multi_stage_attack,BENIGN
MULTI_STAGE_ATTACK-0023,WIN-ARGUS-023,1,11,3,3,0,0,0,2.0,3,2,1,0,0,6,0.06666666666666667,5.386500000000001,0.08533333333333333,0,0,0,0,2,1,1,6983,1066,5.0,0,0,0,3,0,multi_stage_attack,BENIGN
MULTI_STAGE_ATTACK-0023,WIN-ARGUS-023,2,11,3,3,6,1,1,4.0,3,0,0,0,0,3,0.0,5.064,0.06666666666666667,0,0,0,0,5,3,2,16183,10646,5.666666666666667,0,0,0,3,1,multi_stage_attack,EXECUTION
MULTI_STAGE_ATTACK-0023,WIN-ARGUS-023,3,7,2,2,3,0,0,2.0,0,0,0,0,0,0,0.0,0.0,0.0,0,2,2,2,3,2,1,8306,9101,7.0,0,0,0,3,1,multi_stage_attack,PERSISTENCE
MULTI_STAGE_ATTACK-0023,WIN-ARGUS-023,4,4,1,1,0,0,0,4.0,0,0,0,0,0,0,0.0,0.0,0.0,0,0,0,0,3,2,2,8053,7868,10.0,0,0,0,2,1,multi_stage_attack,C2
MULTI_STAGE_ATTACK-0023,WIN-ARGUS-023,5,98,1,1,0,0,0,2.0,0,31,34,0,29,94,1.0333333333333334,6.833978723404256,1.99231914893617,26,0,0,0,3,2,2,6194,6901,11.5,0,0,0,3,1,multi_stage_attack,IMPACT
MULTI_STAGE_ATTACK-0024,WIN-ARGUS-024,0,13,3,3,0,0,0,2.0,0,0,4,0,0,4,0.0,4.766,0.0675,0,0,0,0,5,3,3,11615,11150,4.333333333333333,1,0,1,4,0,multi_stage_attack,BENIGN
MULTI_STAGE_ATTACK-0024,WIN-ARGUS-024,1,9,2,3,0,0,0,2.0,2,1,2,0,0,5,0.03333333333333333,4.7332,0.09620000000000001,0,0,0,0,2,2,2,4695,4687,18.0,0,0,0,3,0,multi_stage_attack,BENIGN
MULTI_STAGE_ATTACK-0024,WIN-ARGUS-024,2,8,3,3,4,1,1,4.0,2,0,0,0,0,2,0.0,4.955,0.092,0,0,0,0,3,2,2,9093,9777,6.5,0,0,0,3,1,multi_stage_attack,EXECUTION
MULTI_STAGE_ATTACK-0024,WIN-ARGUS-024,3,7,2,2,3,0,0,2.0,0,0,0,0,0,0,0.0,0.0,0.0,0,2,2,2,3,3,3,11785,5071,3.0,0,0,0,3,1,multi_stage_attack,PERSISTENCE
MULTI_STAGE_ATTACK-0024,WIN-ARGUS-024,4,4,1,1,0,0,0,4.0,0,0,0,0,0,0,0.0,0.0,0.0,0,0,0,0,3,3,2,7507,6720,10.0,0,0,0,2,1,multi_stage_attack,C2
MULTI_STAGE_ATTACK-0024,WIN-ARGUS-024,5,77,1,1,0,0,0,2.0,0,19,25,0,29,73,0.6333333333333333,7.236767123287671,2.385,18,0,0,0,3,3,3,9926,3748,9.0,0,0,0,3,1,multi_stage_attack,IMPACT
MULTI_STAGE_ATTACK-0025,WIN-ARGUS-025,0,14,3,3,0,0,0,2.0,2,0,4,0,0,6,0.0,5.2731666666666674,0.06483333333333334,0,0,0,0,4,3,2,9654,9513,6.333333333333333,1,0,1,4,0,multi_stage_attack,BENIGN
MULTI_STAGE_ATTACK-0025,WIN-ARGUS-025,1,13,2,3,0,0,0,2.0,2,2,2,0,0,6,0.06666666666666667,5.0424999999999995,0.0665,0,0,0,0,5,3,3,13759,8437,5.0,0,0,0,3,0,multi_stage_attack,BENIGN
MULTI_STAGE_ATTACK-0025,WIN-ARGUS-025,2,11,3,3,4,1,1,4.0,5,0,0,0,0,5,0.0,4.6486,0.10699999999999998,0,0,0,0,3,2,1,7709,10225,17.0,0,0,0,3,1,multi_stage_attack,EXECUTION
MULTI_STAGE_ATTACK-0025,WIN-ARGUS-025,3,8,2,2,4,0,0,2.0,0,0,0,0,0,0,0.0,0.0,0.0,0,3,3,3,3,3,2,8223,6649,7.5,0,0,0,3,1,multi_stage_attack,PERSISTENCE
MULTI_STAGE_ATTACK-0025,WIN-ARGUS-025,4,4,1,1,0,0,0,4.0,0,0,0,0,0,0,0.0,0.0,0.0,0,0,0,0,3,2,2,6881,9226,10.0,0,0,0,2,1,multi_stage_attack,C2
MULTI_STAGE_ATTACK-0025,WIN-ARGUS-025,5,113,1,1,0,0,0,2.0,0,37,33,0,37,107,1.2333333333333334,7.029242990654206,2.166551401869159,32,0,0,0,5,2,3,11623,11486,2.6666666666666665,0,0,0,3,1,multi_stage_attack,IMPACT
MULTI_STAGE_ATTACK-0026,WIN-ARGUS-026,0,12,4,4,0,0,0,2.0,3,1,0,0,0,4,0.03333333333333333,5.721,0.07325,0,0,0,0,3,2,2,6722,6292,12.5,1,0,1,4,0,multi_stage_attack,BENIGN
MULTI_STAGE_ATTACK-0026,WIN-ARGUS-026,1,12,2,3,0,0,0,2.0,0,4,3,0,0,7,0.13333333333333333,4.816857142857144,0.08700000000000001,0,0,0,0,3,2,2,4398,6986,6.5,0,0,0,3,0,multi_stage_attack,BENIGN
MULTI_STAGE_ATTACK-0026,WIN-ARGUS-026,2,7,3,3,3,1,1,4.0,2,0,0,0,0,2,0.0,3.8125,0.0405,0,0,0,0,2,2,2,6427,3948,10.0,0,0,0,3,1,multi_stage_attack,EXECUTION
MULTI_STAGE_ATTACK-0026,WIN-ARGUS-026,3,4,2,2,2,0,0,2.0,0,0,0,0,0,0,0.0,0.0,0.0,0,1,1,1,1,1,1,3675,2326,0.0,0,0,0,3,1,multi_stage_attack,PERSISTENCE
MULTI_STAGE_ATTACK-0026,WIN-ARGUS-026,4,4,1,1,0,0,0,4.0,0,0,0,0,0,0,0.0,0.0,0.0,0,0,0,0,3,2,2,5163,13682,10.0,0,0,0,2,1,multi_stage_attack,C2
MULTI_STAGE_ATTACK-0026,WIN-ARGUS-026,5,89,1,1,0,0,0,2.0,0,35,27,0,21,83,1.1666666666666667,6.894457831325301,2.207012048192771,31,0,0,0,5,3,3,9224,17624,4.25,0,0,0,3,1,multi_stage_attack,IMPACT
MULTI_STAGE_ATTACK-0027,WIN-ARGUS-027,0,17,3,3,0,0,0,2.0,3,2,3,0,0,8,0.06666666666666667,4.68475,0.07475,0,0,0,0,5,3,3,10863,15689,5.333333333333333,1,0,1,4,0,multi_stage_attack,BENIGN
MULTI_STAGE_ATTACK-0027,WIN-ARGUS-027,1,13,4,4,0,0,0,2.0,3,2,2,0,0,7,0.06666666666666667,4.583571428571429,0.09171428571428573,0,0,0,0,2,2,2,3156,3503,4.0,0,0,0,3,0,multi_stage_attack,BENIGN
MULTI_STAGE_ATTACK-0027,WIN-ARGUS-027,2,12,3,3,6,1,1,4.0,4,0,0,0,0,4,0.0,4.984,0.078,0,0,0,0,5,3,3,12335,14162,4.5,0,0,0,3,1,multi_stage_attack,EXECUTION
MULTI_STAGE_ATTACK-0027,WIN-ARGUS-027,3,7,2,2,4,0,0,2.0,0,0,0,0,0,0,0.0,0.0,0.0,0,3,3,3,2,2,2,4570,8522,3.0,0,0,0,3,1,multi_stage_attack,PERSISTENCE
MULTI_STAGE_ATTACK-0027,WIN-ARGUS-027,4,4,1,1,0,0,0,4.0,0,0,0,0,0,0,0.0,0.0,0.0,0,0,0,0,3,2,3,8522,8768,10.0,0,0,0,2,1,multi_stage_attack,C2
MULTI_STAGE_ATTACK-0027,WIN-ARGUS-027,5,105,1,1,0,0,0,2.0,0,33,40,0,27,100,1.1,7.037369999999999,2.12404,28,0,0,0,4,3,2,14100,9480,5.5,0,0,0,3,1,multi_stage_attack,IMPACT
MULTI_STAGE_ATTACK-0028,WIN-ARGUS-028,0,12,4,4,0,0,0,2.0,1,1,2,0,0,4,0.03333333333333333,4.54075,0.052500000000000005,0,0,0,0,3,3,2,9684,3706,13.0,1,0,1,4,0,multi_stage_attack,BENIGN
MULTI_STAGE_ATTACK-0028,WIN-ARGUS-028,1,14,4,4,0,0,0,2.0,2,4,2,0,0,8,0.13333333333333333,5.02225,0.07025,0,0,0,0,2,2,2,6535,4763,8.0,0,0,0,3,0,multi_stage_attack,BENIGN
MULTI_STAGE_ATTACK-0028,WIN-ARGUS-028,2,12,3,3,5,1,1,4.0,5,0,0,0,0,5,0.0,4.8065999999999995,0.11140000000000001,0,0,0,0,4,3,3,10181,5695,5.5,0,0,0,3,1,multi_stage_attack,EXECUTION
MULTI_STAGE_ATTACK-0028,WIN-ARGUS-028,3,8,2,2,4,0,0,2.0,0,0,0,0,0,0,0.0,0.0,0.0,0,3,3,3,3,3,2,4291,2251,4.5,0,0,0,3,1,multi_stage_attack,PERSISTENCE
MULTI_STAGE_ATTACK-0028,WIN-ARGUS-028,4,4,1,1,0,0,0,4.0,0,0,0,0,0,0,0.0,0.0,0.0,0,0,0,0,3,2,3,8742,4459,10.0,0,0,0,2,1,multi_stage_attack,C2
MULTI_STAGE_ATTACK-0028,WIN-ARGUS-028,5,87,1,1,0,0,0,2.0,0,24,32,0,28,84,0.8,7.395488095238095,2.431559523809524,23,0,0,0,2,2,2,5213,3733,22.0,0,0,0,3,1,multi_stage_attack,IMPACT
MULTI_STAGE_ATTACK-0029,WIN-ARGUS-029,0,12,2,3,0,0,0,2.0,1,2,1,0,0,4,0.06666666666666667,5.231249999999999,0.063,0,0,0,0,5,2,2,15180,10865,6.0,1,0,1,4,0,multi_stage_attack,BENIGN
MULTI_STAGE_ATTACK-0029,WIN-ARGUS-029,1,13,2,3,0,0,0,2.0,0,2,6,0,0,8,0.06666666666666667,5.035375,0.076,0,0,0,0,3,2,2,11630,8004,6.5,0,0,0,3,0,multi_stage_attack,BENIGN
MULTI_STAGE_ATTACK-0029,WIN-ARGUS-029,2,10,3,3,5,1,1,4.0,3,0,0,0,0,3,0.0,4.476,0.065,0,0,0,0,4,3,2,9875,9187,4.666666666666667,0,0,0,3,1,multi_stage_attack,EXECUTION
MULTI_STAGE_ATTACK-0029,WIN-ARGUS-029,3,4,2,2,2,0,0,2.0,0,0,0,0,0,0,0.0,0.0,0.0,0,1,1,1,1,1,1,3590,1725,0.0,0,0,0,3,1,multi_stage_attack,PERSISTENCE
MULTI_STAGE_ATTACK-0029,WIN-ARGUS-029,4,4,1,1,0,0,0,4.0,0,0,0,0,0,0,0.0,0.0,0.0,0,0,0,0,3,2,2,10617,7708,10.0,0,0,0,2,1,multi_stage_attack,C2
MULTI_STAGE_ATTACK-0029,WIN-ARGUS-029,5,80,1,1,0,0,0,2.0,0,25,23,0,28,76,0.8333333333333334,7.124315789473684,2.315934210526316,18,0,0,0,3,2,3,6739,6949,7.5,0,0,0,3,1,multi_stage_attack,IMPACT
MULTI_STAGE_ATTACK-0030,WIN-ARGUS-030,0,13,2,2,0,0,0,2.0,3,0,3,0,0,6,0.0,5.362666666666667,0.08750000000000001,0,0,0,0,4,2,3,9499,8779,5.333333333333333,1,0,1,4,0,multi_stage_attack,BENIGN
MULTI_STAGE_ATTACK-0030,WIN-ARGUS-030,1,12,3,3,0,0,0,2.0,2,3,0,0,0,5,0.1,5.3152,0.0612,0,0,0,0,4,2,3,6503,7171,6.5,0,0,0,3,0,multi_stage_attack,BENIGN
MULTI_STAGE_ATTACK-0030,WIN-ARGUS-030,2,9,3,3,5,1,1,4.0,2,0,0,0,0,2,0.0,5.562,0.1175,0,0,0,0,4,3,1,12041,11202,4.666666666666667,0,0,0,3,1,multi_stage_attack,EXECUTION
MULTI_STAGE_ATTACK-0030,WIN-ARGUS-030,3,6,2,2,2,0,0,2.0,0,0,0,0,0,0,0.0,0.0,0.0,0,1,1,1,3,3,3,6360,9486,5.0,0,0,0,3,1,multi_stage_attack,PERSISTENCE
MULTI_STAGE_ATTACK-0030,WIN-ARGUS-030,4,4,1,1,0,0,0,4.0,0,0,0,0,0,0,0.0,0.0,0.0,0,0,0,0,3,2,2,7022,10343,10.0,0,0,0,2,1,multi_stage_attack,C2
MULTI_STAGE_ATTACK-0030,WIN-ARGUS-030,5,80,1,1,0,0,0,2.0,0,22,25,0,27,74,0.7333333333333333,7.179081081081081,2.290432432432432,17,0,0,0,5,3,3,10182,12578,4.5,0,0,0,3,1,multi_stage_attack,IMPACT
MULTI_STAGE_ATTACK-0031,WIN-ARGUS-031,0,15,2,3,0,0,0,2.0,4,3,1,0,0,8,0.1,4.635,0.07625,0,0,0,0,4,3,3,9401,11341,4.0,1,0,1,4,0,multi_stage_attack,BENIGN
MULTI_STAGE_ATTACK-0031,WIN-ARGUS-031,1,10,2,3,0,0,0,2.0,4,0,1,0,0,5,0.0,4.6904,0.0742,0,0,0,0,3,2,2,6937,9011,5.0,0,0,0,3,0,multi_stage_attack,BENIGN
MULTI_STAGE_ATTACK-0031,WIN-ARGUS-031,2,12,3,3,5,1,1,4.0,5,0,0,0,0,5,0.0,4.2774,0.06020000000000001,0,0,0,0,4,2,3,8909,9033,3.6666666666666665,0,0,0,3,1,multi_stage_attack,EXECUTION
MULTI_STAGE_ATTACK-0031,WIN-ARGUS-031,3,6,2,2,3,0,0,2.0,0,0,0,0,0,0,0.0,0.0,0.0,0,2,2,2,2,1,2,6381,7407,3.0,0,0,0,3,1,multi_stage_attack,PERSISTENCE
MULTI_STAGE_ATTACK-0031,WIN-ARGUS-031,4,4,1,1,0,0,0,4.0,0,0,0,0,0,0,0.0,0.0,0.0,0,0,0,0,3,2,2,8271,9634,10.0,0,0,0,2,1,multi_stage_attack,C2
MULTI_STAGE_ATTACK-0031,WIN-ARGUS-031,5,81,1,1,0,0,0,2.0,0,29,26,0,21,76,0.9666666666666667,7.108526315789474,2.114342105263158,24,0,0,0,4,3,3,13285,9957,6.333333333333333,0,0,0,3,1,multi_stage_attack,IMPACT
MULTI_STAGE_ATTACK-0032,WIN-ARGUS-032,0,14,4,4,0,0,0,2.0,2,2,1,0,0,5,0.06666666666666667,4.8338,0.0772,0,0,0,0,4,3,3,12601,9233,6.333333333333333,1,0,1,4,0,multi_stage_attack,BENIGN
MULTI_STAGE_ATTACK-0032,WIN-ARGUS-032,1,14,3,3,0,0,0,2.0,2,5,1,0,0,8,0.16666666666666666,5.080875,0.085375,0,0,0,0,3,3,2,6079,3663,4.0,0,0,0,3,0,multi_stage_attack,BENIGN
MULTI_STAGE_ATTACK-0032,WIN-ARGUS-032,2,11,3,3,6,1,1,4.0,3,0,0,0,0,3,0.0,5.031,0.06033333333333333,0,0,0,0,5,3,3,19149,16339,3.0,0,0,0,3,1,multi_stage_attack,EXECUTION
MULTI_STAGE_ATTACK-0032,WIN-ARGUS-032,3,7,2,2,3,0,0,2.0,0,0,0,0,0,0,0.0,0.0,0.0,0,2,2,2,3,2,2,8298,8888,4.5,0,0,0,3,1,multi_stage_attack,PERSISTENCE
MULTI_STAGE_ATTACK-0032,WIN-ARGUS-032,4,4,1,1,0,0,0,4.0,0,0,0,0,0,0,0.0,0.0,0.0,0,0,0,0,3,2,3,5844,9112,10.0,0,0,0,2,1,multi_stage_attack,C2
MULTI_STAGE_ATTACK-0032,WIN-ARGUS-032,5,114,1,1,0,0,0,2.0,0,39,26,0,45,110,1.3,7.141672727272727,2.351881818181818,34,0,0,0,3,2,2,5224,7065,3.5,0,0,0,3,1,multi_stage_attack,IMPACT
MULTI_STAGE_ATTACK-0033,WIN-ARGUS-033,0,11,3,3,0,0,0,2.0,1,3,0,0,0,4,0.1,5.24225,0.10250000000000001,0,0,0,0,3,1,2,8368,6103,9.0,1,0,1,4,0,multi_stage_attack,BENIGN
MULTI_STAGE_ATTACK-0033,WIN-ARGUS-033,1,12,2,3,0,0,0,2.0,2,4,2,0,0,8,0.13333333333333333,4.80325,0.07300000000000001,0,0,0,0,2,1,2,4433,3930,12.0,0,0,0,3,0,multi_stage_attack,BENIGN
MULTI_STAGE_ATTACK-0033,WIN-ARGUS-033,2,11,3,3,6,1,1,4.0,3,0,0,0,0,3,0.0,5.108,0.11833333333333335,0,0,0,0,5,3,1,10192,11816,4.5,0,0,0,3,1,multi_stage_attack,EXECUTION
MULTI_STAGE_ATTACK-0033,WIN-ARGUS-033,3,5,2,2,3,0,0,2.0,0,0,0,0,0,0,0.0,0.0,0.0,0,2,2,2,1,1,1,3739,4851,0.0,0,0,0,3,1,multi_stage_attack,PERSISTENCE
MULTI_STAGE_ATTACK-0033,WIN-ARGUS-033,4,4,1,1,0,0,0,4.0,0,0,0,0,0,0,0.0,0.0,0.0,0,0,0,0,3,2,2,8546,6394,10.0,0,0,0,2,1,multi_stage_attack,C2
MULTI_STAGE_ATTACK-0033,WIN-ARGUS-033,5,88,1,1,0,0,0,2.0,0,26,35,0,22,83,0.8666666666666667,7.145734939759036,2.2842168674698797,23,0,0,0,4,2,3,9182,11361,6.666666666666667,0,0,0,3,1,multi_stage_attack,IMPACT
MULTI_STAGE_ATTACK-0034,WIN-ARGUS-034,0,12,4,4,0,0,0,2.0,2,3,0,0,0,5,0.1,4.8972,0.1082,0,0,0,0,2,1,2,6834,6962,25.0,1,0,1,4,0,multi_stage_attack,BENIGN
MULTI_STAGE_ATTACK-0034,WIN-ARGUS-034,1,10,4,4,0,0,0,2.0,0,2,2,0,0,4,0.06666666666666667,4.82925,0.07825,0,0,0,0,2,2,2,5273,6848,6.0,0,0,0,3,0,multi_stage_attack,BENIGN
MULTI_STAGE_ATTACK-0034,WIN-ARGUS-034,2,11,3,3,5,1,1,4.0,4,0,0,0,0,4,0.0,5.60375,0.113,0,0,0,0,4,2,2,7871,5706,9.0,0,0,0,3,1,multi_stage_attack,EXECUTION
MULTI_STAGE_ATTACK-0034,WIN-ARGUS-034,3,6,2,2,3,0,0,2.0,0,0,0,0,0,0,0.0,0.0,0.0,0,2,2,2,2,2,2,4211,7110,4.0,0,0,0,3,1,multi_stage_attack,PERSISTENCE
MULTI_STAGE_ATTACK-0034,WIN-ARGUS-034,4,4,1,1,0,0,0,4.0,0,0,0,0,0,0,0.0,0.0,0.0,0,0,0,0,3,2,3,6223,5979,10.0,0,0,0,2,1,multi_stage_attack,C2
MULTI_STAGE_ATTACK-0034,WIN-ARGUS-034,5,81,1,1,0,0,0,2.0,0,25,32,0,20,77,0.8333333333333334,7.0485974025974025,2.220948051948052,21,0,0,0,3,2,2,10849,10594,7.0,0,0,0,3,1,multi_stage_attack,IMPACT
MULTI_STAGE_ATTACK-0035,WIN-ARGUS-035,0,15,3,4,0,0,0,2.0,2,2,3,0,0,7,0.06666666666666667,4.4755714285714285,0.055285714285714285,0,0,0,0,4,3,3,5854,8866,7.333333333333333,1,0,1,4,0,multi_stage_attack,BENIGN
MULTI_STAGE_ATTACK-0035,WIN-ARGUS-035,1,14,3,4,0,0,0,2.0,6,0,1,0,0,7,0.0,4.666571428571428,0.09028571428571429,0,0,0,0,4,2,3,6756,10672,8.0,0,0,0,3,0,multi_stage_attack,BENIGN
MULTI_STAGE_ATTACK-0035,WIN-ARGUS-035,2,10,3,3,3,1,1,4.0,5,0,0,0,0,5,0.0,5.0442,0.10800000000000001,0,0,0,0,2,1,2,6566,4310,1.0,0,0,0,3,1,multi_stage_attack,EXECUTION
MULTI_STAGE_ATTACK-0035,WIN-ARGUS-035,3,6,2,2,4,0,0,2.0,0,0,0,0,0,0,0.0,0.0,0.0,0,3,3,3,1,1,1,4466,2121,0.0,0,0,0,3,1,multi_stage_attack,PERSISTENCE
MULTI_STAGE_ATTACK-0035,WIN-ARGUS-035,4,4,1,1,0,0,0,4.0,0,0,0,0,0,0,0.0,0.0,0.0,0,0,0,0,3,2,2,7226,7929,10.0,0,0,0,2,1,multi_stage_attack,C2
MULTI_STAGE_ATTACK-0035,WIN-ARGUS-035,5,109,1,1,0,0,0,2.0,0,28,39,0,39,106,0.9333333333333333,7.1610000000000005,2.332311320754717,23,0,0,0,2,1,2,4991,5496,5.0,0,0,0,3,1,multi_stage_attack,IMPACT
MULTI_STAGE_ATTACK-0036,WIN-ARGUS-036,0,15,4,4,0,0,0,2.0,4,3,1,0,0,8,0.1,4.8045,0.08424999999999999,0,0,0,0,2,2,1,5957,5431,9.0,1,0,1,4,0,multi_stage_attack,BENIGN
MULTI_STAGE_ATTACK-0036,WIN-ARGUS-036,1,13,3,4,0,0,0,2.0,4,2,2,0,0,8,0.06666666666666667,4.636,0.056374999999999995,0,0,0,0,2,2,2,5353,3781,4.0,0,0,0,3,0,multi_stage_attack,BENIGN
MULTI_STAGE_ATTACK-0036,WIN-ARGUS-036,2,9,3,3,5,1,1,4.0,2,0,0,0,0,2,0.0,5.7125,0.055,0,0,0,0,4,2,3,9211,8701,4.0,0,0,0,3,1,multi_stage_attack,EXECUTION
MULTI_STAGE_ATTACK-0036,WIN-ARGUS-036,3,8,2,2,4,0,0,2.0,0,0,0,0,0,0,0.0,0.0,0.0,0,3,3,3,3,3,2,4619,7350,4.5,0,0,0,3,1,multi_stage_attack,PERSISTENCE
MULTI_STAGE_ATTACK-0036,WIN-ARGUS-036,4,4,1,1,0,0,0,4.0,0,0,0,0,0,0,0.0,0.0,0.0,0,0,0,0,3,3,2,11914,7924,10.0,0,0,0,2,1,multi_stage_attack,C2
MULTI_STAGE_ATTACK-0036,WIN-ARGUS-036,5,98,1,1,0,0,0,2.0,0,26,38,0,31,95,0.8666666666666667,7.044905263157895,2.2053157894736843,21,0,0,0,2,2,2,3252,8935,6.0,0,0,0,3,1,multi_stage_attack,IMPACT
MULTI_STAGE_ATTACK-0037,WIN-ARGUS-037,0,17,4,4,0,0,0,2.0,3,1,3,0,0,7,0.03333333333333333,5.259142857142857,0.09014285714285715,0,0,0,0,5,2,3,18606,12749,4.0,1,0,1,4,0,multi_stage_attack,BENIGN
MULTI_STAGE_ATTACK-0037,WIN-ARGUS-037,1,12,2,2,0,0,0,2.0,6,1,1,0,0,8,0.03333333333333333,5.0125,0.0765,0,0,0,0,2,2,1,5351,4800,3.0,0,0,0,3,0,multi_stage_attack,BENIGN
MULTI_STAGE_ATTACK-0037,WIN-ARGUS-037,2,10,3,3,3,1,1,4.0,5,0,0,0,0,5,0.0,5.4525999999999994,0.08860000000000001,0,0,0,0,2,1,2,6153,1338,3.0,0,0,0,3,1,multi_stage_attack,EXECUTION
MULTI_STAGE_ATTACK-0037,WIN-ARGUS-037,3,6,2,2,2,0,0,2.0,0,0,0,0,0,0,0.0,0.0,0.0,0,1,1,1,3,3,2,9011,8879,6.0,0,0,0,3,1,multi_stage_attack,PERSISTENCE
MULTI_STAGE_ATTACK-0037,WIN-ARGUS-037,4,4,1,1,0,0,0,4.0,0,0,0,0,0,0,0.0,0.0,0.0,0,0,0,0,3,3,2,10695,6909,10.0,0,0,0,2,1,multi_stage_attack,C2
MULTI_STAGE_ATTACK-0037,WIN-ARGUS-037,5,105,1,1,0,0,0,2.0,0,34,37,0,31,102,1.1333333333333333,6.975833333333333,2.0672450980392156,28,0,0,0,2,2,1,3692,8071,8.0,0,0,0,3,1,multi_stage_attack,IMPACT
MULTI_STAGE_ATTACK-0038,WIN-ARGUS-038,0,13,2,2,0,0,0,2.0,1,1,3,0,0,5,0.03333333333333333,4.673,0.1224,0,0,0,0,5,3,2,16703,12297,6.333333333333333,1,0,1,4,0,multi_stage_attack,BENIGN
MULTI_STAGE_ATTACK-0038,WIN-ARGUS-038,1,13,3,3,0,0,0,2.0,3,2,2,0,0,7,0.06666666666666667,5.025714285714286,0.08885714285714286,0,0,0,0,3,3,2,8668,9106,10.0,0,0,0,3,0,multi_stage_attack,BENIGN
MULTI_STAGE_ATTACK-0038,WIN-ARGUS-038,2,13,3,3,6,1,1,4.0,5,0,0,0,0,5,0.0,4.5092,0.0668,0,0,0,0,5,3,2,14555,18345,5.0,0,0,0,3,1,multi_stage_attack,EXECUTION
MULTI_STAGE_ATTACK-0038,WIN-ARGUS-038,3,7,2,2,4,0,0,2.0,0,0,0,0,0,0,0.0,0.0,0.0,0,3,3,3,2,2,2,4989,5710,4.0,0,0,0,3,1,multi_stage_attack,PERSISTENCE
MULTI_STAGE_ATTACK-0038,WIN-ARGUS-038,4,4,1,1,0,0,0,4.0,0,0,0,0,0,0,0.0,0.0,0.0,0,0,0,0,3,2,2,4524,10954,10.0,0,0,0,2,1,multi_stage_attack,C2
MULTI_STAGE_ATTACK-0038,WIN-ARGUS-038,5,87,1,1,0,0,0,2.0,0,28,28,0,28,84,0.9333333333333333,7.095226190476191,2.27275,25,0,0,0,2,2,2,4210,5517,8.0,0,0,0,3,1,multi_stage_attack,IMPACT
MULTI_STAGE_ATTACK-0039,WIN-ARGUS-039,0,14,4,4,0,0,0,2.0,0,2,2,0,0,4,0.06666666666666667,4.671250000000001,0.0905,0,0,0,0,5,3,2,11276,13497,4.333333333333333,1,0,1,4,0,multi_stage_attack,BENIGN
MULTI_STAGE_ATTACK-0039,WIN-ARGUS-039,1,16,4,4,0,0,0,2.0,1,4,3,0,0,8,0.13333333333333333,4.76375,0.06924999999999999,0,0,0,0,4,2,3,11195,7599,6.5,0,0,0,3,0,multi_stage_attack,BENIGN
MULTI_STAGE_ATTACK-0039,WIN-ARGUS-039,2,11,3,3,4,1,1,4.0,5,0,0,0,0,5,0.0,5.0652,0.0792,0,0,0,0,3,3,2,3907,5117,4.0,0,0,0,3,1,multi_stage_attack,EXECUTION
MULTI_STAGE_ATTACK-0039,WIN-ARGUS-039,3,6,2,2,3,0,0,2.0,0,0,0,0,0,0,0.0,0.0,0.0,0,2,2,2,2,2,1,5674,5609,7.0,0,0,0,3,1,multi_stage_attack,PERSISTENCE
MULTI_STAGE_ATTACK-0039,WIN-ARGUS-039,4,4,1,1,0,0,0,4.0,0,0,0,0,0,0,0.0,0.0,0.0,0,0,0,0,3,2,2,5883,8748,10.0,0,0,0,2,1,multi_stage_attack,C2
MULTI_STAGE_ATTACK-0039,WIN-ARGUS-039,5,84,1,1,0,0,0,2.0,0,31,24,0,26,81,1.0333333333333334,7.180172839506174,2.2635802469135804,29,0,0,0,2,2,1,5997,3716,21.0,0,0,0,3,1,multi_stage_attack,IMPACT
MULTI_STAGE_ATTACK-0040,WIN-ARGUS-040,0,15,4,4,0,0,0,2.0,5,0,1,0,0,6,0.0,4.589666666666667,0.10416666666666667,0,0,0,0,4,3,2,10777,12240,5.0,1,0,1,4,0,multi_stage_attack,BENIGN
MULTI_STAGE_ATTACK-0040,WIN-ARGUS-040,1,11,4,4,0,0,0,2.0,1,2,1,0,0,4,0.06666666666666667,5.184,0.06725,0,0,0,0,3,2,2,10218,5510,6.5,0,0,0,3,0,multi_stage_attack,BENIGN
MULTI_STAGE_ATTACK-0040,WIN-ARGUS-040,2,11,3,3,5,1,1,4.0,4,0,0,0,0,4,0.0,4.67875,0.08025,0,0,0,0,4,3,3,10310,8510,6.0,0,0,0,3,1,multi_stage_attack,EXECUTION
MULTI_STAGE_ATTACK-0040,WIN-ARGUS-040,3,4,2,2,2,0,0,2.0,0,0,0,0,0,0,0.0,0.0,0.0,0,1,1,1,1,1,1,3261,2826,0.0,0,0,0,3,1,multi_stage_attack,PERSISTENCE
MULTI_STAGE_ATTACK-0040,WIN-ARGUS-040,4,4,1,1,0,0,0,4.0,0,0,0,0,0,0,0.0,0.0,0.0,0,0,0,0,3,2,2,8989,7321,10.0,0,0,0,2,1,multi_stage_attack,C2
MULTI_STAGE_ATTACK-0040,WIN-ARGUS-040,5,107,1,1,0,0,0,2.0,0,36,34,0,34,104,1.2,7.137653846153847,2.3403846153846155,34,0,0,0,2,1,1,5770,6921,10.0,0,0,0,3,1,multi_stage_attack,IMPACT
MULTI_STAGE_ATTACK-0041,WIN-ARGUS-041,0,13,2,3,0,0,0,2.0,4,0,1,0,0,5,0.0,4.7502,0.0498,0,0,0,0,5,1,2,13631,16718,5.25,1,0,1,4,0,multi_stage_attack,BENIGN
MULTI_STAGE_ATTACK-0041,WIN-ARGUS-041,1,11,3,3,0,0,0,2.0,2,1,2,0,0,5,0.03333333333333333,5.229,0.0816,0,0,0,0,3,1,2,3588,7786,5.5,0,0,0,3,0,multi_stage_attack,BENIGN
MULTI_STAGE_ATTACK-0041,WIN-ARGUS-041,2,9,3,3,3,1,1,4.0,4,0,0,0,0,4,0.0,5.0605,0.038,0,0,0,0,2,2,1,5568,9459,20.0,0,0,0,3,1,multi_stage_attack,EXECUTION
MULTI_STAGE_ATTACK-0041,WIN-ARGUS-041,3,6,2,2,2,0,0,2.0,0,0,0,0,0,0,0.0,0.0,0.0,0,1,1,1,3,2,2,6679,6828,2.5,0,0,0,3,1,multi_stage_attack,PERSISTENCE
MULTI_STAGE_ATTACK-0041,WIN-ARGUS-041,4,4,1,1,0,0,0,4.0,0,0,0,0,0,0,0.0,0.0,0.0,0,0,0,0,3,2,3,10788,8100,10.0,0,0,0,2,1,multi_stage_attack,C2
MULTI_STAGE_ATTACK-0041,WIN-ARGUS-041,5,102,1,1,0,0,0,2.0,0,29,31,0,36,96,0.9666666666666667,6.8272812499999995,2.0706770833333334,25,0,0,0,5,2,2,12183,14062,4.75,0,0,0,3,1,multi_stage_attack,IMPACT
MULTI_STAGE_ATTACK-0042,WIN-ARGUS-042,0,10,2,2,0,0,0,2.0,1,0,4,0,0,5,0.0,5.1228,0.07980000000000001,0,0,0,0,2,2,1,5214,8725,21.0,1,0,1,4,0,multi_stage_attack,BENIGN
MULTI_STAGE_ATTACK-0042,WIN-ARGUS-042,1,10,2,3,0,0,0,2.0,1,2,1,0,0,4,0.06666666666666667,4.5665,0.07200000000000001,0,0,0,0,4,2,3,8532,10604,5.666666666666667,0,0,0,3,0,multi_stage_attack,BENIGN
MULTI_STAGE_ATTACK-0042,WIN-ARGUS-042,2,9,3,3,4,1,1,4.0,3,0,0,0,0,3,0.0,5.060666666666667,0.09200000000000001,0,0,0,0,3,3,2,6928,8406,1.0,0,0,0,3,1,multi_stage_attack,EXECUTION
MULTI_STAGE_ATTACK-0042,WIN-ARGUS-042,3,7,2,2,4,0,0,2.0,0,0,0,0,0,0,0.0,0.0,0.0,0,3,3,3,2,2,1,5143,7668,3.0,0,0,0,3,1,multi_stage_attack,PERSISTENCE
MULTI_STAGE_ATTACK-0042,WIN-ARGUS-042,4,4,1,1,0,0,0,4.0,0,0,0,0,0,0,0.0,0.0,0.0,0,0,0,0,3,2,2,6198,7173,10.0,0,0,0,2,1,multi_stage_attack,C2
MULTI_STAGE_ATTACK-0042,WIN-ARGUS-042,5,99,1,1,0,0,0,2.0,0,36,22,0,35,93,1.2,7.0475268817204295,2.183913978494624,29,0,0,0,5,2,3,13555,7694,4.666666666666667,0,0,0,3,1,multi_stage_attack,IMPACT
MULTI_STAGE_ATTACK-0043,WIN-ARGUS-043,0,11,3,4,0,0,0,2.0,2,1,2,0,0,5,0.03333333333333333,4.7416,0.0744,0,0,0,0,2,1,2,5363,3956,4.0,1,0,1,4,0,multi_stage_attack,BENIGN
MULTI_STAGE_ATTACK-0043,WIN-ARGUS-043,1,10,2,3,0,0,0,2.0,2,0,2,0,0,4,0.0,5.876,0.0445,0,0,0,0,4,2,2,11186,6025,8.333333333333334,0,0,0,3,0,multi_stage_attack,BENIGN
MULTI_STAGE_ATTACK-0043,WIN-ARGUS-043,2,9,3,3,5,1,1,4.0,2,0,0,0,0,2,0.0,5.412,0.1355,0,0,0,0,4,2,2,11698,6659,5.5,0,0,0,3,1,multi_stage_attack,EXECUTION
MULTI_STAGE_ATTACK-0043,WIN-ARGUS-043,3,4,2,2,2,0,0,2.0,0,0,0,0,0,0,0.0,0.0,0.0,0,1,1,1,1,1,1,1920,3320,0.0,0,0,0,3,1,multi_stage_attack,PERSISTENCE
MULTI_STAGE_ATTACK-0043,WIN-ARGUS-043,4,4,1,1,0,0,0,4.0,0,0,0,0,0,0,0.0,0.0,0.0,0,0,0,0,3,2,2,7935,6878,10.0,0,0,0,2,1,multi_stage_attack,C2
MULTI_STAGE_ATTACK-0043,WIN-ARGUS-043,5,83,1,1,0,0,0,2.0,0,34,22,0,24,80,1.1333333333333333,7.271912500000001,2.222625,27,0,0,0,2,2,2,4076,2341,8.0,0,0,0,3,1,multi_stage_attack,IMPACT
MULTI_STAGE_ATTACK-0044,WIN-ARGUS-044,0,11,3,4,0,0,0,2.0,3,0,1,0,0,4,0.0,4.88825,0.08225,0,0,0,0,3,2,1,8020,7101,5.0,1,0,1,4,0,multi_stage_attack,BENIGN
MULTI_STAGE_ATTACK-0044,WIN-ARGUS-044,1,10,2,2,0,0,0,2.0,1,2,1,0,0,4,0.06666666666666667,4.826,0.0825,0,0,0,0,4,2,3,12201,8140,7.666666666666667,0,0,0,3,0,multi_stage_attack,BENIGN
MULTI_STAGE_ATTACK-0044,WIN-ARGUS-044,2,7,3,3,3,1,1,4.0,2,0,0,0,0,2,0.0,4.682,0.0935,0,0,0,0,2,1,2,6353,9627,4.0,0,0,0,3,1,multi_stage_attack,EXECUTION
MULTI_STAGE_ATTACK-0044,WIN-ARGUS-044,3,6,2,2,4,0,0,2.0,0,0,0,0,0,0,0.0,0.0,0.0,0,3,3,3,1,1,1,4372,4152,0.0,0,0,0,3,1,multi_stage_attack,PERSISTENCE
MULTI_STAGE_ATTACK-0044,WIN-ARGUS-044,4,4,1,1,0,0,0,4.0,0,0,0,0,0,0,0.0,0.0,0.0,0,0,0,0,3,2,2,11443,6808,10.0,0,0,0,2,1,multi_stage_attack,C2
MULTI_STAGE_ATTACK-0044,WIN-ARGUS-044,5,108,1,1,0,0,0,2.0,0,36,40,0,29,105,1.2,7.269695238095238,2.446552380952381,32,0,0,0,2,1,1,8125,5261,16.0,0,0,0,3,1,multi_stage_attack,IMPACT
MULTI_STAGE_ATTACK-0045,WIN-ARGUS-045,0,14,4,4,0,0,0,2.0,3,0,2,0,0,5,0.0,4.5122,0.066,0,0,0,0,4,3,2,8956,12214,2.3333333333333335,1,0,1,4,0,multi_stage_attack,BENIGN
MULTI_STAGE_ATTACK-0045,WIN-ARGUS-045,1,14,2,3,0,0,0,2.0,1,3,4,0,0,8,0.1,5.119,0.07650000000000001,0,0,0,0,4,3,3,9431,6997,4.666666666666667,0,0,0,3,0,multi_stage_attack,BENIGN
MULTI_STAGE_ATTACK-0045,WIN-ARGUS-045,2,9,3,3,3,1,1,4.0,4,0,0,0,0,4,0.0,5.56525,0.08549999999999999,0,0,0,0,2,2,1,6221,5068,14.0,0,0,0,3,1,multi_stage_attack,EXECUTION
MULTI_STAGE_ATTACK-0045,WIN-ARGUS-045,3,5,2,2,3,0,0,2.0,0,0,0,0,0,0,0.0,0.0,0.0,0,2,2,2,1,1,1,457,3023,0.0,0,0,0,3,1,multi_stage_attack,PERSISTENCE
MULTI_STAGE_ATTACK-0045,WIN-ARGUS-045,4,4,1,1,0,0,0,4.0,0,0,0,0,0,0,0.0,0.0,0.0,0,0,0,0,3,2,3,5918,7443,10.0,0,0,0,2,1,multi_stage_attack,C2
MULTI_STAGE_ATTACK-0045,WIN-ARGUS-045,5,97,1,1,0,0,0,2.0,0,23,25,0,45,93,0.7666666666666667,7.122720430107527,2.266967741935484,22,0,0,0,3,3,2,4912,9021,8.5,0,0,0,3,1,multi_stage_attack,IMPACT
MULTI_STAGE_ATTACK-0046,WIN-ARGUS-046,0,12,3,3,0,0,0,2.0,2,1,2,0,0,5,0.03333333333333333,4.744,0.1052,0,0,0,0,3,2,2,8181,7091,2.5,1,0,1,4,0,multi_stage_attack,BENIGN
MULTI_STAGE_ATTACK-0046,WIN-ARGUS-046,1,13,3,3,0,0,0,2.0,2,3,3,0,0,8,0.1,4.9745,0.076,0,0,0,0,2,2,2,2159,6659,9.0,0,0,0,3,0,multi_stage_attack,BENIGN
MULTI_STAGE_ATTACK-0046,WIN-ARGUS-046,2,10,3,3,5,1,1,4.0,3,0,0,0,0,3,0.0,4.862333333333333,0.08466666666666667,0,0,0,0,4,3,2,12188,15588,7.0,0,0,0,3,1,multi_stage_attack,EXECUTION
MULTI_STAGE_ATTACK-0046,WIN-ARGUS-046,3,6,2,2,2,0,0,2.0,0,0,0,0,0,0,0.0,0.0,0.0,0,1,1,1,3,3,3,10305,8353,7.5,0,0,0,3,1,multi_stage_attack,PERSISTENCE
MULTI_STAGE_ATTACK-0046,WIN-ARGUS-046,4,4,1,1,0,0,0,4.0,0,0,0,0,0,0,0.0,0.0,0.0,0,0,0,0,3,2,2,10588,8982,10.0,0,0,0,2,1,multi_stage_attack,C2
MULTI_STAGE_ATTACK-0046,WIN-ARGUS-046,5,99,1,1,0,0,0,2.0,0,34,38,0,21,93,1.1333333333333333,6.999935483870968,2.2411075268817204,28,0,0,0,5,3,3,16066,16009,5.666666666666667,0,0,0,3,1,multi_stage_attack,IMPACT
MULTI_STAGE_ATTACK-0047,WIN-ARGUS-047,0,12,2,2,0,0,0,2.0,1,1,4,0,0,6,0.03333333333333333,4.370333333333334,0.10383333333333333,0,0,0,0,3,2,2,6780,8325,27.0,1,0,1,4,0,multi_stage_attack,BENIGN
MULTI_STAGE_ATTACK-0047,WIN-ARGUS-047,1,17,4,4,0,0,0,2.0,2,4,2,0,0,8,0.13333333333333333,5.08375,0.100125,0,0,0,0,5,3,2,9503,9453,5.0,0,0,0,3,0,multi_stage_attack,BENIGN
MULTI_STAGE_ATTACK-0047,WIN-ARGUS-047,2,7,3,3,3,1,1,4.0,2,0,0,0,0,2,0.0,5.499499999999999,0.0505,0,0,0,0,2,2,2,5283,5549,14.0,0,0,0,3,1,multi_stage_attack,EXECUTION
MULTI_STAGE_ATTACK-0047,WIN-ARGUS-047,3,4,2,2,2,0,0,2.0,0,0,0,0,0,0,0.0,0.0,0.0,0,1,1,1,1,1,1,2052,3551,0.0,0,0,0,3,1,multi_stage_attack,PERSISTENCE
MULTI_STAGE_ATTACK-0047,WIN-ARGUS-047,4,4,1,1,0,0,0,4.0,0,0,0,0,0,0,0.0,0.0,0.0,0,0,0,0,3,2,3,6276,10679,10.0,0,0,0,2,1,multi_stage_attack,C2
MULTI_STAGE_ATTACK-0047,WIN-ARGUS-047,5,83,1,1,0,0,0,2.0,0,20,38,0,22,80,0.6666666666666666,6.845537500000001,2.15425,15,0,0,0,2,2,2,6570,3013,7.0,0,0,0,3,1,multi_stage_attack,IMPACT
MULTI_STAGE_ATTACK-0048,WIN-ARGUS-048,0,13,2,3,0,0,0,2.0,2,2,3,0,0,7,0.06666666666666667,4.891857142857143,0.11014285714285714,0,0,0,0,3,2,3,11065,8124,7.0,1,0,1,4,0,multi_stage_attack,BENIGN
MULTI_STAGE_ATTACK-0048,WIN-ARGUS-048,1,14,2,2,0,0,0,2.0,4,2,1,0,0,7,0.06666666666666667,4.746571428571428,0.08371428571428573,0,0,0,0,5,3,3,16414,10517,4.25,0,0,0,3,0,multi_stage_attack,BENIGN
MULTI_STAGE_ATTACK-0048,WIN-ARGUS-048,2,12,3,3,5,1,1,4.0,5,0,0,0,0,5,0.0,4.9368,0.089,0,0,0,0,4,2,3,6717,9541,5.666666666666667,0,0,0,3,1,multi_stage_attack,EXECUTION
MULTI_STAGE_ATTACK-0048,WIN-ARGUS-048,3,8,2,2,4,0,0,2.0,0,0,0,0,0,0,0.0,0.0,0.0,0,3,3,3,3,3,2,4759,8740,4.5,0,0,0,3,1,multi_stage_attack,PERSISTENCE
MULTI_STAGE_ATTACK-0048,WIN-ARGUS-048,4,4,1,1,0,0,0,4.0,0,0,0,0,0,0,0.0,0.0,0.0,0,0,0,0,3,2,2,12447,8546,10.0,0,0,0,2,1,multi_stage_attack,C2
MULTI_STAGE_ATTACK-0048,WIN-ARGUS-048,5,116,1,1,0,0,0,2.0,0,42,39,0,29,110,1.4,7.139972727272728,2.2407727272727276,39,0,0,0,5,3,2,14795,12054,2.3333333333333335,0,0,0,3,1,multi_stage_attack,IMPACT
MULTI_STAGE_ATTACK-0049,WIN-ARGUS-049,0,18,4,4,0,0,0,2.0,4,2,2,0,0,8,0.06666666666666667,5.11625,0.0675,0,0,0,0,5,3,3,15126,10756,5.333333333333333,1,0,1,4,0,multi_stage_attack,BENIGN
MULTI_STAGE_ATTACK-0049,WIN-ARGUS-049,1,9,3,4,0,0,0,2.0,1,1,2,0,0,4,0.03333333333333333,4.88525,0.07025,0,0,0,0,2,2,2,1815,4629,2.0,0,0,0,3,0,multi_stage_attack,BENIGN
MULTI_STAGE_ATTACK-0049,WIN-ARGUS-049,2,11,3,3,6,1,1,4.0,3,0,0,0,0,3,0.0,5.710999999999999,0.07,0,0,0,0,5,3,3,8588,11505,6.666666666666667,0,0,0,3,1,multi_stage_attack,EXECUTION
MULTI_STAGE_ATTACK-0049,WIN-ARGUS-049,3,6,2,2,2,0,0,2.0,0,0,0,0,0,0,0.0,0.0,0.0,0,1,1,1,3,2,2,11019,9318,4.5,0,0,0,3,1,multi_stage_attack,PERSISTENCE
MULTI_STAGE_ATTACK-0049,WIN-ARGUS-049,4,4,1,1,0,0,0,4.0,0,0,0,0,0,0,0.0,0.0,0.0,0,0,0,0,3,2,3,4670,8884,10.0,0,0,0,2,1,multi_stage_attack,C2
MULTI_STAGE_ATTACK-0049,WIN-ARGUS-049,5,90,1,1,0,0,0,2.0,0,18,43,0,26,87,0.6,7.195459770114942,2.369632183908046,16,0,0,0,2,2,2,4949,7625,7.0,0,0,0,3,1,multi_stage_attack,IMPACT
MULTI_STAGE_ATTACK-0050,WIN-ARGUS-050,0,14,3,3,0,0,0,2.0,1,2,2,0,0,5,0.06666666666666667,5.6612,0.09179999999999999,0,0,0,0,5,3,3,14906,13750,10.0,1,0,1,4,0,multi_stage_attack,BENIGN
MULTI_STAGE_ATTACK-0050,WIN-ARGUS-050,1,13,4,4,0,0,0,2.0,0,2,4,0,0,6,0.06666666666666667,4.783833333333333,0.063,0,0,0,0,3,3,3,6700,8712,9.0,0,0,0,3,0,multi_stage_attack,BENIGN
MULTI_STAGE_ATTACK-0050,WIN-ARGUS-050,2,9,3,3,3,1,1,4.0,4,0,0,0,0,4,0.0,4.80275,0.0695,0,0,0,0,2,2,2,5163,3279,4.0,0,0,0,3,1,multi_stage_attack,EXECUTION
MULTI_STAGE_ATTACK-0050,WIN-ARGUS-050,3,8,2,2,4,0,0,2.0,0,0,0,0,0,0,0.0,0.0,0.0,0,3,3,3,3,2,3,6370,6874,1.0,0,0,0,3,1,multi_stage_attack,PERSISTENCE
MULTI_STAGE_ATTACK-0050,WIN-ARGUS-050,4,4,1,1,0,0,0,4.0,0,0,0,0,0,0,0.0,0.0,0.0,0,0,0,0,3,3,2,5922,8068,10.0,0,0,0,2,1,multi_stage_attack,C2
MULTI_STAGE_ATTACK-0050,WIN-ARGUS-050,5,96,1,1,0,0,0,2.0,0,23,36,0,33,92,0.7666666666666667,6.882108695652174,2.086108695652174,18,0,0,0,3,2,3,13463,3388,12.5,0,0,0,3,1,multi_stage_attack,IMPACT
MULTI_STAGE_ATTACK-0051,WIN-ARGUS-051,0,14,2,3,0,0,0,2.0,2,5,0,0,0,7,0.16666666666666666,4.829714285714286,0.0812857142857143,0,0,0,0,4,2,3,11439,12995,8.5,1,0,1,4,0,multi_stage_attack,BENIGN
MULTI_STAGE_ATTACK-0051,WIN-ARGUS-051,1,16,4,4,0,0,0,2.0,3,2,2,0,0,7,0.06666666666666667,4.752857142857143,0.06371428571428571,0,0,0,0,5,3,3,12337,10897,6.0,0,0,0,3,0,multi_stage_attack,BENIGN
MULTI_STAGE_ATTACK-0051,WIN-ARGUS-051,2,8,3,3,3,1,1,4.0,3,0,0,0,0,3,0.0,5.468333333333334,0.10333333333333333,0,0,0,0,2,2,2,2743,9337,9.0,0,0,0,3,1,multi_stage_attack,EXECUTION
MULTI_STAGE_ATTACK-0051,WIN-ARGUS-051,3,7,2,2,3,0,0,2.0,0,0,0,0,0,0,0.0,0.0,0.0,0,2,2,2,3,2,2,6221,12839,8.0,0,0,0,3,1,multi_stage_attack,PERSISTENCE
MULTI_STAGE_ATTACK-0051,WIN-ARGUS-051,4,4,1,1,0,0,0,4.0,0,0,0,0,0,0,0.0,0.0,0.0,0,0,0,0,3,3,2,4910,8106,10.0,0,0,0,2,1,multi_stage_attack,C2
MULTI_STAGE_ATTACK-0051,WIN-ARGUS-051,5,109,1,1,0,0,0,2.0,0,33,32,0,38,103,1.1,7.0980194174757285,2.251747572815534,26,0,0,0,5,3,2,13795,10849,8.333333333333334,0,0,0,3,1,multi_stage_attack,IMPACT
MULTI_STAGE_ATTACK-0052,WIN-ARGUS-052,0,13,3,4,0,0,0,2.0,0,1,3,0,0,4,0.03333333333333333,5.0177499999999995,0.10425000000000001,0,0,0,0,5,3,3,7910,13958,6.0,1,0,1,4,0,multi_stage_attack,BENIGN
MULTI_STAGE_ATTACK-0052,WIN-ARGUS-052,1,17,4,4,0,0,0,2.0,2,1,5,0,0,8,0.03333333333333333,4.987125,0.073,0,0,0,0,5,2,3,10735,12511,6.75,0,0,0,3,0,multi_stage_attack,BENIGN
MULTI_STAGE_ATTACK-0052,WIN-ARGUS-052,2,7,3,3,3,1,1,4.0,2,0,0,0,0,2,0.0,5.1035,0.0845,0,0,0,0,2,2,2,6195,4514,4.0,0,0,0,3,1,multi_stage_attack,EXECUTION
MULTI_STAGE_ATTACK-0052,WIN-ARGUS-052,3,6,2,2,3,0,0,2.0,0,0,0,0,0,0,0.0,0.0,0.0,0,2,2,2,2,1,2,3108,6373,14.0,0,0,0,3,1,multi_stage_attack,PERSISTENCE
MULTI_STAGE_ATTACK-0052,WIN-ARGUS-052,4,4,1,1,0,0,0,4.0,0,0,0,0,0,0,0.0,0.0,0.0,0,0,0,0,3,2,2,12976,8815,10.0,0,0,0,2,1,multi_stage_attack,C2
MULTI_STAGE_ATTACK-0052,WIN-ARGUS-052,5,88,1,1,0,0,0,2.0,0,28,30,0,26,84,0.9333333333333333,6.91325,2.1546904761904764,19,0,0,0,3,3,2,7807,7104,6.0,0,0,0,3,1,multi_stage_attack,IMPACT
MULTI_STAGE_ATTACK-0053,WIN-ARGUS-053,0,14,3,3,0,0,0,2.0,2,2,1,0,0,5,0.06666666666666667,5.2536000000000005,0.0992,0,0,0,0,5,2,3,11733,10028,8.333333333333334,1,0,1,4,0,multi_stage_attack,BENIGN
MULTI_STAGE_ATTACK-0053,WIN-ARGUS-053,1,13,2,2,0,0,0,2.0,0,3,3,0,0,6,0.1,4.407166666666667,0.08966666666666667,0,0,0,0,5,3,3,13553,10298,4.75,0,0,0,3,0,multi_stage_attack,BENIGN
MULTI_STAGE_ATTACK-0053,WIN-ARGUS-053,2,9,3,3,4,1,1,4.0,3,0,0,0,0,3,0.0,4.701666666666667,0.08366666666666667,0,0,0,0,3,1,2,6997,8814,4.0,0,0,0,3,1,multi_stage_attack,EXECUTION
MULTI_STAGE_ATTACK-0053,WIN-ARGUS-053,3,6,2,2,4,0,0,2.0,0,0,0,0,0,0,0.0,0.0,0.0,0,3,3,3,1,1,1,506,590,0.0,0,0,0,3,1,multi_stage_attack,PERSISTENCE
MULTI_STAGE_ATTACK-0053,WIN-ARGUS-053,4,4,1,1,0,0,0,4.0,0,0,0,0,0,0,0.0,0.0,0.0,0,0,0,0,3,3,3,11788,9804,10.0,0,0,0,2,1,multi_stage_attack,C2
MULTI_STAGE_ATTACK-0053,WIN-ARGUS-053,5,97,1,1,0,0,0,2.0,0,34,27,0,31,92,1.1333333333333333,7.322391304347826,2.4208478260869564,29,0,0,0,4,2,3,7230,8634,4.0,0,0,0,3,1,multi_stage_attack,IMPACT
MULTI_STAGE_ATTACK-0054,WIN-ARGUS-054,0,13,4,4,0,0,0,2.0,1,3,0,0,0,4,0.1,5.19375,0.06425,0,0,0,0,4,2,3,6065,11713,1.5,1,0,1,4,0,multi_stage_attack,BENIGN
MULTI_STAGE_ATTACK-0054,WIN-ARGUS-054,1,13,4,4,0,0,0,2.0,2,1,3,0,0,6,0.03333333333333333,5.277,0.074,0,0,0,0,3,2,2,9421,7021,6.5,0,0,0,3,0,multi_stage_attack,BENIGN
MULTI_STAGE_ATTACK-0054,WIN-ARGUS-054,2,10,3,3,6,1,1,4.0,2,0,0,0,0,2,0.0,5.1025,0.0855,0,0,0,0,5,3,2,15628,8574,4.666666666666667,0,0,0,3,1,multi_stage_attack,EXECUTION
MULTI_STAGE_ATTACK-0054,WIN-ARGUS-054,3,6,2,2,4,0,0,2.0,0,0,0,0,0,0,0.0,0.0,0.0,0,3,3,3,1,1,1,1402,1819,0.0,0,0,0,3,1,multi_stage_attack,PERSISTENCE
MULTI_STAGE_ATTACK-0054,WIN-ARGUS-054,4,4,1,1,0,0,0,4.0,0,0,0,0,0,0,0.0,0.0,0.0,0,0,0,0,3,1,3,6161,13352,10.0,0,0,0,2,1,multi_stage_attack,C2
MULTI_STAGE_ATTACK-0054,WIN-ARGUS-054,5,76,1,1,0,0,0,2.0,0,24,22,0,26,72,0.8,7.217027777777777,2.296416666666667,24,0,0,0,3,2,2,7999,7286,11.0,0,0,0,3,1,multi_stage_attack,IMPACT
MULTI_STAGE_ATTACK-0055,WIN-ARGUS-055,0,16,2,2,0,0,0,2.0,4,2,2,0,0,8,0.06666666666666667,5.22175,0.07050000000000001,0,0,0,0,5,3,2,11643,9245,7.666666666666667,1,0,1,4,0,multi_stage_attack,BENIGN
MULTI_STAGE_ATTACK-0055,WIN-ARGUS-055,1,13,2,2,0,0,0,2.0,1,2,3,0,0,6,0.06666666666666667,4.8255,0.07766666666666668,0,0,0,0,5,3,3,7987,14222,8.333333333333334,0,0,0,3,0,multi_stage_attack,BENIGN
MULTI_STAGE_ATTACK-0055,WIN-ARGUS-055,2,11,3,3,4,1,1,4.0,5,0,0,0,0,5,0.0,4.212400000000001,0.053000000000000005,0,0,0,0,3,1,3,7841,8292,8.0,0,0,0,3,1,multi_stage_attack,EXECUTION
MULTI_STAGE_ATTACK-0055,WIN-ARGUS-055,3,7,2,2,4,0,0,2.0,0,0,0,0,0,0,0.0,0.0,0.0,0,3,3,3,2,1,2,6871,5075,13.0,0,0,0,3,1,multi_stage_attack,PERSISTENCE
MULTI_STAGE_ATTACK-0055,WIN-ARGUS-055,4,4,1,1,0,0,0,4.0,0,0,0,0,0,0,0.0,0.0,0.0,0,0,0,0,3,2,3,13036,10425,10.0,0,0,0,2,1,multi_stage_attack,C2
MULTI_STAGE_ATTACK-0055,WIN-ARGUS-055,5,82,1,1,0,0,0,2.0,0,21,29,0,26,76,0.7,7.320486842105263,2.4173815789473685,17,0,0,0,5,3,3,16927,17041,6.25,0,0,0,3,1,multi_stage_attack,IMPACT
MULTI_STAGE_ATTACK-0056,WIN-ARGUS-056,0,13,4,4,0,0,0,2.0,1,2,3,0,0,6,0.06666666666666667,4.986833333333333,0.077,0,0,0,0,2,2,1,4238,3267,13.0,1,0,1,4,0,multi_stage_attack,BENIGN
MULTI_STAGE_ATTACK-0056,WIN-ARGUS-056,1,14,2,3,0,0,0,2.0,3,0,4,0,0,7,0.0,4.757142857142857,0.06971428571428571,0,0,0,0,5,2,3,12184,14170,6.25,0,0,0,3,0,multi_stage_attack,BENIGN
MULTI_STAGE_ATTACK-0056,WIN-ARGUS-056,2,10,3,3,6,1,1,4.0,2,0,0,0,0,2,0.0,4.8445,0.0465,0,0,0,0,5,3,2,12085,16968,4.25,0,0,0,3,1,multi_stage_attack,EXECUTION
MULTI_STAGE_ATTACK-0056,WIN-ARGUS-056,3,5,2,2,2,0,0,2.0,0,0,0,0,0,0,0.0,0.0,0.0,0,1,1,1,2,2,2,5596,7346,3.0,0,0,0,3,1,multi_stage_attack,PERSISTENCE
MULTI_STAGE_ATTACK-0056,WIN-ARGUS-056,4,4,1,1,0,0,0,4.0,0,0,0,0,0,0,0.0,0.0,0.0,0,0,0,0,3,2,3,10189,12132,10.0,0,0,0,2,1,multi_stage_attack,C2
MULTI_STAGE_ATTACK-0056,WIN-ARGUS-056,5,103,1,1,0,0,0,2.0,0,28,35,0,34,97,0.9333333333333333,7.061886597938145,2.157587628865979,22,0,0,0,5,2,2,6617,8931,8.0,0,0,0,3,1,multi_stage_attack,IMPACT
MULTI_STAGE_ATTACK-0057,WIN-ARGUS-057,0,13,3,3,0,0,0,2.0,0,3,1,0,0,4,0.1,5.122,0.07300000000000001,0,0,0,0,5,2,2,12641,11818,6.5,1,0,1,4,0,multi_stage_attack,BENIGN
MULTI_STAGE_ATTACK-0057,WIN-ARGUS-057,1,15,4,4,0,0,0,2.0,1,4,2,0,0,7,0.13333333333333333,4.698285714285714,0.06914285714285714,0,0,0,0,4,3,2,10766,13214,7.0,0,0,0,3,0,multi_stage_attack,BENIGN
MULTI_STAGE_ATTACK-0057,WIN-ARGUS-057,2,12,3,3,5,1,1,4.0,5,0,0,0,0,5,0.0,5.0312,0.0948,0,0,0,0,4,2,3,9702,14536,5.0,0,0,0,3,1,multi_stage_attack,EXECUTION
MULTI_STAGE_ATTACK-0057,WIN-ARGUS-057,3,5,2,2,3,0,0,2.0,0,0,0,0,0,0,0.0,0.0,0.0,0,2,2,2,1,1,1,2565,1717,0.0,0,0,0,3,1,multi_stage_attack,PERSISTENCE
MULTI_STAGE_ATTACK-0057,WIN-ARGUS-057,4,4,1,1,0,0,0,4.0,0,0,0,0,0,0,0.0,0.0,0.0,0,0,0,0,3,3,2,13126,10484,10.0,0,0,0,2,1,multi_stage_attack,C2
MULTI_STAGE_ATTACK-0057,WIN-ARGUS-057,5,112,1,1,0,0,0,2.0,0,36,36,0,35,107,1.2,7.230766355140187,2.327579439252337,33,0,0,0,4,3,3,13431,9347,6.0,0,0,0,3,1,multi_stage_attack,IMPACT
MULTI_STAGE_ATTACK-0058,WIN-ARGUS-058,0,11,2,2,0,0,0,2.0,4,0,2,0,0,6,0.0,4.951333333333333,0.08483333333333333,0,0,0,0,2,2,2,5402,4194,1.0,1,0,1,4,0,multi_stage_attack,BENIGN
MULTI_STAGE_ATTACK-0058,WIN-ARGUS-058,1,10,2,2,0,0,0,2.0,2,1,1,0,0,4,0.03333333333333333,4.663,0.04275,0,0,0,0,4,3,3,7418,5563,4.666666666666667,0,0,0,3,0,multi_stage_attack,BENIGN
MULTI_STAGE_ATTACK-0058,WIN-ARGUS-058,2,12,3,3,5,1,1,4.0,5,0,0,0,0,5,0.0,5.0424,0.1048,0,0,0,0,4,2,3,10089,8052,3.6666666666666665,0,0,0,3,1,multi_stage_attack,EXECUTION
MULTI_STAGE_ATTACK-0058,WIN-ARGUS-058,3,6,2,2,3,0,0,2.0,0,0,0,0,0,0,0.0,0.0,0.0,0,2,2,2,2,1,2,8455,8841,6.0,0,0,0,3,1,multi_stage_attack,PERSISTENCE
MULTI_STAGE_ATTACK-0058,WIN-ARGUS-058,4,4,1,1,0,0,0,4.0,0,0,0,0,0,0,0.0,0.0,0.0,0,0,0,0,3,3,2,10301,5303,10.0,0,0,0,2,1,multi_stage_attack,C2
MULTI_STAGE_ATTACK-0058,WIN-ARGUS-058,5,106,1,1,0,0,0,2.0,0,32,35,0,33,100,1.0666666666666667,7.11547,2.1121,26,0,0,0,5,3,2,22081,9657,5.666666666666667,0,0,0,3,1,multi_stage_attack,IMPACT
MULTI_STAGE_ATTACK-0059,WIN-ARGUS-059,0,14,3,3,0,0,0,2.0,5,0,0,0,0,5,0.0,4.8772,0.0776,0,0,0,0,5,3,2,15004,14134,5.75,1,0,1,4,0,multi_stage_attack,BENIGN
MULTI_STAGE_ATTACK-0059,WIN-ARGUS-059,1,12,2,3,0,0,0,2.0,1,3,4,0,0,8,0.1,5.2909999999999995,0.08662500000000001,0,0,0,0,2,2,2,6675,4632,22.0,0,0,0,3,0,multi_stage_attack,BENIGN
MULTI_STAGE_ATTACK-0059,WIN-ARGUS-059,2,12,3,3,6,1,1,4.0,4,0,0,0,0,4,0.0,5.09,0.08075,0,0,0,0,5,3,2,14972,12756,4.0,0,0,0,3,1,multi_stage_attack,EXECUTION
MULTI_STAGE_ATTACK-0059,WIN-ARGUS-059,3,4,2,2,2,0,0,2.0,0,0,0,0,0,0,0.0,0.0,0.0,0,1,1,1,1,1,1,3349,1405,0.0,0,0,0,3,1,multi_stage_attack,PERSISTENCE
MULTI_STAGE_ATTACK-0059,WIN-ARGUS-059,4,4,1,1,0,0,0,4.0,0,0,0,0,0,0,0.0,0.0,0.0,0,0,0,0,3,2,2,7300,5473,10.0,0,0,0,2,1,multi_stage_attack,C2
MULTI_STAGE_ATTACK-0059,WIN-ARGUS-059,5,113,1,1,0,0,0,2.0,0,35,33,0,42,110,1.1666666666666667,7.234772727272728,2.3062181818181817,29,0,0,0,2,2,2,4187,3067,6.0,0,0,0,3,1,multi_stage_attack,IMPACT
MULTI_STAGE_ATTACK-0060,WIN-ARGUS-060,0,13,4,4,0,0,0,2.0,3,2,0,0,0,5,0.06666666666666667,4.9778,0.08499999999999999,0,0,0,0,3,3,2,6295,10350,8.5,1,0,1,4,0,multi_stage_attack,BENIGN
MULTI_STAGE_ATTACK-0060,WIN-ARGUS-060,1,14,2,3,0,0,0,2.0,1,5,2,0,0,8,0.16666666666666666,4.4905,0.081625,0,0,0,0,4,3,2,11666,12642,5.333333333333333,0,0,0,3,0,multi_stage_attack,BENIGN
MULTI_STAGE_ATTACK-0060,WIN-ARGUS-060,2,10,3,3,4,1,1,4.0,4,0,0,0,0,4,0.0,4.46975,0.059,0,0,0,0,3,2,2,6593,5531,6.0,0,0,0,3,1,multi_stage_attack,EXECUTION
MULTI_STAGE_ATTACK-0060,WIN-ARGUS-060,3,7,2,2,3,0,0,2.0,0,0,0,0,0,0,0.0,0.0,0.0,0,2,2,2,3,2,1,7189,7851,4.0,0,0,0,3,1,multi_stage_attack,PERSISTENCE
MULTI_STAGE_ATTACK-0060,WIN-ARGUS-060,4,4,1,1,0,0,0,4.0,0,0,0,0,0,0,0.0,0.0,0.0,0,0,0,0,3,1,3,8021,9095,10.0,0,0,0,2,1,multi_stage_attack,C2
MULTI_STAGE_ATTACK-0060,WIN-ARGUS-060,5,77,1,1,0,0,0,2.0,0,23,21,0,30,74,0.7666666666666667,7.125581081081081,2.296756756756757,20,0,0,0,2,2,2,6377,9161,13.0,0,0,0,3,1,multi_stage_attack,IMPACT
PERSISTENCE_ATTACK-0001,WIN-ARGUS-001,0,6,2,2,2,0,0,2.0,0,0,0,0,0,0,0.0,0.0,0.0,0,1,1,1,3,2,2,9825,8175,6.0,0,0,0,3,1,persistence_attack,PERSISTENCE
PERSISTENCE_ATTACK-0001,WIN-ARGUS-001,1,7,2,2,3,0,0,2.0,0,0,0,0,0,0,0.0,0.0,0.0,0,2,2,2,3,3,3,6241,10047,6.5,0,0,0,3,1,persistence_attack,PERSISTENCE
PERSISTENCE_ATTACK-0001,WIN-ARGUS-001,2,6,2,2,2,0,0,2.0,0,0,0,0,0,0,0.0,0.0,0.0,0,1,1,1,3,2,2,7247,10379,5.5,0,0,0,3,1,persistence_attack,PERSISTENCE
PERSISTENCE_ATTACK-0001,WIN-ARGUS-001,3,5,2,2,2,0,0,2.0,0,0,0,0,0,0,0.0,0.0,0.0,0,1,1,1,2,1,2,7592,5105,2.0,0,0,0,3,1,persistence_attack,PERSISTENCE
PERSISTENCE_ATTACK-0001,WIN-ARGUS-001,4,5,2,2,3,0,0,2.0,0,0,0,0,0,0,0.0,0.0,0.0,0,2,2,2,1,1,1,1412,1390,0.0,0,0,0,3,1,persistence_attack,PERSISTENCE
PERSISTENCE_ATTACK-0001,WIN-ARGUS-001,5,5,2,2,3,0,0,2.0,0,0,0,0,0,0,0.0,0.0,0.0,0,2,2,2,1,1,1,3849,1765,0.0,0,0,0,3,1,persistence_attack,PERSISTENCE
PERSISTENCE_ATTACK-0002,WIN-ARGUS-002,0,6,2,2,3,0,0,2.0,0,0,0,0,0,0,0.0,0.0,0.0,0,2,2,2,2,2,1,4665,3377,5.0,0,0,0,3,1,persistence_attack,PERSISTENCE
PERSISTENCE_ATTACK-0002,WIN-ARGUS-002,1,5,2,2,2,0,0,2.0,0,0,0,0,0,0,0.0,0.0,0.0,0,1,1,1,2,2,2,5532,5405,1.0,0,0,0,3,1,persistence_attack,PERSISTENCE
PERSISTENCE_ATTACK-0002,WIN-ARGUS-002,2,5,2,2,3,0,0,2.0,0,0,0,0,0,0,0.0,0.0,0.0,0,2,2,2,1,1,1,2536,497,0.0,0,0,0,3,1,persistence_attack,PERSISTENCE
PERSISTENCE_ATTACK-0002,WIN-ARGUS-002,3,5,2,2,3,0,0,2.0,0,0,0,0,0,0,0.0,0.0,0.0,0,2,2,2,1,1,1,3400,1112,0.0,0,0,0,3,1,persistence_attack,PERSISTENCE
PERSISTENCE_ATTACK-0002,WIN-ARGUS-002,4,6,2,2,2,0,0,2.0,0,0,0,0,0,0,0.0,0.0,0.0,0,1,1,1,3,2,2,5568,11893,4.5,0,0,0,3,1,persistence_attack,PERSISTENCE
PERSISTENCE_ATTACK-0002,WIN-ARGUS-002,5,4,2,2,2,0,0,2.0,0,0,0,0,0,0,0.0,0.0,0.0,0,1,1,1,1,1,1,3150,4814,0.0,0,0,0,3,1,persistence_attack,PERSISTENCE
PERSISTENCE_ATTACK-0003,WIN-ARGUS-003,0,7,2,2,3,0,0,2.0,0,0,0,0,0,0,0.0,0.0,0.0,0,2,2,2,3,2,2,12175,8026,6.5,0,0,0,3,1,persistence_attack,PERSISTENCE
PERSISTENCE_ATTACK-0003,WIN-ARGUS-003,1,7,2,2,4,0,0,2.0,0,0,0,0,0,0,0.0,0.0,0.0,0,3,3,3,2,1,2,5085,7560,0.0,0,0,0,3,1,persistence_attack,PERSISTENCE
PERSISTENCE_ATTACK-0003,WIN-ARGUS-003,2,5,2,2,3,0,0,2.0,0,0,0,0,0,0,0.0,0.0,0.0,0,2,2,2,1,1,1,3424,3806,0.0,0,0,0,3,1,persistence_attack,PERSISTENCE
PERSISTENCE_ATTACK-0003,WIN-ARGUS-003,3,6,2,2,3,0,0,2.0,0,0,0,0,0,0,0.0,0.0,0.0,0,2,2,2,2,2,1,4323,4867,0.0,0,0,0,3,1,persistence_attack,PERSISTENCE
PERSISTENCE_ATTACK-0003,WIN-ARGUS-003,4,7,2,2,3,0,0,2.0,0,0,0,0,0,0,0.0,0.0,0.0,0,2,2,2,3,2,2,5974,8503,3.0,0,0,0,3,1,persistence_attack,PERSISTENCE
PERSISTENCE_ATTACK-0003,WIN-ARGUS-003,5,7,2,2,4,0,0,2.0,0,0,0,0,0,0,0.0,0.0,0.0,0,3,3,3,2,2,2,7567,5285,8.0,0,0,0,3,1,persistence_attack,PERSISTENCE
PERSISTENCE_ATTACK-0004,WIN-ARGUS-004,0,6,2,2,4,0,0,2.0,0,0,0,0,0,0,0.0,0.0,0.0,0,3,3,3,1,1,1,2135,491,0.0,0,0,0,3,1,persistence_attack,PERSISTENCE
PERSISTENCE_ATTACK-0004,WIN-ARGUS-004,1,6,2,2,4,0,0,2.0,0,0,0,0,0,0,0.0,0.0,0.0,0,3,3,3,1,1,1,1556,3419,0.0,0,0,0,3,1,persistence_attack,PERSISTENCE
PERSISTENCE_ATTACK-0004,WIN-ARGUS-004,2,5,2,2,3,0,0,2.0,0,0,0,0,0,0,0.0,0.0,0.0,0,2,2,2,1,1,1,1452,3024,0.0,0,0,0,3,1,persistence_attack,PERSISTENCE
PERSISTENCE_ATTACK-0004,WIN-ARGUS-004,3,7,2,2,3,0,0,2.0,0,0,0,0,0,0,0.0,0.0,0.0,0,2,2,2,3,3,2,6717,11650,2.5,0,0,0,3,1,persistence_attack,PERSISTENCE
PERSISTENCE_ATTACK-0004,WIN-ARGUS-004,4,4,2,2,2,0,0,2.0,0,0,0,0,0,0,0.0,0.0,0.0,0,1,1,1,1,1,1,1104,2497,0.0,0,0,0,3,1,persistence_attack,PERSISTENCE
PERSISTENCE_ATTACK-0004,WIN-ARGUS-004,5,7,2,2,3,0,0,2.0,0,0,0,0,0,0,0.0,0.0,0.0,0,2,2,2,3,3,1,7965,9196,2.5,0,0,0,3,1,persistence_attack,PERSISTENCE
PERSISTENCE_ATTACK-0005,WIN-ARGUS-005,0,6,2,2,4,0,0,2.0,0,0,0,0,0,0,0.0,0.0,0.0,0,3,3,3,1,1,1,4599,735,0.0,0,0,0,3,1,persistence_attack,PERSISTENCE
PERSISTENCE_ATTACK-0005,WIN-ARGUS-005,1,5,2,2,2,0,0,2.0,0,0,0,0,0,0,0.0,0.0,0.0,0,1,1,1,2,2,2,6588,6338,17.0,0,0,0,3,1,persistence_attack,PERSISTENCE
PERSISTENCE_ATTACK-0005,WIN-ARGUS-005,2,8,2,2,4,0,0,2.0,0,0,0,0,0,0,0.0,0.0,0.0,0,3,3,3,3,2,2,8095,8597,5.5,0,0,0,3,1,persistence_attack,PERSISTENCE
PERSISTENCE_ATTACK-0005,WIN-ARGUS-005,3,7,2,2,4,0,0,2.0,0,0,0,0,0,0,0.0,0.0,0.0,0,3,3,3,2,2,2,4809,7754,8.0,0,0,0,3,1,persistence_attack,PERSISTENCE
PERSISTENCE_ATTACK-0005,WIN-ARGUS-005,4,7,2,2,4,0,0,2.0,0,0,0,0,0,0,0.0,0.0,0.0,0,3,3,3,2,2,2,8498,1484,11.0,0,0,0,3,1,persistence_attack,PERSISTENCE
PERSISTENCE_ATTACK-0005,WIN-ARGUS-005,5,6,2,2,2,0,0,2.0,0,0,0,0,0,0,0.0,0.0,0.0,0,1,1,1,3,2,2,9882,4620,6.5,0,0,0,3,1,persistence_attack,PERSISTENCE
PERSISTENCE_ATTACK-0006,WIN-ARGUS-006,0,5,2,2,2,0,0,2.0,0,0,0,0,0,0,0.0,0.0,0.0,0,1,1,1,2,1,2,3312,5401,2.0,0,0,0,3,1,persistence_attack,PERSISTENCE
PERSISTENCE_ATTACK-0006,WIN-ARGUS-006,1,7,2,2,4,0,0,2.0,0,0,0,0,0,0,0.0,0.0,0.0,0,3,3,3,2,2,1,7814,5669,0.0,0,0,0,3,1,persistence_attack,PERSISTENCE
PERSISTENCE_ATTACK-0006,WIN-ARGUS-006,2,7,2,2,4,0,0,2.0,0,0,0,0,0,0,0.0,0.0,0.0,0,3,3,3,2,1,1,3427,5342,3.0,0,0,0,3,1,persistence_attack,PERSISTENCE
PERSISTENCE_ATTACK-0006,WIN-ARGUS-006,3,7,2,2,3,0,0,2.0,0,0,0,0,0,0,0.0,0.0,0.0,0,2,2,2,3,2,2,13067,11187,2.5,0,0,0,3,1,persistence_attack,PERSISTENCE
PERSISTENCE_ATTACK-0006,WIN-ARGUS-006,4,7,2,2,4,0,0,2.0,0,0,0,0,0,0,0.0,0.0,0.0,0,3,3,3,2,2,2,1960,511,14.0,0,0,0,3,1,persistence_attack,PERSISTENCE
PERSISTENCE_ATTACK-0006,WIN-ARGUS-006,5,8,2,2,4,0,0,2.0,0,0,0,0,0,0,0.0,0.0,0.0,0,3,3,3,3,3,2,6918,5966,3.0,0,0,0,3,1,persistence_attack,PERSISTENCE
PERSISTENCE_ATTACK-0007,WIN-ARGUS-007,0,7,2,2,3,0,0,2.0,0,0,0,0,0,0,0.0,0.0,0.0,0,2,2,2,3,3,2,4844,5879,4.5,0,0,0,3,1,persistence_attack,PERSISTENCE
PERSISTENCE_ATTACK-0007,WIN-ARGUS-007,1,6,2,2,3,0,0,2.0,0,0,0,0,0,0,0.0,0.0,0.0,0,2,2,2,2,2,1,7880,1451,6.0,0,0,0,3,1,persistence_attack,PERSISTENCE
PERSISTENCE_ATTACK-0007,WIN-ARGUS-007,2,8,2,2,4,0,0,2.0,0,0,0,0,0,0,0.0,0.0,0.0,0,3,3,3,3,2,2,11175,9337,4.5,0,0,0,3,1,persistence_attack,PERSISTENCE
PERSISTENCE_ATTACK-0007,WIN-ARGUS-007,3,5,2,2,2,0,0,2.0,0,0,0,0,0,0,0.0,0.0,0.0,0,1,1,1,2,2,2,9004,6079,12.0,0,0,0,3,1,persistence_attack,PERSISTENCE
PERSISTENCE_ATTACK-0007,WIN-ARGUS-007,4,4,2,2,2,0,0,2.0,0,0,0,0,0,0,0.0,0.0,0.0,0,1,1,1,1,1,1,2584,4620,0.0,0,0,0,3,1,persistence_attack,PERSISTENCE
PERSISTENCE_ATTACK-0007,WIN-ARGUS-007,5,4,2,2,2,0,0,2.0,0,0,0,0,0,0,0.0,0.0,0.0,0,1,1,1,1,1,1,4694,2733,0.0,0,0,0,3,1,persistence_attack,PERSISTENCE
PERSISTENCE_ATTACK-0008,WIN-ARGUS-008,0,6,2,2,4,0,0,2.0,0,0,0,0,0,0,0.0,0.0,0.0,0,3,3,3,1,1,1,3565,1403,0.0,0,0,0,3,1,persistence_attack,PERSISTENCE
PERSISTENCE_ATTACK-0008,WIN-ARGUS-008,1,5,2,2,2,0,0,2.0,0,0,0,0,0,0,0.0,0.0,0.0,0,1,1,1,2,1,2,8286,3015,2.0,0,0,0,3,1,persistence_attack,PERSISTENCE
PERSISTENCE_ATTACK-0008,WIN-ARGUS-008,2,5,2,2,3,0,0,2.0,0,0,0,0,0,0,0.0,0.0,0.0,0,2,2,2,1,1,1,3116,278,0.0,0,0,0,3,1,persistence_attack,PERSISTENCE
PERSISTENCE_ATTACK-0008,WIN-ARGUS-008,3,8,2,2,4,0,0,2.0,0,0,0,0,0,0,0.0,0.0,0.0,0,3,3,3,3,2,2,11649,7990,2.0,0,0,0,3,1,persistence_attack,PERSISTENCE
PERSISTENCE_ATTACK-0008,WIN-ARGUS-008,4,6,2,2,3,0,0,2.0,0,0,0,0,0,0,0.0,0.0,0.0,0,2,2,2,2,2,2,4664,8639,6.0,0,0,0,3,1,persistence_attack,PERSISTENCE
PERSISTENCE_ATTACK-0008,WIN-ARGUS-008,5,7,2,2,3,0,0,2.0,0,0,0,0,0,0,0.0,0.0,0.0,0,2,2,2,3,2,3,3678,7059,7.0,0,0,0,3,1,persistence_attack,PERSISTENCE
PERSISTENCE_ATTACK-0009,WIN-ARGUS-009,0,6,2,2,3,0,0,2.0,0,0,0,0,0,0,0.0,0.0,0.0,0,2,2,2,2,2,2,3699,6669,7.0,0,0,0,3,1,persistence_attack,PERSISTENCE
PERSISTENCE_ATTACK-0009,WIN-ARGUS-009,1,8,2,2,4,0,0,2.0,0,0,0,0,0,0,0.0,0.0,0.0,0,3,3,3,3,2,2,9437,9818,7.0,0,0,0,3,1,persistence_attack,PERSISTENCE
PERSISTENCE_ATTACK-0009,WIN-ARGUS-009,2,5,2,2,3,0,0,2.0,0,0,0,0,0,0,0.0,0.0,0.0,0,2,2,2,1,1,1,1565,947,0.0,0,0,0,3,1,persistence_attack,PERSISTENCE
PERSISTENCE_ATTACK-0009,WIN-ARGUS-009,3,4,2,2,2,0,0,2.0,0,0,0,0,0,0,0.0,0.0,0.0,0,1,1,1,1,1,1,4346,267,0.0,0,0,0,3,1,persistence_attack,PERSISTENCE
PERSISTENCE_ATTACK-0009,WIN-ARGUS-009,4,6,2,2,4,0,0,2.0,0,0,0,0,0,0,0.0,0.0,0.0,0,3,3,3,1,1,1,2791,2865,0.0,0,0,0,3,1,persistence_attack,PERSISTENCE
PERSISTENCE_ATTACK-0009,WIN-ARGUS-009,5,7,2,2,3,0,0,2.0,0,0,0,0,0,0,0.0,0.0,0.0,0,2,2,2,3,2,3,5961,8758,4.0,0,0,0,3,1,persistence_attack,PERSISTENCE
PERSISTENCE_ATTACK-0010,WIN-ARGUS-010,0,6,2,2,2,0,0,2.0,0,0,0,0,0,0,0.0,0.0,0.0,0,1,1,1,3,1,1,4458,10431,4.0,0,0,0,3,1,persistence_attack,PERSISTENCE
PERSISTENCE_ATTACK-0010,WIN-ARGUS-010,1,6,2,2,2,0,0,2.0,0,0,0,0,0,0,0.0,0.0,0.0,0,1,1,1,3,2,2,10203,4990,6.5,0,0,0,3,1,persistence_attack,PERSISTENCE
PERSISTENCE_ATTACK-0010,WIN-ARGUS-010,2,6,2,2,4,0,0,2.0,0,0,0,0,0,0,0.0,0.0,0.0,0,3,3,3,1,1,1,4211,4899,0.0,0,0,0,3,1,persistence_attack,PERSISTENCE
PERSISTENCE_ATTACK-0010,WIN-ARGUS-010,3,5,2,2,3,0,0,2.0,0,0,0,0,0,0,0.0,0.0,0.0,0,2,2,2,1,1,1,2381,1825,0.0,0,0,0,3,1,persistence_attack,PERSISTENCE
PERSISTENCE_ATTACK-0010,WIN-ARGUS-010,4,5,2,2,3,0,0,2.0,0,0,0,0,0,0,0.0,0.0,0.0,0,2,2,2,1,1,1,4803,4171,0.0,0,0,0,3,1,persistence_attack,PERSISTENCE
PERSISTENCE_ATTACK-0010,WIN-ARGUS-010,5,7,2,2,4,0,0,2.0,0,0,0,0,0,0,0.0,0.0,0.0,0,3,3,3,2,2,2,5859,9219,6.0,0,0,0,3,1,persistence_attack,PERSISTENCE
PERSISTENCE_ATTACK-0011,WIN-ARGUS-011,0,5,2,2,2,0,0,2.0,0,0,0,0,0,0,0.0,0.0,0.0,0,1,1,1,2,2,2,3844,3505,0.0,0,0,0,3,1,persistence_attack,PERSISTENCE
PERSISTENCE_ATTACK-0011,WIN-ARGUS-011,1,8,2,2,4,0,0,2.0,0,0,0,0,0,0,0.0,0.0,0.0,0,3,3,3,3,2,2,5596,12654,5.5,0,0,0,3,1,persistence_attack,PERSISTENCE
PERSISTENCE_ATTACK-0011,WIN-ARGUS-011,2,4,2,2,2,0,0,2.0,0,0,0,0,0,0,0.0,0.0,0.0,0,1,1,1,1,1,1,3886,4086,0.0,0,0,0,3,1,persistence_attack,PERSISTENCE
PERSISTENCE_ATTACK-0011,WIN-ARGUS-011,3,7,2,2,3,0,0,2.0,0,0,0,0,0,0,0.0,0.0,0.0,0,2,2,2,3,2,1,8012,3347,3.5,0,0,0,3,1,persistence_attack,PERSISTENCE
PERSISTENCE_ATTACK-0011,WIN-ARGUS-011,4,7,2,2,3,0,0,2.0,0,0,0,0,0,0,0.0,0.0,0.0,0,2,2,2,3,2,3,7300,7744,3.0,0,0,0,3,1,persistence_attack,PERSISTENCE
PERSISTENCE_ATTACK-0011,WIN-ARGUS-011,5,4,2,2,2,0,0,2.0,0,0,0,0,0,0,0.0,0.0,0.0,0,1,1,1,1,1,1,2617,3833,0.0,0,0,0,3,1,persistence_attack,PERSISTENCE
PERSISTENCE_ATTACK-0012,WIN-ARGUS-012,0,6,2,2,4,0,0,2.0,0,0,0,0,0,0,0.0,0.0,0.0,0,3,3,3,1,1,1,2608,547,0.0,0,0,0,3,1,persistence_attack,PERSISTENCE
PERSISTENCE_ATTACK-0012,WIN-ARGUS-012,1,5,2,2,2,0,0,2.0,0,0,0,0,0,0,0.0,0.0,0.0,0,1,1,1,2,2,1,4541,6700,3.0,0,0,0,3,1,persistence_attack,PERSISTENCE
PERSISTENCE_ATTACK-0012,WIN-ARGUS-012,2,7,2,2,4,0,0,2.0,0,0,0,0,0,0,0.0,0.0,0.0,0,3,3,3,2,1,2,5788,3381,0.0,0,0,0,3,1,persistence_attack,PERSISTENCE
PERSISTENCE_ATTACK-0012,WIN-ARGUS-012,3,6,2,2,3,0,0,2.0,0,0,0,0,0,0,0.0,0.0,0.0,0,2,2,2,2,2,2,4501,1085,10.0,0,0,0,3,1,persistence_attack,PERSISTENCE
PERSISTENCE_ATTACK-0012,WIN-ARGUS-012,4,7,2,2,4,0,0,2.0,0,0,0,0,0,0,0.0,0.0,0.0,0,3,3,3,2,1,2,2576,5585,15.0,0,0,0,3,1,persistence_attack,PERSISTENCE
PERSISTENCE_ATTACK-0012,WIN-ARGUS-012,5,5,2,2,3,0,0,2.0,0,0,0,0,0,0,0.0,0.0,0.0,0,2,2,2,1,1,1,4683,225,0.0,0,0,0,3,1,persistence_attack,PERSISTENCE
PERSISTENCE_ATTACK-0013,WIN-ARGUS-013,0,6,2,2,4,0,0,2.0,0,0,0,0,0,0,0.0,0.0,0.0,0,3,3,3,1,1,1,4449,680,0.0,0,0,0,3,1,persistence_attack,PERSISTENCE
PERSISTENCE_ATTACK-0013,WIN-ARGUS-013,1,4,2,2,2,0,0,2.0,0,0,0,0,0,0,0.0,0.0,0.0,0,1,1,1,1,1,1,3648,1921,0.0,0,0,0,3,1,persistence_attack,PERSISTENCE
PERSISTENCE_ATTACK-0013,WIN-ARGUS-013,2,8,2,2,4,0,0,2.0,0,0,0,0,0,0,0.0,0.0,0.0,0,3,3,3,3,2,3,9285,6787,6.0,0,0,0,3,1,persistence_attack,PERSISTENCE
PERSISTENCE_ATTACK-0013,WIN-ARGUS-013,3,4,2,2,2,0,0,2.0,0,0,0,0,0,0,0.0,0.0,0.0,0,1,1,1,1,1,1,2763,192,0.0,0,0,0,3,1,persistence_attack,PERSISTENCE
PERSISTENCE_ATTACK-0013,WIN-ARGUS-013,4,7,2,2,4,0,0,2.0,0,0,0,0,0,0,0.0,0.0,0.0,0,3,3,3,2,1,1,6923,4502,4.0,0,0,0,3,1,persistence_attack,PERSISTENCE
PERSISTENCE_ATTACK-0013,WIN-ARGUS-013,5,7,2,2,4,0,0,2.0,0,0,0,0,0,0,0.0,0.0,0.0,0,3,3,3,2,2,2,5215,2148,9.0,0,0,0,3,1,persistence_attack,PERSISTENCE
PERSISTENCE_ATTACK-0014,WIN-ARGUS-014,0,5,2,2,2,0,0,2.0,0,0,0,0,0,0,0.0,0.0,0.0,0,1,1,1,2,2,2,5721,1932,2.0,0,0,0,3,1,persistence_attack,PERSISTENCE
PERSISTENCE_ATTACK-0014,WIN-ARGUS-014,1,8,2,2,4,0,0,2.0,0,0,0,0,0,0,0.0,0.0,0.0,0,3,3,3,3,2,3,8349,10059,7.5,0,0,0,3,1,persistence_attack,PERSISTENCE
PERSISTENCE_ATTACK-0014,WIN-ARGUS-014,2,7,2,2,3,0,0,2.0,0,0,0,0,0,0,0.0,0.0,0.0,0,2,2,2,3,2,2,7406,8324,5.0,0,0,0,3,1,persistence_attack,PERSISTENCE
PERSISTENCE_ATTACK-0014,WIN-ARGUS-014,3,5,2,2,3,0,0,2.0,0,0,0,0,0,0,0.0,0.0,0.0,0,2,2,2,1,1,1,1548,813,0.0,0,0,0,3,1,persistence_attack,PERSISTENCE
PERSISTENCE_ATTACK-0014,WIN-ARGUS-014,4,6,2,2,3,0,0,2.0,0,0,0,0,0,0,0.0,0.0,0.0,0,2,2,2,2,1,2,1870,5536,6.0,0,0,0,3,1,persistence_attack,PERSISTENCE
PERSISTENCE_ATTACK-0014,WIN-ARGUS-014,5,6,2,2,2,0,0,2.0,0,0,0,0,0,0,0.0,0.0,0.0,0,1,1,1,3,3,2,6873,7668,7.0,0,0,0,3,1,persistence_attack,PERSISTENCE
PERSISTENCE_ATTACK-0015,WIN-ARGUS-015,0,7,2,2,3,0,0,2.0,0,0,0,0,0,0,0.0,0.0,0.0,0,2,2,2,3,2,2,11412,5416,5.5,0,0,0,3,1,persistence_attack,PERSISTENCE
PERSISTENCE_ATTACK-0015,WIN-ARGUS-015,1,6,2,2,4,0,0,2.0,0,0,0,0,0,0,0.0,0.0,0.0,0,3,3,3,1,1,1,4362,473,0.0,0,0,0,3,1,persistence_attack,PERSISTENCE
PERSISTENCE_ATTACK-0015,WIN-ARGUS-015,2,5,2,2,3,0,0,2.0,0,0,0,0,0,0,0.0,0.0,0.0,0,2,2,2,1,1,1,4972,3931,0.0,0,0,0,3,1,persistence_attack,PERSISTENCE
PERSISTENCE_ATTACK-0015,WIN-ARGUS-015,3,6,2,2,3,0,0,2.0,0,0,0,0,0,0,0.0,0.0,0.0,0,2,2,2,2,2,2,7223,503,1.0,0,0,0,3,1,persistence_attack,PERSISTENCE
PERSISTENCE_ATTACK-0015,WIN-ARGUS-015,4,7,2,2,4,0,0,2.0,0,0,0,0,0,0,0.0,0.0,0.0,0,3,3,3,2,2,1,7664,4472,2.0,0,0,0,3,1,persistence_attack,PERSISTENCE
PERSISTENCE_ATTACK-0015,WIN-ARGUS-015,5,4,2,2,2,0,0,2.0,0,0,0,0,0,0,0.0,0.0,0.0,0,1,1,1,1,1,1,3754,2561,0.0,0,0,0,3,1,persistence_attack,PERSISTENCE
PERSISTENCE_ATTACK-0016,WIN-ARGUS-016,0,6,2,2,3,0,0,2.0,0,0,0,0,0,0,0.0,0.0,0.0,0,2,2,2,2,2,2,6729,6806,3.0,0,0,0,3,1,persistence_attack,PERSISTENCE
PERSISTENCE_ATTACK-0016,WIN-ARGUS-016,1,8,2,2,4,0,0,2.0,0,0,0,0,0,0,0.0,0.0,0.0,0,3,3,3,3,3,2,8731,7156,4.0,0,0,0,3,1,persistence_attack,PERSISTENCE
PERSISTENCE_ATTACK-0016,WIN-ARGUS-016,2,6,2,2,4,0,0,2.0,0,0,0,0,0,0,0.0,0.0,0.0,0,3,3,3,1,1,1,2225,4529,0.0,0,0,0,3,1,persistence_attack,PERSISTENCE
PERSISTENCE_ATTACK-0016,WIN-ARGUS-016,3,6,2,2,3,0,0,2.0,0,0,0,0,0,0,0.0,0.0,0.0,0,2,2,2,2,2,2,5315,4212,14.0,0,0,0,3,1,persistence_attack,PERSISTENCE
PERSISTENCE_ATTACK-0016,WIN-ARGUS-016,4,5,2,2,2,0,0,2.0,0,0,0,0,0,0,0.0,0.0,0.0,0,1,1,1,2,1,2,2263,3600,6.0,0,0,0,3,1,persistence_attack,PERSISTENCE
PERSISTENCE_ATTACK-0016,WIN-ARGUS-016,5,6,2,2,3,0,0,2.0,0,0,0,0,0,0,0.0,0.0,0.0,0,2,2,2,2,1,2,9343,2268,8.0,0,0,0,3,1,persistence_attack,PERSISTENCE
PERSISTENCE_ATTACK-0017,WIN-ARGUS-017,0,7,2,2,4,0,0,2.0,0,0,0,0,0,0,0.0,0.0,0.0,0,3,3,3,2,2,1,4953,6767,3.0,0,0,0,3,1,persistence_attack,PERSISTENCE
PERSISTENCE_ATTACK-0017,WIN-ARGUS-017,1,5,2,2,2,0,0,2.0,0,0,0,0,0,0,0.0,0.0,0.0,0,1,1,1,2,2,2,3424,4818,4.0,0,0,0,3,1,persistence_attack,PERSISTENCE
PERSISTENCE_ATTACK-0017,WIN-ARGUS-017,2,7,2,2,3,0,0,2.0,0,0,0,0,0,0,0.0,0.0,0.0,0,2,2,2,3,2,2,3136,4293,2.5,0,0,0,3,1,persistence_attack,PERSISTENCE
PERSISTENCE_ATTACK-0017,WIN-ARGUS-017,3,6,2,2,2,0,0,2.0,0,0,0,0,0,0,0.0,0.0,0.0,0,1,1,1,3,2,2,5883,4408,7.5,0,0,0,3,1,persistence_attack,PERSISTENCE
PERSISTENCE_ATTACK-0017,WIN-ARGUS-017,4,8,2,2,4,0,0,2.0,0,0,0,0,0,0,0.0,0.0,0.0,0,3,3,3,3,2,2,6617,11858,1.0,0,0,0,3,1,persistence_attack,PERSISTENCE
PERSISTENCE_ATTACK-0017,WIN-ARGUS-017,5,5,2,2,2,0,0,2.0,0,0,0,0,0,0,0.0,0.0,0.0,0,1,1,1,2,1,2,4805,2951,6.0,0,0,0,3,1,persistence_attack,PERSISTENCE
PERSISTENCE_ATTACK-0018,WIN-ARGUS-018,0,5,2,2,3,0,0,2.0,0,0,0,0,0,0,0.0,0.0,0.0,0,2,2,2,1,1,1,3402,793,0.0,0,0,0,3,1,persistence_attack,PERSISTENCE
PERSISTENCE_ATTACK-0018,WIN-ARGUS-018,1,5,2,2,2,0,0,2.0,0,0,0,0,0,0,0.0,0.0,0.0,0,1,1,1,2,2,2,5527,9045,2.0,0,0,0,3,1,persistence_attack,PERSISTENCE
PERSISTENCE_ATTACK-0018,WIN-ARGUS-018,2,7,2,2,3,0,0,2.0,0,0,0,0,0,0,0.0,0.0,0.0,0,2,2,2,3,3,2,8525,9311,5.0,0,0,0,3,1,persistence_attack,PERSISTENCE
PERSISTENCE_ATTACK-0018,WIN-ARGUS-018,3,6,2,2,4,0,0,2.0,0,0,0,0,0,0,0.0,0.0,0.0,0,3,3,3,1,1,1,2420,2444,0.0,0,0,0,3,1,persistence_attack,PERSISTENCE
PERSISTENCE_ATTACK-0018,WIN-ARGUS-018,4,5,2,2,3,0,0,2.0,0,0,0,0,0,0,0.0,0.0,0.0,0,2,2,2,1,1,1,3060,3559,0.0,0,0,0,3,1,persistence_attack,PERSISTENCE
PERSISTENCE_ATTACK-0018,WIN-ARGUS-018,5,5,2,2,2,0,0,2.0,0,0,0,0,0,0,0.0,0.0,0.0,0,1,1,1,2,2,2,7044,3611,3.0,0,0,0,3,1,persistence_attack,PERSISTENCE
PERSISTENCE_ATTACK-0019,WIN-ARGUS-019,0,5,2,2,3,0,0,2.0,0,0,0,0,0,0,0.0,0.0,0.0,0,2,2,2,1,1,1,2782,1792,0.0,0,0,0,3,1,persistence_attack,PERSISTENCE
PERSISTENCE_ATTACK-0019,WIN-ARGUS-019,1,6,2,2,3,0,0,2.0,0,0,0,0,0,0,0.0,0.0,0.0,0,2,2,2,2,1,2,5027,2911,3.0,0,0,0,3,1,persistence_attack,PERSISTENCE
PERSISTENCE_ATTACK-0019,WIN-ARGUS-019,2,7,2,2,4,0,0,2.0,0,0,0,0,0,0,0.0,0.0,0.0,0,3,3,3,2,1,2,4810,6793,4.0,0,0,0,3,1,persistence_attack,PERSISTENCE
PERSISTENCE_ATTACK-0019,WIN-ARGUS-019,3,5,2,2,2,0,0,2.0,0,0,0,0,0,0,0.0,0.0,0.0,0,1,1,1,2,2,2,5136,9116,11.0,0,0,0,3,1,persistence_attack,PERSISTENCE
PERSISTENCE_ATTACK-0019,WIN-ARGUS-019,4,6,2,2,2,0,0,2.0,0,0,0,0,0,0,0.0,0.0,0.0,0,1,1,1,3,3,3,2851,9244,11.0,0,0,0,3,1,persistence_attack,PERSISTENCE
PERSISTENCE_ATTACK-0019,WIN-ARGUS-019,5,8,2,2,4,0,0,2.0,0,0,0,0,0,0,0.0,0.0,0.0,0,3,3,3,3,2,2,8736,11633,4.0,0,0,0,3,1,persistence_attack,PERSISTENCE
PERSISTENCE_ATTACK-0020,WIN-ARGUS-020,0,4,2,2,2,0,0,2.0,0,0,0,0,0,0,0.0,0.0,0.0,0,1,1,1,1,1,1,1181,234,0.0,0,0,0,3,1,persistence_attack,PERSISTENCE
PERSISTENCE_ATTACK-0020,WIN-ARGUS-020,1,7,2,2,4,0,0,2.0,0,0,0,0,0,0,0.0,0.0,0.0,0,3,3,3,2,2,2,6364,8073,10.0,0,0,0,3,1,persistence_attack,PERSISTENCE
PERSISTENCE_ATTACK-0020,WIN-ARGUS-020,2,7,2,2,3,0,0,2.0,0,0,0,0,0,0,0.0,0.0,0.0,0,2,2,2,3,2,2,10819,11166,2.5,0,0,0,3,1,persistence_attack,PERSISTENCE
PERSISTENCE_ATTACK-0020,WIN-ARGUS-020,3,4,2,2,2,0,0,2.0,0,0,0,0,0,0,0.0,0.0,0.0,0,1,1,1,1,1,1,4987,2148,0.0,0,0,0,3,1,persistence_attack,PERSISTENCE
PERSISTENCE_ATTACK-0020,WIN-ARGUS-020,4,6,2,2,4,0,0,2.0,0,0,0,0,0,0,0.0,0.0,0.0,0,3,3,3,1,1,1,1032,3391,0.0,0,0,0,3,1,persistence_attack,PERSISTENCE
PERSISTENCE_ATTACK-0020,WIN-ARGUS-020,5,5,2,2,3,0,0,2.0,0,0,0,0,0,0,0.0,0.0,0.0,0,2,2,2,1,1,1,3086,2931,0.0,0,0,0,3,1,persistence_attack,PERSISTENCE
PERSISTENCE_ATTACK-0021,WIN-ARGUS-021,0,4,2,2,2,0,0,2.0,0,0,0,0,0,0,0.0,0.0,0.0,0,1,1,1,1,1,1,1939,349,0.0,0,0,0,3,1,persistence_attack,PERSISTENCE
PERSISTENCE_ATTACK-0021,WIN-ARGUS-021,1,7,2,2,4,0,0,2.0,0,0,0,0,0,0,0.0,0.0,0.0,0,3,3,3,2,2,2,5502,6205,5.0,0,0,0,3,1,persistence_attack,PERSISTENCE
PERSISTENCE_ATTACK-0021,WIN-ARGUS-021,2,7,2,2,3,0,0,2.0,0,0,0,0,0,0,0.0,0.0,0.0,0,2,2,2,3,3,3,8154,7670,1.5,0,0,0,3,1,persistence_attack,PERSISTENCE
PERSISTENCE_ATTACK-0021,WIN-ARGUS-021,3,6,2,2,4,0,0,2.0,0,0,0,0,0,0,0.0,0.0,0.0,0,3,3,3,1,1,1,554,1791,0.0,0,0,0,3,1,persistence_attack,PERSISTENCE
PERSISTENCE_ATTACK-0021,WIN-ARGUS-021,4,6,2,2,2,0,0,2.0,0,0,0,0,0,0,0.0,0.0,0.0,0,1,1,1,3,2,2,5547,9627,3.0,0,0,0,3,1,persistence_attack,PERSISTENCE
PERSISTENCE_ATTACK-0021,WIN-ARGUS-021,5,5,2,2,3,0,0,2.0,0,0,0,0,0,0,0.0,0.0,0.0,0,2,2,2,1,1,1,2299,1761,0.0,0,0,0,3,1,persistence_attack,PERSISTENCE
PERSISTENCE_ATTACK-0022,WIN-ARGUS-022,0,6,2,2,3,0,0,2.0,0,0,0,0,0,0,0.0,0.0,0.0,0,2,2,2,2,2,1,6186,7594,11.0,0,0,0,3,1,persistence_attack,PERSISTENCE
PERSISTENCE_ATTACK-0022,WIN-ARGUS-022,1,5,2,2,2,0,0,2.0,0,0,0,0,0,0,0.0,0.0,0.0,0,1,1,1,2,2,1,4998,1252,10.0,0,0,0,3,1,persistence_attack,PERSISTENCE
PERSISTENCE_ATTACK-0022,WIN-ARGUS-022,2,6,2,2,3,0,0,2.0,0,0,0,0,0,0,0.0,0.0,0.0,0,2,2,2,2,1,2,8302,6295,15.0,0,0,0,3,1,persistence_attack,PERSISTENCE
PERSISTENCE_ATTACK-0022,WIN-ARGUS-022,3,6,2,2,2,0,0,2.0,0,0,0,0,0,0,0.0,0.0,0.0,0,1,1,1,3,2,3,13788,3642,4.5,0,0,0,3,1,persistence_attack,PERSISTENCE
PERSISTENCE_ATTACK-0022,WIN-ARGUS-022,4,6,2,2,2,0,0,2.0,0,0,0,0,0,0,0.0,0.0,0.0,0,1,1,1,3,2,3,3760,9550,5.0,0,0,0,3,1,persistence_attack,PERSISTENCE
PERSISTENCE_ATTACK-0022,WIN-ARGUS-022,5,7,2,2,3,0,0,2.0,0,0,0,0,0,0,0.0,0.0,0.0,0,2,2,2,3,3,3,8001,4751,1.5,0,0,0,3,1,persistence_attack,PERSISTENCE
PERSISTENCE_ATTACK-0023,WIN-ARGUS-023,0,6,2,2,2,0,0,2.0,0,0,0,0,0,0,0.0,0.0,0.0,0,1,1,1,3,2,3,8556,8184,8.0,0,0,0,3,1,persistence_attack,PERSISTENCE
PERSISTENCE_ATTACK-0023,WIN-ARGUS-023,1,5,2,2,2,0,0,2.0,0,0,0,0,0,0,0.0,0.0,0.0,0,1,1,1,2,2,2,3372,7296,9.0,0,0,0,3,1,persistence_attack,PERSISTENCE
PERSISTENCE_ATTACK-0023,WIN-ARGUS-023,2,6,2,2,2,0,0,2.0,0,0,0,0,0,0,0.0,0.0,0.0,0,1,1,1,3,2,3,10579,10115,4.0,0,0,0,3,1,persistence_attack,PERSISTENCE
PERSISTENCE_ATTACK-0023,WIN-ARGUS-023,3,5,2,2,3,0,0,2.0,0,0,0,0,0,0,0.0,0.0,0.0,0,2,2,2,1,1,1,4580,2954,0.0,0,0,0,3,1,persistence_attack,PERSISTENCE
PERSISTENCE_ATTACK-0023,WIN-ARGUS-023,4,8,2,2,4,0,0,2.0,0,0,0,0,0,0,0.0,0.0,0.0,0,3,3,3,3,2,2,5624,4883,4.0,0,0,0,3,1,persistence_attack,PERSISTENCE
PERSISTENCE_ATTACK-0023,WIN-ARGUS-023,5,4,2,2,2,0,0,2.0,0,0,0,0,0,0,0.0,0.0,0.0,0,1,1,1,1,1,1,2182,3127,0.0,0,0,0,3,1,persistence_attack,PERSISTENCE
PERSISTENCE_ATTACK-0024,WIN-ARGUS-024,0,6,2,2,4,0,0,2.0,0,0,0,0,0,0,0.0,0.0,0.0,0,3,3,3,1,1,1,395,2798,0.0,0,0,0,3,1,persistence_attack,PERSISTENCE
PERSISTENCE_ATTACK-0024,WIN-ARGUS-024,1,8,2,2,4,0,0,2.0,0,0,0,0,0,0,0.0,0.0,0.0,0,3,3,3,3,3,2,11986,9441,3.5,0,0,0,3,1,persistence_attack,PERSISTENCE
PERSISTENCE_ATTACK-0024,WIN-ARGUS-024,2,7,2,2,4,0,0,2.0,0,0,0,0,0,0,0.0,0.0,0.0,0,3,3,3,2,1,2,6671,4750,6.0,0,0,0,3,1,persistence_attack,PERSISTENCE
PERSISTENCE_ATTACK-0024,WIN-ARGUS-024,3,8,2,2,4,0,0,2.0,0,0,0,0,0,0,0.0,0.0,0.0,0,3,3,3,3,2,2,4878,7248,6.5,0,0,0,3,1,persistence_attack,PERSISTENCE
PERSISTENCE_ATTACK-0024,WIN-ARGUS-024,4,8,2,2,4,0,0,2.0,0,0,0,0,0,0,0.0,0.0,0.0,0,3,3,3,3,3,2,9273,6825,7.5,0,0,0,3,1,persistence_attack,PERSISTENCE
PERSISTENCE_ATTACK-0024,WIN-ARGUS-024,5,5,2,2,3,0,0,2.0,0,0,0,0,0,0,0.0,0.0,0.0,0,2,2,2,1,1,1,3312,2166,0.0,0,0,0,3,1,persistence_attack,PERSISTENCE
PERSISTENCE_ATTACK-0025,WIN-ARGUS-025,0,4,2,2,2,0,0,2.0,0,0,0,0,0,0,0.0,0.0,0.0,0,1,1,1,1,1,1,4955,687,0.0,0,0,0,3,1,persistence_attack,PERSISTENCE
PERSISTENCE_ATTACK-0025,WIN-ARGUS-025,1,7,2,2,3,0,0,2.0,0,0,0,0,0,0,0.0,0.0,0.0,0,2,2,2,3,3,1,9753,9093,6.0,0,0,0,3,1,persistence_attack,PERSISTENCE
PERSISTENCE_ATTACK-0025,WIN-ARGUS-025,2,6,2,2,4,0,0,2.0,0,0,0,0,0,0,0.0,0.0,0.0,0,3,3,3,1,1,1,3813,3421,0.0,0,0,0,3,1,persistence_attack,PERSISTENCE
PERSISTENCE_ATTACK-0025,WIN-ARGUS-025,3,8,2,2,4,0,0,2.0,0,0,0,0,0,0,0.0,0.0,0.0,0,3,3,3,3,1,3,11771,5809,4.0,0,0,0,3,1,persistence_attack,PERSISTENCE
PERSISTENCE_ATTACK-0025,WIN-ARGUS-025,4,7,2,2,4,0,0,2.0,0,0,0,0,0,0,0.0,0.0,0.0,0,3,3,3,2,2,1,3239,4251,9.0,0,0,0,3,1,persistence_attack,PERSISTENCE
PERSISTENCE_ATTACK-0025,WIN-ARGUS-025,5,8,2,2,4,0,0,2.0,0,0,0,0,0,0,0.0,0.0,0.0,0,3,3,3,3,2,2,5409,10676,4.0,0,0,0,3,1,persistence_attack,PERSISTENCE
PERSISTENCE_ATTACK-0026,WIN-ARGUS-026,0,5,2,2,3,0,0,2.0,0,0,0,0,0,0,0.0,0.0,0.0,0,2,2,2,1,1,1,4128,4192,0.0,0,0,0,3,1,persistence_attack,PERSISTENCE
PERSISTENCE_ATTACK-0026,WIN-ARGUS-026,1,6,2,2,4,0,0,2.0,0,0,0,0,0,0,0.0,0.0,0.0,0,3,3,3,1,1,1,4158,4519,0.0,0,0,0,3,1,persistence_attack,PERSISTENCE
PERSISTENCE_ATTACK-0026,WIN-ARGUS-026,2,5,2,2,3,0,0,2.0,0,0,0,0,0,0,0.0,0.0,0.0,0,2,2,2,1,1,1,2804,2465,0.0,0,0,0,3,1,persistence_attack,PERSISTENCE
PERSISTENCE_ATTACK-0026,WIN-ARGUS-026,3,5,2,2,3,0,0,2.0,0,0,0,0,0,0,0.0,0.0,0.0,0,2,2,2,1,1,1,3729,1860,0.0,0,0,0,3,1,persistence_attack,PERSISTENCE
PERSISTENCE_ATTACK-0026,WIN-ARGUS-026,4,6,2,2,2,0,0,2.0,0,0,0,0,0,0,0.0,0.0,0.0,0,1,1,1,3,3,1,2679,6752,8.0,0,0,0,3,1,persistence_attack,PERSISTENCE
PERSISTENCE_ATTACK-0026,WIN-ARGUS-026,5,7,2,2,3,0,0,2.0,0,0,0,0,0,0,0.0,0.0,0.0,0,2,2,2,3,3,2,5776,9908,4.5,0,0,0,3,1,persistence_attack,PERSISTENCE
PERSISTENCE_ATTACK-0027,WIN-ARGUS-027,0,6,2,2,4,0,0,2.0,0,0,0,0,0,0,0.0,0.0,0.0,0,3,3,3,1,1,1,4387,1350,0.0,0,0,0,3,1,persistence_attack,PERSISTENCE
PERSISTENCE_ATTACK-0027,WIN-ARGUS-027,1,6,2,2,2,0,0,2.0,0,0,0,0,0,0,0.0,0.0,0.0,0,1,1,1,3,2,2,9686,7446,1.5,0,0,0,3,1,persistence_attack,PERSISTENCE
PERSISTENCE_ATTACK-0027,WIN-ARGUS-027,2,6,2,2,3,0,0,2.0,0,0,0,0,0,0,0.0,0.0,0.0,0,2,2,2,2,1,2,6500,5088,4.0,0,0,0,3,1,persistence_attack,PERSISTENCE
PERSISTENCE_ATTACK-0027,WIN-ARGUS-027,3,4,2,2,2,0,0,2.0,0,0,0,0,0,0,0.0,0.0,0.0,0,1,1,1,1,1,1,3020,4178,0.0,0,0,0,3,1,persistence_attack,PERSISTENCE
PERSISTENCE_ATTACK-0027,WIN-ARGUS-027,4,6,2,2,4,0,0,2.0,0,0,0,0,0,0,0.0,0.0,0.0,0,3,3,3,1,1,1,1858,818,0.0,0,0,0,3,1,persistence_attack,PERSISTENCE
PERSISTENCE_ATTACK-0027,WIN-ARGUS-027,5,8,2,2,4,0,0,2.0,0,0,0,0,0,0,0.0,0.0,0.0,0,3,3,3,3,1,2,5648,5793,7.0,0,0,0,3,1,persistence_attack,PERSISTENCE
PERSISTENCE_ATTACK-0028,WIN-ARGUS-028,0,6,2,2,4,0,0,2.0,0,0,0,0,0,0,0.0,0.0,0.0,0,3,3,3,1,1,1,1938,865,0.0,0,0,0,3,1,persistence_attack,PERSISTENCE
PERSISTENCE_ATTACK-0028,WIN-ARGUS-028,1,7,2,2,4,0,0,2.0,0,0,0,0,0,0,0.0,0.0,0.0,0,3,3,3,2,2,2,4249,4741,5.0,0,0,0,3,1,persistence_attack,PERSISTENCE
PERSISTENCE_ATTACK-0028,WIN-ARGUS-028,2,8,2,2,4,0,0,2.0,0,0,0,0,0,0,0.0,0.0,0.0,0,3,3,3,3,2,3,5745,4971,4.5,0,0,0,3,1,persistence_attack,PERSISTENCE
PERSISTENCE_ATTACK-0028,WIN-ARGUS-028,3,7,2,2,4,0,0,2.0,0,0,0,0,0,0,0.0,0.0,0.0,0,3,3,3,2,1,1,6456,4565,5.0,0,0,0,3,1,persistence_attack,PERSISTENCE
PERSISTENCE_ATTACK-0028,WIN-ARGUS-028,4,6,2,2,3,0,0,2.0,0,0,0,0,0,0,0.0,0.0,0.0,0,2,2,2,2,2,1,3913,9253,4.0,0,0,0,3,1,persistence_attack,PERSISTENCE
PERSISTENCE_ATTACK-0028,WIN-ARGUS-028,5,6,2,2,2,0,0,2.0,0,0,0,0,0,0,0.0,0.0,0.0,0,1,1,1,3,2,2,6532,2726,4.5,0,0,0,3,1,persistence_attack,PERSISTENCE
PERSISTENCE_ATTACK-0029,WIN-ARGUS-029,0,8,2,2,4,0,0,2.0,0,0,0,0,0,0,0.0,0.0,0.0,0,3,3,3,3,3,2,10868,5802,5.5,0,0,0,3,1,persistence_attack,PERSISTENCE
PERSISTENCE_ATTACK-0029,WIN-ARGUS-029,1,5,2,2,3,0,0,2.0,0,0,0,0,0,0,0.0,0.0,0.0,0,2,2,2,1,1,1,3800,2366,0.0,0,0,0,3,1,persistence_attack,PERSISTENCE
PERSISTENCE_ATTACK-0029,WIN-ARGUS-029,2,6,2,2,2,0,0,2.0,0,0,0,0,0,0,0.0,0.0,0.0,0,1,1,1,3,3,3,5802,10268,2.5,0,0,0,3,1,persistence_attack,PERSISTENCE
PERSISTENCE_ATTACK-0029,WIN-ARGUS-029,3,6,2,2,4,0,0,2.0,0,0,0,0,0,0,0.0,0.0,0.0,0,3,3,3,1,1,1,3788,537,0.0,0,0,0,3,1,persistence_attack,PERSISTENCE
PERSISTENCE_ATTACK-0029,WIN-ARGUS-029,4,7,2,2,3,0,0,2.0,0,0,0,0,0,0,0.0,0.0,0.0,0,2,2,2,3,2,2,5286,7368,6.0,0,0,0,3,1,persistence_attack,PERSISTENCE
PERSISTENCE_ATTACK-0029,WIN-ARGUS-029,5,4,2,2,2,0,0,2.0,0,0,0,0,0,0,0.0,0.0,0.0,0,1,1,1,1,1,1,4919,937,0.0,0,0,0,3,1,persistence_attack,PERSISTENCE
PERSISTENCE_ATTACK-0030,WIN-ARGUS-030,0,6,2,2,3,0,0,2.0,0,0,0,0,0,0,0.0,0.0,0.0,0,2,2,2,2,2,2,2394,3456,3.0,0,0,0,3,1,persistence_attack,PERSISTENCE
PERSISTENCE_ATTACK-0030,WIN-ARGUS-030,1,6,2,2,3,0,0,2.0,0,0,0,0,0,0,0.0,0.0,0.0,0,2,2,2,2,2,1,4682,4204,12.0,0,0,0,3,1,persistence_attack,PERSISTENCE
PERSISTENCE_ATTACK-0030,WIN-ARGUS-030,2,8,2,2,4,0,0,2.0,0,0,0,0,0,0,0.0,0.0,0.0,0,3,3,3,3,2,2,12004,7252,6.5,0,0,0,3,1,persistence_attack,PERSISTENCE
PERSISTENCE_ATTACK-0030,WIN-ARGUS-030,3,6,2,2,4,0,0,2.0,0,0,0,0,0,0,0.0,0.0,0.0,0,3,3,3,1,1,1,2024,960,0.0,0,0,0,3,1,persistence_attack,PERSISTENCE
PERSISTENCE_ATTACK-0030,WIN-ARGUS-030,4,5,2,2,2,0,0,2.0,0,0,0,0,0,0,0.0,0.0,0.0,0,1,1,1,2,2,2,1173,5568,8.0,0,0,0,3,1,persistence_attack,PERSISTENCE
PERSISTENCE_ATTACK-0030,WIN-ARGUS-030,5,8,2,2,4,0,0,2.0,0,0,0,0,0,0,0.0,0.0,0.0,0,3,3,3,3,3,2,6977,3565,3.0,0,0,0,3,1,persistence_attack,PERSISTENCE
PERSISTENCE_ATTACK-0031,WIN-ARGUS-031,0,6,2,2,4,0,0,2.0,0,0,0,0,0,0,0.0,0.0,0.0,0,3,3,3,1,1,1,2870,1985,0.0,0,0,0,3,1,persistence_attack,PERSISTENCE
PERSISTENCE_ATTACK-0031,WIN-ARGUS-031,1,5,2,2,3,0,0,2.0,0,0,0,0,0,0,0.0,0.0,0.0,0,2,2,2,1,1,1,500,4094,0.0,0,0,0,3,1,persistence_attack,PERSISTENCE
PERSISTENCE_ATTACK-0031,WIN-ARGUS-031,2,7,2,2,3,0,0,2.0,0,0,0,0,0,0,0.0,0.0,0.0,0,2,2,2,3,2,2,8040,7597,5.0,0,0,0,3,1,persistence_attack,PERSISTENCE
PERSISTENCE_ATTACK-0031,WIN-ARGUS-031,3,5,2,2,3,0,0,2.0,0,0,0,0,0,0,0.0,0.0,0.0,0,2,2,2,1,1,1,1401,2688,0.0,0,0,0,3,1,persistence_attack,PERSISTENCE
PERSISTENCE_ATTACK-0031,WIN-ARGUS-031,4,5,2,2,2,0,0,2.0,0,0,0,0,0,0,0.0,0.0,0.0,0,1,1,1,2,1,2,6533,9854,4.0,0,0,0,3,1,persistence_attack,PERSISTENCE
PERSISTENCE_ATTACK-0031,WIN-ARGUS-031,5,7,2,2,3,0,0,2.0,0,0,0,0,0,0,0.0,0.0,0.0,0,2,2,2,3,3,2,5125,9903,6.0,0,0,0,3,1,persistence_attack,PERSISTENCE
PERSISTENCE_ATTACK-0032,WIN-ARGUS-032,0,6,2,2,3,0,0,2.0,0,0,0,0,0,0,0.0,0.0,0.0,0,2,2,2,2,2,2,3074,4903,3.0,0,0,0,3,1,persistence_attack,PERSISTENCE
PERSISTENCE_ATTACK-0032,WIN-ARGUS-032,1,4,2,2,2,0,0,2.0,0,0,0,0,0,0,0.0,0.0,0.0,0,1,1,1,1,1,1,4720,700,0.0,0,0,0,3,1,persistence_attack,PERSISTENCE
PERSISTENCE_ATTACK-0032,WIN-ARGUS-032,2,6,2,2,4,0,0,2.0,0,0,0,0,0,0,0.0,0.0,0.0,0,3,3,3,1,1,1,4670,4761,0.0,0,0,0,3,1,persistence_attack,PERSISTENCE
PERSISTENCE_ATTACK-0032,WIN-ARGUS-032,3,6,2,2,2,0,0,2.0,0,0,0,0,0,0,0.0,0.0,0.0,0,1,1,1,3,2,1,11314,7402,7.5,0,0,0,3,1,persistence_attack,PERSISTENCE
PERSISTENCE_ATTACK-0032,WIN-ARGUS-032,4,6,2,2,2,0,0,2.0,0,0,0,0,0,0,0.0,0.0,0.0,0,1,1,1,3,1,3,11250,10257,8.0,0,0,0,3,1,persistence_attack,PERSISTENCE
PERSISTENCE_ATTACK-0032,WIN-ARGUS-032,5,7,2,2,4,0,0,2.0,0,0,0,0,0,0,0.0,0.0,0.0,0,3,3,3,2,1,1,1428,4050,2.0,0,0,0,3,1,persistence_attack,PERSISTENCE
PERSISTENCE_ATTACK-0033,WIN-ARGUS-033,0,6,2,2,4,0,0,2.0,0,0,0,0,0,0,0.0,0.0,0.0,0,3,3,3,1,1,1,3276,3106,0.0,0,0,0,3,1,persistence_attack,PERSISTENCE
PERSISTENCE_ATTACK-0033,WIN-ARGUS-033,1,7,2,2,3,0,0,2.0,0,0,0,0,0,0,0.0,0.0,0.0,0,2,2,2,3,2,1,6836,7912,5.0,0,0,0,3,1,persistence_attack,PERSISTENCE
PERSISTENCE_ATTACK-0033,WIN-ARGUS-033,2,6,2,2,3,0,0,2.0,0,0,0,0,0,0,0.0,0.0,0.0,0,2,2,2,2,1,2,7772,2448,15.0,0,0,0,3,1,persistence_attack,PERSISTENCE
PERSISTENCE_ATTACK-0033,WIN-ARGUS-033,3,8,2,2,4,0,0,2.0,0,0,0,0,0,0,0.0,0.0,0.0,0,3,3,3,3,3,2,7822,7053,3.5,0,0,0,3,1,persistence_attack,PERSISTENCE
PERSISTENCE_ATTACK-0033,WIN-ARGUS-033,4,8,2,2,4,0,0,2.0,0,0,0,0,0,0,0.0,0.0,0.0,0,3,3,3,3,2,3,7672,13028,3.5,0,0,0,3,1,persistence_attack,PERSISTENCE
PERSISTENCE_ATTACK-0033,WIN-ARGUS-033,5,7,2,2,3,0,0,2.0,0,0,0,0,0,0,0.0,0.0,0.0,0,2,2,2,3,2,1,4941,3459,3.0,0,0,0,3,1,persistence_attack,PERSISTENCE
PERSISTENCE_ATTACK-0034,WIN-ARGUS-034,0,7,2,2,4,0,0,2.0,0,0,0,0,0,0,0.0,0.0,0.0,0,3,3,3,2,1,1,3330,1744,4.0,0,0,0,3,1,persistence_attack,PERSISTENCE
PERSISTENCE_ATTACK-0034,WIN-ARGUS-034,1,6,2,2,4,0,0,2.0,0,0,0,0,0,0,0.0,0.0,0.0,0,3,3,3,1,1,1,2926,725,0.0,0,0,0,3,1,persistence_attack,PERSISTENCE
PERSISTENCE_ATTACK-0034,WIN-ARGUS-034,2,5,2,2,3,0,0,2.0,0,0,0,0,0,0,0.0,0.0,0.0,0,2,2,2,1,1,1,4143,2337,0.0,0,0,0,3,1,persistence_attack,PERSISTENCE
PERSISTENCE_ATTACK-0034,WIN-ARGUS-034,3,6,2,2,2,0,0,2.0,0,0,0,0,0,0,0.0,0.0,0.0,0,1,1,1,3,2,2,8728,9921,1.5,0,0,0,3,1,persistence_attack,PERSISTENCE
PERSISTENCE_ATTACK-0034,WIN-ARGUS-034,4,5,2,2,2,0,0,2.0,0,0,0,0,0,0,0.0,0.0,0.0,0,1,1,1,2,2,2,3028,7872,17.0,0,0,0,3,1,persistence_attack,PERSISTENCE
PERSISTENCE_ATTACK-0034,WIN-ARGUS-034,5,7,2,2,4,0,0,2.0,0,0,0,0,0,0,0.0,0.0,0.0,0,3,3,3,2,1,1,5316,7144,1.0,0,0,0,3,1,persistence_attack,PERSISTENCE
PERSISTENCE_ATTACK-0035,WIN-ARGUS-035,0,7,2,2,3,0,0,2.0,0,0,0,0,0,0,0.0,0.0,0.0,0,2,2,2,3,2,2,6209,8029,7.0,0,0,0,3,1,persistence_attack,PERSISTENCE
PERSISTENCE_ATTACK-0035,WIN-ARGUS-035,1,5,2,2,3,0,0,2.0,0,0,0,0,0,0,0.0,0.0,0.0,0,2,2,2,1,1,1,2990,1114,0.0,0,0,0,3,1,persistence_attack,PERSISTENCE
PERSISTENCE_ATTACK-0035,WIN-ARGUS-035,2,8,2,2,4,0,0,2.0,0,0,0,0,0,0,0.0,0.0,0.0,0,3,3,3,3,2,2,5855,7171,12.0,0,0,0,3,1,persistence_attack,PERSISTENCE
PERSISTENCE_ATTACK-0035,WIN-ARGUS-035,3,5,2,2,3,0,0,2.0,0,0,0,0,0,0,0.0,0.0,0.0,0,2,2,2,1,1,1,1468,4868,0.0,0,0,0,3,1,persistence_attack,PERSISTENCE
PERSISTENCE_ATTACK-0035,WIN-ARGUS-035,4,8,2,2,4,0,0,2.0,0,0,0,0,0,0,0.0,0.0,0.0,0,3,3,3,3,2,2,9090,8788,4.0,0,0,0,3,1,persistence_attack,PERSISTENCE
PERSISTENCE_ATTACK-0035,WIN-ARGUS-035,5,8,2,2,4,0,0,2.0,0,0,0,0,0,0,0.0,0.0,0.0,0,3,3,3,3,3,2,8008,7915,6.0,0,0,0,3,1,persistence_attack,PERSISTENCE
PERSISTENCE_ATTACK-0036,WIN-ARGUS-036,0,6,2,2,4,0,0,2.0,0,0,0,0,0,0,0.0,0.0,0.0,0,3,3,3,1,1,1,798,194,0.0,0,0,0,3,1,persistence_attack,PERSISTENCE
PERSISTENCE_ATTACK-0036,WIN-ARGUS-036,1,5,2,2,3,0,0,2.0,0,0,0,0,0,0,0.0,0.0,0.0,0,2,2,2,1,1,1,2677,4228,0.0,0,0,0,3,1,persistence_attack,PERSISTENCE
PERSISTENCE_ATTACK-0036,WIN-ARGUS-036,2,4,2,2,2,0,0,2.0,0,0,0,0,0,0,0.0,0.0,0.0,0,1,1,1,1,1,1,1547,613,0.0,0,0,0,3,1,persistence_attack,PERSISTENCE
PERSISTENCE_ATTACK-0036,WIN-ARGUS-036,3,7,2,2,4,0,0,2.0,0,0,0,0,0,0,0.0,0.0,0.0,0,3,3,3,2,2,2,2170,888,0.0,0,0,0,3,1,persistence_attack,PERSISTENCE
PERSISTENCE_ATTACK-0036,WIN-ARGUS-036,4,7,2,2,4,0,0,2.0,0,0,0,0,0,0,0.0,0.0,0.0,0,3,3,3,2,2,2,3611,4559,1.0,0,0,0,3,1,persistence_attack,PERSISTENCE
PERSISTENCE_ATTACK-0036,WIN-ARGUS-036,5,5,2,2,3,0,0,2.0,0,0,0,0,0,0,0.0,0.0,0.0,0,2,2,2,1,1,1,3797,3285,0.0,0,0,0,3,1,persistence_attack,PERSISTENCE
PERSISTENCE_ATTACK-0037,WIN-ARGUS-037,0,5,2,2,3,0,0,2.0,0,0,0,0,0,0,0.0,0.0,0.0,0,2,2,2,1,1,1,3379,4377,0.0,0,0,0,3,1,persistence_attack,PERSISTENCE
PERSISTENCE_ATTACK-0037,WIN-ARGUS-037,1,6,2,2,4,0,0,2.0,0,0,0,0,0,0,0.0,0.0,0.0,0,3,3,3,1,1,1,3674,2424,0.0,0,0,0,3,1,persistence_attack,PERSISTENCE
PERSISTENCE_ATTACK-0037,WIN-ARGUS-037,2,7,2,2,4,0,0,2.0,0,0,0,0,0,0,0.0,0.0,0.0,0,3,3,3,2,1,2,5110,2092,1.0,0,0,0,3,1,persistence_attack,PERSISTENCE
PERSISTENCE_ATTACK-0037,WIN-ARGUS-037,3,7,2,2,3,0,0,2.0,0,0,0,0,0,0,0.0,0.0,0.0,0,2,2,2,3,3,2,10228,5921,1.0,0,0,0,3,1,persistence_attack,PERSISTENCE
PERSISTENCE_ATTACK-0037,WIN-ARGUS-037,4,8,2,2,4,0,0,2.0,0,0,0,0,0,0,0.0,0.0,0.0,0,3,3,3,3,2,1,5768,8049,7.0,0,0,0,3,1,persistence_attack,PERSISTENCE
PERSISTENCE_ATTACK-0037,WIN-ARGUS-037,5,4,2,2,2,0,0,2.0,0,0,0,0,0,0,0.0,0.0,0.0,0,1,1,1,1,1,1,4626,1047,0.0,0,0,0,3,1,persistence_attack,PERSISTENCE
PERSISTENCE_ATTACK-0038,WIN-ARGUS-038,0,5,2,2,3,0,0,2.0,0,0,0,0,0,0,0.0,0.0,0.0,0,2,2,2,1,1,1,1790,4541,0.0,0,0,0,3,1,persistence_attack,PERSISTENCE
PERSISTENCE_ATTACK-0038,WIN-ARGUS-038,1,7,2,2,3,0,0,2.0,0,0,0,0,0,0,0.0,0.0,0.0,0,2,2,2,3,2,2,9665,3106,2.5,0,0,0,3,1,persistence_attack,PERSISTENCE
PERSISTENCE_ATTACK-0038,WIN-ARGUS-038,2,6,2,2,4,0,0,2.0,0,0,0,0,0,0,0.0,0.0,0.0,0,3,3,3,1,1,1,1610,3525,0.0,0,0,0,3,1,persistence_attack,PERSISTENCE
PERSISTENCE_ATTACK-0038,WIN-ARGUS-038,3,6,2,2,4,0,0,2.0,0,0,0,0,0,0,0.0,0.0,0.0,0,3,3,3,1,1,1,2652,826,0.0,0,0,0,3,1,persistence_attack,PERSISTENCE
PERSISTENCE_ATTACK-0038,WIN-ARGUS-038,4,7,2,2,3,0,0,2.0,0,0,0,0,0,0,0.0,0.0,0.0,0,2,2,2,3,2,2,5004,7097,16.0,0,0,0,3,1,persistence_attack,PERSISTENCE
PERSISTENCE_ATTACK-0038,WIN-ARGUS-038,5,5,2,2,2,0,0,2.0,0,0,0,0,0,0,0.0,0.0,0.0,0,1,1,1,2,1,1,6652,5053,4.0,0,0,0,3,1,persistence_attack,PERSISTENCE
PERSISTENCE_ATTACK-0039,WIN-ARGUS-039,0,6,2,2,4,0,0,2.0,0,0,0,0,0,0,0.0,0.0,0.0,0,3,3,3,1,1,1,3286,754,0.0,0,0,0,3,1,persistence_attack,PERSISTENCE
PERSISTENCE_ATTACK-0039,WIN-ARGUS-039,1,6,2,2,2,0,0,2.0,0,0,0,0,0,0,0.0,0.0,0.0,0,1,1,1,3,2,2,10558,6650,3.0,0,0,0,3,1,persistence_attack,PERSISTENCE
PERSISTENCE_ATTACK-0039,WIN-ARGUS-039,2,7,2,2,3,0,0,2.0,0,0,0,0,0,0,0.0,0.0,0.0,0,2,2,2,3,3,1,1892,5731,1.0,0,0,0,3,1,persistence_attack,PERSISTENCE
PERSISTENCE_ATTACK-0039,WIN-ARGUS-039,3,6,2,2,4,0,0,2.0,0,0,0,0,0,0,0.0,0.0,0.0,0,3,3,3,1,1,1,1559,4169,0.0,0,0,0,3,1,persistence_attack,PERSISTENCE
PERSISTENCE_ATTACK-0039,WIN-ARGUS-039,4,7,2,2,4,0,0,2.0,0,0,0,0,0,0,0.0,0.0,0.0,0,3,3,3,2,2,2,5883,6091,3.0,0,0,0,3,1,persistence_attack,PERSISTENCE
PERSISTENCE_ATTACK-0039,WIN-ARGUS-039,5,7,2,2,3,0,0,2.0,0,0,0,0,0,0,0.0,0.0,0.0,0,2,2,2,3,2,2,7337,7906,5.0,0,0,0,3,1,persistence_attack,PERSISTENCE
PERSISTENCE_ATTACK-0040,WIN-ARGUS-040,0,6,2,2,2,0,0,2.0,0,0,0,0,0,0,0.0,0.0,0.0,0,1,1,1,3,2,2,7961,6860,8.0,0,0,0,3,1,persistence_attack,PERSISTENCE
PERSISTENCE_ATTACK-0040,WIN-ARGUS-040,1,8,2,2,4,0,0,2.0,0,0,0,0,0,0,0.0,0.0,0.0,0,3,3,3,3,1,1,8546,10217,1.0,0,0,0,3,1,persistence_attack,PERSISTENCE
PERSISTENCE_ATTACK-0040,WIN-ARGUS-040,2,6,2,2,3,0,0,2.0,0,0,0,0,0,0,0.0,0.0,0.0,0,2,2,2,2,2,2,6045,9381,3.0,0,0,0,3,1,persistence_attack,PERSISTENCE
PERSISTENCE_ATTACK-0040,WIN-ARGUS-040,3,5,2,2,3,0,0,2.0,0,0,0,0,0,0,0.0,0.0,0.0,0,2,2,2,1,1,1,3036,847,0.0,0,0,0,3,1,persistence_attack,PERSISTENCE
PERSISTENCE_ATTACK-0040,WIN-ARGUS-040,4,5,2,2,3,0,0,2.0,0,0,0,0,0,0,0.0,0.0,0.0,0,2,2,2,1,1,1,4629,2967,0.0,0,0,0,3,1,persistence_attack,PERSISTENCE
PERSISTENCE_ATTACK-0040,WIN-ARGUS-040,5,5,2,2,2,0,0,2.0,0,0,0,0,0,0,0.0,0.0,0.0,0,1,1,1,2,2,1,4327,6446,1.0,0,0,0,3,1,persistence_attack,PERSISTENCE
PERSISTENCE_ATTACK-0041,WIN-ARGUS-041,0,7,2,2,3,0,0,2.0,0,0,0,0,0,0,0.0,0.0,0.0,0,2,2,2,3,2,2,8156,10079,1.5,0,0,0,3,1,persistence_attack,PERSISTENCE
PERSISTENCE_ATTACK-0041,WIN-ARGUS-041,1,5,2,2,3,0,0,2.0,0,0,0,0,0,0,0.0,0.0,0.0,0,2,2,2,1,1,1,221,3614,0.0,0,0,0,3,1,persistence_attack,PERSISTENCE
PERSISTENCE_ATTACK-0041,WIN-ARGUS-041,2,6,2,2,4,0,0,2.0,0,0,0,0,0,0,0.0,0.0,0.0,0,3,3,3,1,1,1,4034,4576,0.0,0,0,0,3,1,persistence_attack,PERSISTENCE
PERSISTENCE_ATTACK-0041,WIN-ARGUS-041,3,6,2,2,3,0,0,2.0,0,0,0,0,0,0,0.0,0.0,0.0,0,2,2,2,2,1,2,5219,2342,7.0,0,0,0,3,1,persistence_attack,PERSISTENCE
PERSISTENCE_ATTACK-0041,WIN-ARGUS-041,4,5,2,2,2,0,0,2.0,0,0,0,0,0,0,0.0,0.0,0.0,0,1,1,1,2,2,2,6538,6487,1.0,0,0,0,3,1,persistence_attack,PERSISTENCE
PERSISTENCE_ATTACK-0041,WIN-ARGUS-041,5,5,2,2,3,0,0,2.0,0,0,0,0,0,0,0.0,0.0,0.0,0,2,2,2,1,1,1,4290,2144,0.0,0,0,0,3,1,persistence_attack,PERSISTENCE
PERSISTENCE_ATTACK-0042,WIN-ARGUS-042,0,6,2,2,2,0,0,2.0,0,0,0,0,0,0,0.0,0.0,0.0,0,1,1,1,3,3,3,8023,5579,9.0,0,0,0,3,1,persistence_attack,PERSISTENCE
PERSISTENCE_ATTACK-0042,WIN-ARGUS-042,1,4,2,2,2,0,0,2.0,0,0,0,0,0,0,0.0,0.0,0.0,0,1,1,1,1,1,1,376,466,0.0,0,0,0,3,1,persistence_attack,PERSISTENCE
PERSISTENCE_ATTACK-0042,WIN-ARGUS-042,2,6,2,2,4,0,0,2.0,0,0,0,0,0,0,0.0,0.0,0.0,0,3,3,3,1,1,1,1296,1396,0.0,0,0,0,3,1,persistence_attack,PERSISTENCE
PERSISTENCE_ATTACK-0042,WIN-ARGUS-042,3,6,2,2,2,0,0,2.0,0,0,0,0,0,0,0.0,0.0,0.0,0,1,1,1,3,2,2,5928,7946,2.5,0,0,0,3,1,persistence_attack,PERSISTENCE
PERSISTENCE_ATTACK-0042,WIN-ARGUS-042,4,8,2,2,4,0,0,2.0,0,0,0,0,0,0,0.0,0.0,0.0,0,3,3,3,3,2,2,6754,7555,1.0,0,0,0,3,1,persistence_attack,PERSISTENCE
PERSISTENCE_ATTACK-0042,WIN-ARGUS-042,5,6,2,2,4,0,0,2.0,0,0,0,0,0,0,0.0,0.0,0.0,0,3,3,3,1,1,1,4474,1473,0.0,0,0,0,3,1,persistence_attack,PERSISTENCE
PERSISTENCE_ATTACK-0043,WIN-ARGUS-043,0,6,2,2,4,0,0,2.0,0,0,0,0,0,0,0.0,0.0,0.0,0,3,3,3,1,1,1,2379,1619,0.0,0,0,0,3,1,persistence_attack,PERSISTENCE
PERSISTENCE_ATTACK-0043,WIN-ARGUS-043,1,7,2,2,4,0,0,2.0,0,0,0,0,0,0,0.0,0.0,0.0,0,3,3,3,2,1,1,4961,8211,1.0,0,0,0,3,1,persistence_attack,PERSISTENCE
PERSISTENCE_ATTACK-0043,WIN-ARGUS-043,2,6,2,2,2,0,0,2.0,0,0,0,0,0,0,0.0,0.0,0.0,0,1,1,1,3,2,2,6069,11217,3.5,0,0,0,3,1,persistence_attack,PERSISTENCE
PERSISTENCE_ATTACK-0043,WIN-ARGUS-043,3,6,2,2,3,0,0,2.0,0,0,0,0,0,0,0.0,0.0,0.0,0,2,2,2,2,2,2,4302,1906,13.0,0,0,0,3,1,persistence_attack,PERSISTENCE
PERSISTENCE_ATTACK-0043,WIN-ARGUS-043,4,7,2,2,4,0,0,2.0,0,0,0,0,0,0,0.0,0.0,0.0,0,3,3,3,2,1,2,3428,4599,6.0,0,0,0,3,1,persistence_attack,PERSISTENCE
PERSISTENCE_ATTACK-0043,WIN-ARGUS-043,5,4,2,2,2,0,0,2.0,0,0,0,0,0,0,0.0,0.0,0.0,0,1,1,1,1,1,1,4803,2860,0.0,0,0,0,3,1,persistence_attack,PERSISTENCE
PERSISTENCE_ATTACK-0044,WIN-ARGUS-044,0,5,2,2,2,0,0,2.0,0,0,0,0,0,0,0.0,0.0,0.0,0,1,1,1,2,2,2,5587,2842,2.0,0,0,0,3,1,persistence_attack,PERSISTENCE
PERSISTENCE_ATTACK-0044,WIN-ARGUS-044,1,6,2,2,3,0,0,2.0,0,0,0,0,0,0,0.0,0.0,0.0,0,2,2,2,2,2,2,1810,4602,6.0,0,0,0,3,1,persistence_attack,PERSISTENCE
PERSISTENCE_ATTACK-0044,WIN-ARGUS-044,2,7,2,2,3,0,0,2.0,0,0,0,0,0,0,0.0,0.0,0.0,0,2,2,2,3,2,3,7066,9106,3.0,0,0,0,3,1,persistence_attack,PERSISTENCE
PERSISTENCE_ATTACK-0044,WIN-ARGUS-044,3,5,2,2,2,0,0,2.0,0,0,0,0,0,0,0.0,0.0,0.0,0,1,1,1,2,1,1,3381,6851,8.0,0,0,0,3,1,persistence_attack,PERSISTENCE
PERSISTENCE_ATTACK-0044,WIN-ARGUS-044,4,8,2,2,4,0,0,2.0,0,0,0,0,0,0,0.0,0.0,0.0,0,3,3,3,3,2,2,7116,6272,9.0,0,0,0,3,1,persistence_attack,PERSISTENCE
PERSISTENCE_ATTACK-0044,WIN-ARGUS-044,5,4,2,2,2,0,0,2.0,0,0,0,0,0,0,0.0,0.0,0.0,0,1,1,1,1,1,1,1783,2489,0.0,0,0,0,3,1,persistence_attack,PERSISTENCE
PERSISTENCE_ATTACK-0045,WIN-ARGUS-045,0,8,2,2,4,0,0,2.0,0,0,0,0,0,0,0.0,0.0,0.0,0,3,3,3,3,2,3,10742,5724,2.5,0,0,0,3,1,persistence_attack,PERSISTENCE
PERSISTENCE_ATTACK-0045,WIN-ARGUS-045,1,6,2,2,2,0,0,2.0,0,0,0,0,0,0,0.0,0.0,0.0,0,1,1,1,3,2,2,4660,3254,2.0,0,0,0,3,1,persistence_attack,PERSISTENCE
PERSISTENCE_ATTACK-0045,WIN-ARGUS-045,2,4,2,2,2,0,0,2.0,0,0,0,0,0,0,0.0,0.0,0.0,0,1,1,1,1,1,1,796,3757,0.0,0,0,0,3,1,persistence_attack,PERSISTENCE
PERSISTENCE_ATTACK-0045,WIN-ARGUS-045,3,4,2,2,2,0,0,2.0,0,0,0,0,0,0,0.0,0.0,0.0,0,1,1,1,1,1,1,2574,1272,0.0,0,0,0,3,1,persistence_attack,PERSISTENCE
PERSISTENCE_ATTACK-0045,WIN-ARGUS-045,4,6,2,2,2,0,0,2.0,0,0,0,0,0,0,0.0,0.0,0.0,0,1,1,1,3,2,3,9785,11175,8.0,0,0,0,3,1,persistence_attack,PERSISTENCE
PERSISTENCE_ATTACK-0045,WIN-ARGUS-045,5,4,2,2,2,0,0,2.0,0,0,0,0,0,0,0.0,0.0,0.0,0,1,1,1,1,1,1,4379,3333,0.0,0,0,0,3,1,persistence_attack,PERSISTENCE
PERSISTENCE_ATTACK-0046,WIN-ARGUS-046,0,5,2,2,2,0,0,2.0,0,0,0,0,0,0,0.0,0.0,0.0,0,1,1,1,2,2,2,4209,1663,10.0,0,0,0,3,1,persistence_attack,PERSISTENCE
PERSISTENCE_ATTACK-0046,WIN-ARGUS-046,1,6,2,2,3,0,0,2.0,0,0,0,0,0,0,0.0,0.0,0.0,0,2,2,2,2,2,2,6076,2164,12.0,0,0,0,3,1,persistence_attack,PERSISTENCE
PERSISTENCE_ATTACK-0046,WIN-ARGUS-046,2,6,2,2,4,0,0,2.0,0,0,0,0,0,0,0.0,0.0,0.0,0,3,3,3,1,1,1,1138,776,0.0,0,0,0,3,1,persistence_attack,PERSISTENCE
PERSISTENCE_ATTACK-0046,WIN-ARGUS-046,3,6,2,2,4,0,0,2.0,0,0,0,0,0,0,0.0,0.0,0.0,0,3,3,3,1,1,1,632,4081,0.0,0,0,0,3,1,persistence_attack,PERSISTENCE
PERSISTENCE_ATTACK-0046,WIN-ARGUS-046,4,5,2,2,2,0,0,2.0,0,0,0,0,0,0,0.0,0.0,0.0,0,1,1,1,2,2,2,4890,7825,4.0,0,0,0,3,1,persistence_attack,PERSISTENCE
PERSISTENCE_ATTACK-0046,WIN-ARGUS-046,5,8,2,2,4,0,0,2.0,0,0,0,0,0,0,0.0,0.0,0.0,0,3,3,3,3,3,3,6891,7417,7.5,0,0,0,3,1,persistence_attack,PERSISTENCE
PERSISTENCE_ATTACK-0047,WIN-ARGUS-047,0,8,2,2,4,0,0,2.0,0,0,0,0,0,0,0.0,0.0,0.0,0,3,3,3,3,3,2,9185,6730,7.0,0,0,0,3,1,persistence_attack,PERSISTENCE
PERSISTENCE_ATTACK-0047,WIN-ARGUS-047,1,6,2,2,4,0,0,2.0,0,0,0,0,0,0,0.0,0.0,0.0,0,3,3,3,1,1,1,2983,3708,0.0,0,0,0,3,1,persistence_attack,PERSISTENCE
PERSISTENCE_ATTACK-0047,WIN-ARGUS-047,2,6,2,2,4,0,0,2.0,0,0,0,0,0,0,0.0,0.0,0.0,0,3,3,3,1,1,1,1270,151,0.0,0,0,0,3,1,persistence_attack,PERSISTENCE
PERSISTENCE_ATTACK-0047,WIN-ARGUS-047,3,7,2,2,4,0,0,2.0,0,0,0,0,0,0,0.0,0.0,0.0,0,3,3,3,2,2,2,3439,4973,4.0,0,0,0,3,1,persistence_attack,PERSISTENCE
PERSISTENCE_ATTACK-0047,WIN-ARGUS-047,4,5,2,2,2,0,0,2.0,0,0,0,0,0,0,0.0,0.0,0.0,0,1,1,1,2,2,2,3328,3987,14.0,0,0,0,3,1,persistence_attack,PERSISTENCE
PERSISTENCE_ATTACK-0047,WIN-ARGUS-047,5,6,2,2,2,0,0,2.0,0,0,0,0,0,0,0.0,0.0,0.0,0,1,1,1,3,3,2,4884,10135,7.0,0,0,0,3,1,persistence_attack,PERSISTENCE
PERSISTENCE_ATTACK-0048,WIN-ARGUS-048,0,7,2,2,4,0,0,2.0,0,0,0,0,0,0,0.0,0.0,0.0,0,3,3,3,2,1,1,6715,2716,13.0,0,0,0,3,1,persistence_attack,PERSISTENCE
PERSISTENCE_ATTACK-0048,WIN-ARGUS-048,1,5,2,2,2,0,0,2.0,0,0,0,0,0,0,0.0,0.0,0.0,0,1,1,1,2,2,2,5051,1477,6.0,0,0,0,3,1,persistence_attack,PERSISTENCE
PERSISTENCE_ATTACK-0048,WIN-ARGUS-048,2,6,2,2,3,0,0,2.0,0,0,0,0,0,0,0.0,0.0,0.0,0,2,2,2,2,1,1,5838,6934,9.0,0,0,0,3,1,persistence_attack,PERSISTENCE
PERSISTENCE_ATTACK-0048,WIN-ARGUS-048,3,6,2,2,2,0,0,2.0,0,0,0,0,0,0,0.0,0.0,0.0,0,1,1,1,3,2,2,5934,3872,8.0,0,0,0,3,1,persistence_attack,PERSISTENCE
PERSISTENCE_ATTACK-0048,WIN-ARGUS-048,4,8,2,2,4,0,0,2.0,0,0,0,0,0,0,0.0,0.0,0.0,0,3,3,3,3,2,2,6330,10622,3.0,0,0,0,3,1,persistence_attack,PERSISTENCE
PERSISTENCE_ATTACK-0048,WIN-ARGUS-048,5,6,2,2,2,0,0,2.0,0,0,0,0,0,0,0.0,0.0,0.0,0,1,1,1,3,1,2,9205,7321,4.5,0,0,0,3,1,persistence_attack,PERSISTENCE
PERSISTENCE_ATTACK-0049,WIN-ARGUS-049,0,5,2,2,3,0,0,2.0,0,0,0,0,0,0,0.0,0.0,0.0,0,2,2,2,1,1,1,1360,107,0.0,0,0,0,3,1,persistence_attack,PERSISTENCE
PERSISTENCE_ATTACK-0049,WIN-ARGUS-049,1,6,2,2,3,0,0,2.0,0,0,0,0,0,0,0.0,0.0,0.0,0,2,2,2,2,2,1,6387,6937,2.0,0,0,0,3,1,persistence_attack,PERSISTENCE
PERSISTENCE_ATTACK-0049,WIN-ARGUS-049,2,7,2,2,4,0,0,2.0,0,0,0,0,0,0,0.0,0.0,0.0,0,3,3,3,2,2,2,3691,3972,0.0,0,0,0,3,1,persistence_attack,PERSISTENCE
PERSISTENCE_ATTACK-0049,WIN-ARGUS-049,3,6,2,2,4,0,0,2.0,0,0,0,0,0,0,0.0,0.0,0.0,0,3,3,3,1,1,1,3054,1023,0.0,0,0,0,3,1,persistence_attack,PERSISTENCE
PERSISTENCE_ATTACK-0049,WIN-ARGUS-049,4,7,2,2,4,0,0,2.0,0,0,0,0,0,0,0.0,0.0,0.0,0,3,3,3,2,2,1,3361,2722,4.0,0,0,0,3,1,persistence_attack,PERSISTENCE
PERSISTENCE_ATTACK-0049,WIN-ARGUS-049,5,7,2,2,3,0,0,2.0,0,0,0,0,0,0,0.0,0.0,0.0,0,2,2,2,3,2,2,8952,8630,2.0,0,0,0,3,1,persistence_attack,PERSISTENCE
PERSISTENCE_ATTACK-0050,WIN-ARGUS-050,0,7,2,2,3,0,0,2.0,0,0,0,0,0,0,0.0,0.0,0.0,0,2,2,2,3,2,3,12584,8173,7.5,0,0,0,3,1,persistence_attack,PERSISTENCE
PERSISTENCE_ATTACK-0050,WIN-ARGUS-050,1,6,2,2,3,0,0,2.0,0,0,0,0,0,0,0.0,0.0,0.0,0,2,2,2,2,1,2,4902,7650,1.0,0,0,0,3,1,persistence_attack,PERSISTENCE
PERSISTENCE_ATTACK-0050,WIN-ARGUS-050,2,5,2,2,2,0,0,2.0,0,0,0,0,0,0,0.0,0.0,0.0,0,1,1,1,2,2,2,5692,2691,2.0,0,0,0,3,1,persistence_attack,PERSISTENCE
PERSISTENCE_ATTACK-0050,WIN-ARGUS-050,3,8,2,2,4,0,0,2.0,0,0,0,0,0,0,0.0,0.0,0.0,0,3,3,3,3,2,3,6334,9751,6.0,0,0,0,3,1,persistence_attack,PERSISTENCE
PERSISTENCE_ATTACK-0050,WIN-ARGUS-050,4,4,2,2,2,0,0,2.0,0,0,0,0,0,0,0.0,0.0,0.0,0,1,1,1,1,1,1,3260,990,0.0,0,0,0,3,1,persistence_attack,PERSISTENCE
PERSISTENCE_ATTACK-0050,WIN-ARGUS-050,5,6,2,2,4,0,0,2.0,0,0,0,0,0,0,0.0,0.0,0.0,0,3,3,3,1,1,1,3100,4495,0.0,0,0,0,3,1,persistence_attack,PERSISTENCE
PERSISTENCE_ATTACK-0051,WIN-ARGUS-051,0,5,2,2,3,0,0,2.0,0,0,0,0,0,0,0.0,0.0,0.0,0,2,2,2,1,1,1,4326,1548,0.0,0,0,0,3,1,persistence_attack,PERSISTENCE
PERSISTENCE_ATTACK-0051,WIN-ARGUS-051,1,4,2,2,2,0,0,2.0,0,0,0,0,0,0,0.0,0.0,0.0,0,1,1,1,1,1,1,2717,854,0.0,0,0,0,3,1,persistence_attack,PERSISTENCE
PERSISTENCE_ATTACK-0051,WIN-ARGUS-051,2,8,2,2,4,0,0,2.0,0,0,0,0,0,0,0.0,0.0,0.0,0,3,3,3,3,1,2,6404,10058,9.0,0,0,0,3,1,persistence_attack,PERSISTENCE
PERSISTENCE_ATTACK-0051,WIN-ARGUS-051,3,6,2,2,4,0,0,2.0,0,0,0,0,0,0,0.0,0.0,0.0,0,3,3,3,1,1,1,3373,4649,0.0,0,0,0,3,1,persistence_attack,PERSISTENCE
PERSISTENCE_ATTACK-0051,WIN-ARGUS-051,4,7,2,2,3,0,0,2.0,0,0,0,0,0,0,0.0,0.0,0.0,0,2,2,2,3,2,2,6861,9802,2.5,0,0,0,3,1,persistence_attack,PERSISTENCE
PERSISTENCE_ATTACK-0051,WIN-ARGUS-051,5,7,2,2,4,0,0,2.0,0,0,0,0,0,0,0.0,0.0,0.0,0,3,3,3,2,2,1,6219,1013,2.0,0,0,0,3,1,persistence_attack,PERSISTENCE
PERSISTENCE_ATTACK-0052,WIN-ARGUS-052,0,4,2,2,2,0,0,2.0,0,0,0,0,0,0,0.0,0.0,0.0,0,1,1,1,1,1,1,2922,2901,0.0,0,0,0,3,1,persistence_attack,PERSISTENCE
PERSISTENCE_ATTACK-0052,WIN-ARGUS-052,1,4,2,2,2,0,0,2.0,0,0,0,0,0,0,0.0,0.0,0.0,0,1,1,1,1,1,1,4895,3518,0.0,0,0,0,3,1,persistence_attack,PERSISTENCE
PERSISTENCE_ATTACK-0052,WIN-ARGUS-052,2,6,2,2,3,0,0,2.0,0,0,0,0,0,0,0.0,0.0,0.0,0,2,2,2,2,2,2,5750,5387,10.0,0,0,0,3,1,persistence_attack,PERSISTENCE
PERSISTENCE_ATTACK-0052,WIN-ARGUS-052,3,5,2,2,3,0,0,2.0,0,0,0,0,0,0,0.0,0.0,0.0,0,2,2,2,1,1,1,1418,429,0.0,0,0,0,3,1,persistence_attack,PERSISTENCE
PERSISTENCE_ATTACK-0052,WIN-ARGUS-052,4,6,2,2,4,0,0,2.0,0,0,0,0,0,0,0.0,0.0,0.0,0,3,3,3,1,1,1,872,4139,0.0,0,0,0,3,1,persistence_attack,PERSISTENCE
PERSISTENCE_ATTACK-0052,WIN-ARGUS-052,5,6,2,2,3,0,0,2.0,0,0,0,0,0,0,0.0,0.0,0.0,0,2,2,2,2,2,1,2987,4188,2.0,0,0,0,3,1,persistence_attack,PERSISTENCE
PERSISTENCE_ATTACK-0053,WIN-ARGUS-053,0,6,2,2,2,0,0,2.0,0,0,0,0,0,0,0.0,0.0,0.0,0,1,1,1,3,2,2,6967,8362,3.0,0,0,0,3,1,persistence_attack,PERSISTENCE
PERSISTENCE_ATTACK-0053,WIN-ARGUS-053,1,8,2,2,4,0,0,2.0,0,0,0,0,0,0,0.0,0.0,0.0,0,3,3,3,3,1,2,6866,9893,4.0,0,0,0,3,1,persistence_attack,PERSISTENCE
PERSISTENCE_ATTACK-0053,WIN-ARGUS-053,2,8,2,2,4,0,0,2.0,0,0,0,0,0,0,0.0,0.0,0.0,0,3,3,3,3,2,2,9575,11216,7.5,0,0,0,3,1,persistence_attack,PERSISTENCE
PERSISTENCE_ATTACK-0053,WIN-ARGUS-053,3,7,2,2,3,0,0,2.0,0,0,0,0,0,0,0.0,0.0,0.0,0,2,2,2,3,1,2,6847,7795,6.5,0,0,0,3,1,persistence_attack,PERSISTENCE
PERSISTENCE_ATTACK-0053,WIN-ARGUS-053,4,7,2,2,4,0,0,2.0,0,0,0,0,0,0,0.0,0.0,0.0,0,3,3,3,2,1,2,4521,8251,10.0,0,0,0,3,1,persistence_attack,PERSISTENCE
PERSISTENCE_ATTACK-0053,WIN-ARGUS-053,5,6,2,2,3,0,0,2.0,0,0,0,0,0,0,0.0,0.0,0.0,0,2,2,2,2,2,2,8216,7422,6.0,0,0,0,3,1,persistence_attack,PERSISTENCE
PERSISTENCE_ATTACK-0054,WIN-ARGUS-054,0,6,2,2,4,0,0,2.0,0,0,0,0,0,0,0.0,0.0,0.0,0,3,3,3,1,1,1,3560,4498,0.0,0,0,0,3,1,persistence_attack,PERSISTENCE
PERSISTENCE_ATTACK-0054,WIN-ARGUS-054,1,7,2,2,3,0,0,2.0,0,0,0,0,0,0,0.0,0.0,0.0,0,2,2,2,3,2,2,9061,9062,3.5,0,0,0,3,1,persistence_attack,PERSISTENCE
PERSISTENCE_ATTACK-0054,WIN-ARGUS-054,2,5,2,2,2,0,0,2.0,0,0,0,0,0,0,0.0,0.0,0.0,0,1,1,1,2,2,1,8999,2765,3.0,0,0,0,3,1,persistence_attack,PERSISTENCE
PERSISTENCE_ATTACK-0054,WIN-ARGUS-054,3,6,2,2,2,0,0,2.0,0,0,0,0,0,0,0.0,0.0,0.0,0,1,1,1,3,2,3,11364,3904,4.5,0,0,0,3,1,persistence_attack,PERSISTENCE
PERSISTENCE_ATTACK-0054,WIN-ARGUS-054,4,7,2,2,4,0,0,2.0,0,0,0,0,0,0,0.0,0.0,0.0,0,3,3,3,2,1,2,5719,6591,0.0,0,0,0,3,1,persistence_attack,PERSISTENCE
PERSISTENCE_ATTACK-0054,WIN-ARGUS-054,5,4,2,2,2,0,0,2.0,0,0,0,0,0,0,0.0,0.0,0.0,0,1,1,1,1,1,1,2953,3546,0.0,0,0,0,3,1,persistence_attack,PERSISTENCE
PERSISTENCE_ATTACK-0055,WIN-ARGUS-055,0,6,2,2,3,0,0,2.0,0,0,0,0,0,0,0.0,0.0,0.0,0,2,2,2,2,2,1,8735,4789,8.0,0,0,0,3,1,persistence_attack,PERSISTENCE
PERSISTENCE_ATTACK-0055,WIN-ARGUS-055,1,5,2,2,2,0,0,2.0,0,0,0,0,0,0,0.0,0.0,0.0,0,1,1,1,2,1,2,7625,7250,5.0,0,0,0,3,1,persistence_attack,PERSISTENCE
PERSISTENCE_ATTACK-0055,WIN-ARGUS-055,2,6,2,2,2,0,0,2.0,0,0,0,0,0,0,0.0,0.0,0.0,0,1,1,1,3,3,2,5725,6128,5.5,0,0,0,3,1,persistence_attack,PERSISTENCE
PERSISTENCE_ATTACK-0055,WIN-ARGUS-055,3,6,2,2,3,0,0,2.0,0,0,0,0,0,0,0.0,0.0,0.0,0,2,2,2,2,2,2,5394,2760,9.0,0,0,0,3,1,persistence_attack,PERSISTENCE
PERSISTENCE_ATTACK-0055,WIN-ARGUS-055,4,5,2,2,2,0,0,2.0,0,0,0,0,0,0,0.0,0.0,0.0,0,1,1,1,2,2,2,4804,5383,7.0,0,0,0,3,1,persistence_attack,PERSISTENCE
PERSISTENCE_ATTACK-0055,WIN-ARGUS-055,5,4,2,2,2,0,0,2.0,0,0,0,0,0,0,0.0,0.0,0.0,0,1,1,1,1,1,1,2762,2265,0.0,0,0,0,3,1,persistence_attack,PERSISTENCE
PERSISTENCE_ATTACK-0056,WIN-ARGUS-056,0,6,2,2,4,0,0,2.0,0,0,0,0,0,0,0.0,0.0,0.0,0,3,3,3,1,1,1,1392,4965,0.0,0,0,0,3,1,persistence_attack,PERSISTENCE
PERSISTENCE_ATTACK-0056,WIN-ARGUS-056,1,7,2,2,4,0,0,2.0,0,0,0,0,0,0,0.0,0.0,0.0,0,3,3,3,2,2,2,8099,1305,4.0,0,0,0,3,1,persistence_attack,PERSISTENCE
PERSISTENCE_ATTACK-0056,WIN-ARGUS-056,2,6,2,2,4,0,0,2.0,0,0,0,0,0,0,0.0,0.0,0.0,0,3,3,3,1,1,1,2417,1194,0.0,0,0,0,3,1,persistence_attack,PERSISTENCE
PERSISTENCE_ATTACK-0056,WIN-ARGUS-056,3,4,2,2,2,0,0,2.0,0,0,0,0,0,0,0.0,0.0,0.0,0,1,1,1,1,1,1,3797,581,0.0,0,0,0,3,1,persistence_attack,PERSISTENCE
PERSISTENCE_ATTACK-0056,WIN-ARGUS-056,4,4,2,2,2,0,0,2.0,0,0,0,0,0,0,0.0,0.0,0.0,0,1,1,1,1,1,1,1973,740,0.0,0,0,0,3,1,persistence_attack,PERSISTENCE
PERSISTENCE_ATTACK-0056,WIN-ARGUS-056,5,4,2,2,2,0,0,2.0,0,0,0,0,0,0,0.0,0.0,0.0,0,1,1,1,1,1,1,1373,4360,0.0,0,0,0,3,1,persistence_attack,PERSISTENCE
PERSISTENCE_ATTACK-0057,WIN-ARGUS-057,0,6,2,2,3,0,0,2.0,0,0,0,0,0,0,0.0,0.0,0.0,0,2,2,2,2,2,2,3630,4252,5.0,0,0,0,3,1,persistence_attack,PERSISTENCE
PERSISTENCE_ATTACK-0057,WIN-ARGUS-057,1,6,2,2,3,0,0,2.0,0,0,0,0,0,0,0.0,0.0,0.0,0,2,2,2,2,1,2,1905,2247,4.0,0,0,0,3,1,persistence_attack,PERSISTENCE
PERSISTENCE_ATTACK-0057,WIN-ARGUS-057,2,7,2,2,3,0,0,2.0,0,0,0,0,0,0,0.0,0.0,0.0,0,2,2,2,3,2,2,3965,5267,8.0,0,0,0,3,1,persistence_attack,PERSISTENCE
PERSISTENCE_ATTACK-0057,WIN-ARGUS-057,3,8,2,2,4,0,0,2.0,0,0,0,0,0,0,0.0,0.0,0.0,0,3,3,3,3,2,2,6281,5507,3.5,0,0,0,3,1,persistence_attack,PERSISTENCE
PERSISTENCE_ATTACK-0057,WIN-ARGUS-057,4,6,2,2,2,0,0,2.0,0,0,0,0,0,0,0.0,0.0,0.0,0,1,1,1,3,2,2,9398,11255,7.5,0,0,0,3,1,persistence_attack,PERSISTENCE
PERSISTENCE_ATTACK-0057,WIN-ARGUS-057,5,6,2,2,4,0,0,2.0,0,0,0,0,0,0,0.0,0.0,0.0,0,3,3,3,1,1,1,1550,4984,0.0,0,0,0,3,1,persistence_attack,PERSISTENCE
PERSISTENCE_ATTACK-0058,WIN-ARGUS-058,0,5,2,2,2,0,0,2.0,0,0,0,0,0,0,0.0,0.0,0.0,0,1,1,1,2,2,2,3080,5745,2.0,0,0,0,3,1,persistence_attack,PERSISTENCE
PERSISTENCE_ATTACK-0058,WIN-ARGUS-058,1,6,2,2,4,0,0,2.0,0,0,0,0,0,0,0.0,0.0,0.0,0,3,3,3,1,1,1,3226,3306,0.0,0,0,0,3,1,persistence_attack,PERSISTENCE
PERSISTENCE_ATTACK-0058,WIN-ARGUS-058,2,7,2,2,4,0,0,2.0,0,0,0,0,0,0,0.0,0.0,0.0,0,3,3,3,2,2,2,7614,4428,8.0,0,0,0,3,1,persistence_attack,PERSISTENCE
PERSISTENCE_ATTACK-0058,WIN-ARGUS-058,3,8,2,2,4,0,0,2.0,0,0,0,0,0,0,0.0,0.0,0.0,0,3,3,3,3,2,2,4198,8320,4.5,0,0,0,3,1,persistence_attack,PERSISTENCE
PERSISTENCE_ATTACK-0058,WIN-ARGUS-058,4,7,2,2,4,0,0,2.0,0,0,0,0,0,0,0.0,0.0,0.0,0,3,3,3,2,2,2,7710,3985,15.0,0,0,0,3,1,persistence_attack,PERSISTENCE
PERSISTENCE_ATTACK-0058,WIN-ARGUS-058,5,6,2,2,2,0,0,2.0,0,0,0,0,0,0,0.0,0.0,0.0,0,1,1,1,3,2,2,5908,13620,5.0,0,0,0,3,1,persistence_attack,PERSISTENCE
PERSISTENCE_ATTACK-0059,WIN-ARGUS-059,0,5,2,2,3,0,0,2.0,0,0,0,0,0,0,0.0,0.0,0.0,0,2,2,2,1,1,1,3856,4096,0.0,0,0,0,3,1,persistence_attack,PERSISTENCE
PERSISTENCE_ATTACK-0059,WIN-ARGUS-059,1,7,2,2,4,0,0,2.0,0,0,0,0,0,0,0.0,0.0,0.0,0,3,3,3,2,2,2,2489,9287,1.0,0,0,0,3,1,persistence_attack,PERSISTENCE
PERSISTENCE_ATTACK-0059,WIN-ARGUS-059,2,7,2,2,3,0,0,2.0,0,0,0,0,0,0,0.0,0.0,0.0,0,2,2,2,3,3,3,7949,6572,5.0,0,0,0,3,1,persistence_attack,PERSISTENCE
PERSISTENCE_ATTACK-0059,WIN-ARGUS-059,3,4,2,2,2,0,0,2.0,0,0,0,0,0,0,0.0,0.0,0.0,0,1,1,1,1,1,1,4719,1847,0.0,0,0,0,3,1,persistence_attack,PERSISTENCE
PERSISTENCE_ATTACK-0059,WIN-ARGUS-059,4,8,2,2,4,0,0,2.0,0,0,0,0,0,0,0.0,0.0,0.0,0,3,3,3,3,3,2,4123,10800,2.0,0,0,0,3,1,persistence_attack,PERSISTENCE
PERSISTENCE_ATTACK-0059,WIN-ARGUS-059,5,7,2,2,3,0,0,2.0,0,0,0,0,0,0,0.0,0.0,0.0,0,2,2,2,3,2,2,3508,5198,4.5,0,0,0,3,1,persistence_attack,PERSISTENCE
PERSISTENCE_ATTACK-0060,WIN-ARGUS-060,0,8,2,2,4,0,0,2.0,0,0,0,0,0,0,0.0,0.0,0.0,0,3,3,3,3,1,2,5863,4491,7.5,0,0,0,3,1,persistence_attack,PERSISTENCE
PERSISTENCE_ATTACK-0060,WIN-ARGUS-060,1,5,2,2,2,0,0,2.0,0,0,0,0,0,0,0.0,0.0,0.0,0,1,1,1,2,2,2,6492,5186,3.0,0,0,0,3,1,persistence_attack,PERSISTENCE
PERSISTENCE_ATTACK-0060,WIN-ARGUS-060,2,6,2,2,3,0,0,2.0,0,0,0,0,0,0,0.0,0.0,0.0,0,2,2,2,2,2,2,4119,5555,1.0,0,0,0,3,1,persistence_attack,PERSISTENCE
PERSISTENCE_ATTACK-0060,WIN-ARGUS-060,3,6,2,2,2,0,0,2.0,0,0,0,0,0,0,0.0,0.0,0.0,0,1,1,1,3,2,2,11415,2935,9.0,0,0,0,3,1,persistence_attack,PERSISTENCE
PERSISTENCE_ATTACK-0060,WIN-ARGUS-060,4,7,2,2,4,0,0,2.0,0,0,0,0,0,0,0.0,0.0,0.0,0,3,3,3,2,2,1,4072,5283,6.0,0,0,0,3,1,persistence_attack,PERSISTENCE
PERSISTENCE_ATTACK-0060,WIN-ARGUS-060,5,8,2,2,4,0,0,2.0,0,0,0,0,0,0,0.0,0.0,0.0,0,3,3,3,3,2,1,7270,6108,7.5,0,0,0,3,1,persistence_attack,PERSISTENCE
POWERSHELL_ATTACK-0001,WIN-ARGUS-001,0,11,3,3,5,1,1,4.0,4,0,0,0,0,4,0.0,4.60075,0.073,0,0,0,0,4,3,3,10414,8229,2.6666666666666665,0,0,0,3,1,powershell_attack,EXECUTION
POWERSHELL_ATTACK-0001,WIN-ARGUS-001,1,11,3,3,6,1,1,4.0,3,0,0,0,0,3,0.0,4.241666666666666,0.13133333333333333,0,0,0,0,5,3,3,8337,11568,3.0,0,0,0,3,1,powershell_attack,EXECUTION
POWERSHELL_ATTACK-0001,WIN-ARGUS-001,2,10,3,3,4,1,1,4.0,4,0,0,0,0,4,0.0,4.9175,0.08700000000000001,0,0,0,0,3,2,2,5133,4825,3.0,0,0,0,3,1,powershell_attack,EXECUTION
POWERSHELL_ATTACK-0001,WIN-ARGUS-001,3,11,3,3,4,1,1,4.0,5,0,0,0,0,5,0.0,5.1764,0.0834,0,0,0,0,3,1,2,6880,6975,3.0,0,0,0,3,1,powershell_attack,EXECUTION
POWERSHELL_ATTACK-0001,WIN-ARGUS-001,4,10,3,3,5,1,1,4.0,3,0,0,0,0,3,0.0,4.688,0.09766666666666667,0,0,0,0,4,3,2,7468,13897,1.0,0,0,0,3,1,powershell_attack,EXECUTION
POWERSHELL_ATTACK-0001,WIN-ARGUS-001,5,8,3,3,4,1,1,4.0,2,0,0,0,0,2,0.0,4.5865,0.132,0,0,0,0,3,2,2,5638,12810,1.5,0,0,0,3,1,powershell_attack,EXECUTION
POWERSHELL_ATTACK-0002,WIN-ARGUS-002,0,11,3,3,4,1,1,4.0,5,0,0,0,0,5,0.0,5.135,0.0726,0,0,0,0,3,2,2,9671,11098,13.0,0,0,0,3,1,powershell_attack,EXECUTION
POWERSHELL_ATTACK-0002,WIN-ARGUS-002,1,13,3,3,6,1,1,4.0,5,0,0,0,0,5,0.0,4.623399999999999,0.0792,0,0,0,0,5,3,3,14040,12619,4.333333333333333,0,0,0,3,1,powershell_attack,EXECUTION
POWERSHELL_ATTACK-0002,WIN-ARGUS-002,2,12,3,3,6,1,1,4.0,4,0,0,0,0,4,0.0,5.27675,0.0765,0,0,0,0,5,3,3,14116,11834,3.0,0,0,0,3,1,powershell_attack,EXECUTION
POWERSHELL_ATTACK-0002,WIN-ARGUS-002,3,10,3,3,6,1,1,4.0,2,0,0,0,0,2,0.0,5.282,0.0605,0,0,0,0,5,3,2,9622,10452,2.5,0,0,0,3,1,powershell_attack,EXECUTION
POWERSHELL_ATTACK-0002,WIN-ARGUS-002,4,11,3,3,6,1,1,4.0,3,0,0,0,0,3,0.0,5.541999999999999,0.07966666666666666,0,0,0,0,5,3,3,16740,12013,10.0,0,0,0,3,1,powershell_attack,EXECUTION
POWERSHELL_ATTACK-0002,WIN-ARGUS-002,5,8,3,3,3,1,1,4.0,3,0,0,0,0,3,0.0,5.420000000000001,0.06833333333333333,0,0,0,0,2,2,2,7356,6054,3.0,0,0,0,3,1,powershell_attack,EXECUTION
POWERSHELL_ATTACK-0003,WIN-ARGUS-003,0,11,3,3,6,1,1,4.0,3,0,0,0,0,3,0.0,4.774,0.07733333333333334,0,0,0,0,5,3,2,10423,16089,5.0,0,0,0,3,1,powershell_attack,EXECUTION
POWERSHELL_ATTACK-0003,WIN-ARGUS-003,1,10,3,3,5,1,1,4.0,3,0,0,0,0,3,0.0,5.250666666666667,0.12233333333333334,0,0,0,0,4,3,3,14104,11148,5.0,0,0,0,3,1,powershell_attack,EXECUTION
POWERSHELL_ATTACK-0003,WIN-ARGUS-003,2,12,3,3,6,1,1,4.0,4,0,0,0,0,4,0.0,5.16775,0.055,0,0,0,0,5,3,3,18519,15231,5.666666666666667,0,0,0,3,1,powershell_attack,EXECUTION
POWERSHELL_ATTACK-0003,WIN-ARGUS-003,3,11,3,3,4,1,1,4.0,5,0,0,0,0,5,0.0,4.6828,0.0648,0,0,0,0,3,2,2,8700,11991,7.0,0,0,0,3,1,powershell_attack,EXECUTION
POWERSHELL_ATTACK-0003,WIN-ARGUS-003,4,12,3,3,6,1,1,4.0,4,0,0,0,0,4,0.0,4.83575,0.091,0,0,0,0,5,3,3,15775,14430,1.6666666666666667,0,0,0,3,1,powershell_attack,EXECUTION
POWERSHELL_ATTACK-0003,WIN-ARGUS-003,5,9,3,3,5,1,1,4.0,2,0,0,0,0,2,0.0,5.1295,0.134,0,0,0,0,4,3,3,9684,10812,5.0,0,0,0,3,1,powershell_attack,EXECUTION
POWERSHELL_ATTACK-0004,WIN-ARGUS-004,0,7,3,3,3,1,1,4.0,2,0,0,0,0,2,0.0,3.8615,0.065,0,0,0,0,2,1,2,7851,5105,6.0,0,0,0,3,1,powershell_attack,EXECUTION
POWERSHELL_ATTACK-0004,WIN-ARGUS-004,1,11,3,3,4,1,1,4.0,5,0,0,0,0,5,0.0,4.5573999999999995,0.089,0,0,0,0,3,3,2,5624,3167,4.5,0,0,0,3,1,powershell_attack,EXECUTION
POWERSHELL_ATTACK-0004,WIN-ARGUS-004,2,12,3,3,6,1,1,4.0,4,0,0,0,0,4,0.0,5.1675,0.0625,0,0,0,0,5,3,3,14889,10657,2.0,0,0,0,3,1,powershell_attack,EXECUTION
POWERSHELL_ATTACK-0004,WIN-ARGUS-004,3,9,3,3,4,1,1,4.0,3,0,0,0,0,3,0.0,5.186,0.066,0,0,0,0,3,3,3,6349,10375,7.0,0,0,0,3,1,powershell_attack,EXECUTION
POWERSHELL_ATTACK-0004,WIN-ARGUS-004,4,11,3,3,5,1,1,4.0,4,0,0,0,0,4,0.0,4.26025,0.0755,0,0,0,0,4,3,3,10713,13422,4.666666666666667,0,0,0,3,1,powershell_attack,EXECUTION
POWERSHELL_ATTACK-0004,WIN-ARGUS-004,5,13,3,3,6,1,1,4.0,5,0,0,0,0,5,0.0,5.3142000000000005,0.0934,0,0,0,0,5,2,2,8840,16696,3.25,0,0,0,3,1,powershell_attack,EXECUTION
POWERSHELL_ATTACK-0005,WIN-ARGUS-005,0,11,3,3,5,1,1,4.0,4,0,0,0,0,4,0.0,4.97,0.06425,0,0,0,0,4,2,3,6394,7317,6.0,0,0,0,3,1,powershell_attack,EXECUTION
POWERSHELL_ATTACK-0005,WIN-ARGUS-005,1,8,3,3,4,1,1,4.0,2,0,0,0,0,2,0.0,4.2895,0.0805,0,0,0,0,3,2,2,6293,7105,1.0,0,0,0,3,1,powershell_attack,EXECUTION
POWERSHELL_ATTACK-0005,WIN-ARGUS-005,2,10,3,3,3,1,1,4.0,5,0,0,0,0,5,0.0,5.000400000000001,0.0688,0,0,0,0,2,2,2,8118,6515,15.0,0,0,0,3,1,powershell_attack,EXECUTION
POWERSHELL_ATTACK-0005,WIN-ARGUS-005,3,10,3,3,3,1,1,4.0,5,0,0,0,0,5,0.0,5.5206,0.11000000000000001,0,0,0,0,2,1,1,1857,7850,5.0,0,0,0,3,1,powershell_attack,EXECUTION
POWERSHELL_ATTACK-0005,WIN-ARGUS-005,4,11,3,3,6,1,1,4.0,3,0,0,0,0,3,0.0,4.128,0.06566666666666666,0,0,0,0,5,2,3,7124,12707,4.5,0,0,0,3,1,powershell_attack,EXECUTION
POWERSHELL_ATTACK-0005,WIN-ARGUS-005,5,11,3,3,5,1,1,4.0,4,0,0,0,0,4,0.0,5.34975,0.0955,0,0,0,0,4,3,2,8196,11016,5.333333333333333,0,0,0,3,1,powershell_attack,EXECUTION
POWERSHELL_ATTACK-0006,WIN-ARGUS-006,0,10,3,3,3,1,1,4.0,5,0,0,0,0,5,0.0,5.3466000000000005,0.0786,0,0,0,0,2,2,2,8376,5271,3.0,0,0,0,3,1,powershell_attack,EXECUTION
POWERSHELL_ATTACK-0006,WIN-ARGUS-006,1,8,3,3,3,1,1,4.0,3,0,0,0,0,3,0.0,5.261,0.08,0,0,0,0,2,2,2,3281,4213,6.0,0,0,0,3,1,powershell_attack,EXECUTION
POWERSHELL_ATTACK-0006,WIN-ARGUS-006,2,10,3,3,5,1,1,4.0,3,0,0,0,0,3,0.0,4.403666666666667,0.08266666666666667,0,0,0,0,4,2,2,8882,9568,4.333333333333333,0,0,0,3,1,powershell_attack,EXECUTION
POWERSHELL_ATTACK-0006,WIN-ARGUS-006,3,10,3,3,4,1,1,4.0,4,0,0,0,0,4,0.0,5.24875,0.05700000000000001,0,0,0,0,3,2,3,4750,8139,6.5,0,0,0,3,1,powershell_attack,EXECUTION
POWERSHELL_ATTACK-0006,WIN-ARGUS-006,4,7,3,3,3,1,1,4.0,2,0,0,0,0,2,0.0,4.3875,0.0585,0,0,0,0,2,2,2,8168,4521,1.0,0,0,0,3,1,powershell_attack,EXECUTION
POWERSHELL_ATTACK-0006,WIN-ARGUS-006,5,10,3,3,4,1,1,4.0,4,0,0,0,0,4,0.0,5.0915,0.07825,0,0,0,0,3,2,3,6757,5704,5.0,0,0,0,3,1,powershell_attack,EXECUTION
POWERSHELL_ATTACK-0007,WIN-ARGUS-007,0,10,3,3,4,1,1,4.0,4,0,0,0,0,4,0.0,5.402,0.08374999999999999,0,0,0,0,3,3,2,9721,7143,8.0,0,0,0,3,1,powershell_attack,EXECUTION
POWERSHELL_ATTACK-0007,WIN-ARGUS-007,1,12,3,3,5,1,1,4.0,5,0,0,0,0,5,0.0,4.7787999999999995,0.0898,0,0,0,0,4,3,2,6882,12822,4.666666666666667,0,0,0,3,1,powershell_attack,EXECUTION
POWERSHELL_ATTACK-0007,WIN-ARGUS-007,2,8,3,3,3,1,1,4.0,3,0,0,0,0,3,0.0,5.691,0.13066666666666668,0,0,0,0,2,2,2,5261,4871,8.0,0,0,0,3,1,powershell_attack,EXECUTION
POWERSHELL_ATTACK-0007,WIN-ARGUS-007,3,12,3,3,6,1,1,4.0,4,0,0,0,0,4,0.0,5.1555,0.08275,0,0,0,0,5,3,2,11665,14845,2.6666666666666665,0,0,0,3,1,powershell_attack,EXECUTION
POWERSHELL_ATTACK-0007,WIN-ARGUS-007,4,12,3,3,5,1,1,4.0,5,0,0,0,0,5,0.0,4.563599999999999,0.0636,0,0,0,0,4,3,2,10259,4989,1.5,0,0,0,3,1,powershell_attack,EXECUTION
POWERSHELL_ATTACK-0007,WIN-ARGUS-007,5,8,3,3,3,1,1,4.0,3,0,0,0,0,3,0.0,5.254333333333333,0.09566666666666668,0,0,0,0,2,2,2,9916,4148,2.0,0,0,0,3,1,powershell_attack,EXECUTION
POWERSHELL_ATTACK-0008,WIN-ARGUS-008,0,11,3,3,5,1,1,4.0,4,0,0,0,0,4,0.0,4.20975,0.0665,0,0,0,0,4,3,2,9894,9683,6.0,0,0,0,3,1,powershell_attack,EXECUTION
POWERSHELL_ATTACK-0008,WIN-ARGUS-008,1,8,3,3,4,1,1,4.0,2,0,0,0,0,2,0.0,5.0865,0.0795,0,0,0,0,3,3,2,8519,7428,6.0,0,0,0,3,1,powershell_attack,EXECUTION
POWERSHELL_ATTACK-0008,WIN-ARGUS-008,2,10,3,3,3,1,1,4.0,5,0,0,0,0,5,0.0,4.377599999999999,0.0696,0,0,0,0,2,2,2,2074,7026,0.0,0,0,0,3,1,powershell_attack,EXECUTION
POWERSHELL_ATTACK-0008,WIN-ARGUS-008,3,8,3,3,4,1,1,4.0,2,0,0,0,0,2,0.0,4.816,0.0515,0,0,0,0,3,1,2,9170,5697,5.0,0,0,0,3,1,powershell_attack,EXECUTION
POWERSHELL_ATTACK-0008,WIN-ARGUS-008,4,11,3,3,6,1,1,4.0,3,0,0,0,0,3,0.0,5.1113333333333335,0.083,0,0,0,0,5,2,3,10011,11118,3.6666666666666665,0,0,0,3,1,powershell_attack,EXECUTION
POWERSHELL_ATTACK-0008,WIN-ARGUS-008,5,9,3,3,4,1,1,4.0,3,0,0,0,0,3,0.0,5.302666666666667,0.04466666666666667,0,0,0,0,3,2,2,4954,11588,5.5,0,0,0,3,1,powershell_attack,EXECUTION
POWERSHELL_ATTACK-0009,WIN-ARGUS-009,0,10,3,3,3,1,1,4.0,5,0,0,0,0,5,0.0,4.8016,0.08180000000000001,0,0,0,0,2,1,1,4170,2893,2.0,0,0,0,3,1,powershell_attack,EXECUTION
POWERSHELL_ATTACK-0009,WIN-ARGUS-009,1,11,3,3,4,1,1,4.0,5,0,0,0,0,5,0.0,4.853,0.0824,0,0,0,0,3,2,2,9774,4476,3.5,0,0,0,3,1,powershell_attack,EXECUTION
POWERSHELL_ATTACK-0009,WIN-ARGUS-009,2,10,3,3,6,1,1,4.0,2,0,0,0,0,2,0.0,4.914,0.1005,0,0,0,0,5,3,2,10562,16469,3.25,0,0,0,3,1,powershell_attack,EXECUTION
POWERSHELL_ATTACK-0009,WIN-ARGUS-009,3,12,3,3,5,1,1,4.0,5,0,0,0,0,5,0.0,5.443,0.0988,0,0,0,0,4,3,2,8930,15869,9.0,0,0,0,3,1,powershell_attack,EXECUTION
POWERSHELL_ATTACK-0009,WIN-ARGUS-009,4,8,3,3,3,1,1,4.0,3,0,0,0,0,3,0.0,5.2556666666666665,0.06066666666666667,0,0,0,0,2,2,2,6845,6937,7.0,0,0,0,3,1,powershell_attack,EXECUTION
POWERSHELL_ATTACK-0009,WIN-ARGUS-009,5,7,3,3,3,1,1,4.0,2,0,0,0,0,2,0.0,4.6205,0.0965,0,0,0,0,2,2,1,5787,7134,4.0,0,0,0,3,1,powershell_attack,EXECUTION
POWERSHELL_ATTACK-0010,WIN-ARGUS-010,0,13,3,3,6,1,1,4.0,5,0,0,0,0,5,0.0,4.8264000000000005,0.1026,0,0,0,0,5,3,2,17270,9859,4.75,0,0,0,3,1,powershell_attack,EXECUTION
POWERSHELL_ATTACK-0010,WIN-ARGUS-010,1,8,3,3,3,1,1,4.0,3,0,0,0,0,3,0.0,4.791,0.084,0,0,0,0,2,1,2,4616,5681,2.0,0,0,0,3,1,powershell_attack,EXECUTION
POWERSHELL_ATTACK-0010,WIN-ARGUS-010,2,10,3,3,5,1,1,4.0,3,0,0,0,0,3,0.0,4.8133333333333335,0.05566666666666667,0,0,0,0,4,2,2,11468,12629,6.0,0,0,0,3,1,powershell_attack,EXECUTION
POWERSHELL_ATTACK-0010,WIN-ARGUS-010,3,11,3,3,6,1,1,4.0,3,0,0,0,0,3,0.0,5.221333333333334,0.042666666666666665,0,0,0,0,5,3,3,11229,12504,2.25,0,0,0,3,1,powershell_attack,EXECUTION
POWERSHELL_ATTACK-0010,WIN-ARGUS-010,4,10,3,3,6,1,1,4.0,2,0,0,0,0,2,0.0,5.443,0.12,0,0,0,0,5,2,3,10952,17377,4.0,0,0,0,3,1,powershell_attack,EXECUTION
POWERSHELL_ATTACK-0010,WIN-ARGUS-010,5,9,3,3,4,1,1,4.0,3,0,0,0,0,3,0.0,5.01,0.05333333333333334,0,0,0,0,3,3,2,6449,4146,2.5,0,0,0,3,1,powershell_attack,EXECUTION
POWERSHELL_ATTACK-0011,WIN-ARGUS-011,0,9,3,3,4,1,1,4.0,3,0,0,0,0,3,0.0,4.516,0.043666666666666666,0,0,0,0,3,2,2,11056,2231,6.0,0,0,0,3,1,powershell_attack,EXECUTION
POWERSHELL_ATTACK-0011,WIN-ARGUS-011,1,12,3,3,5,1,1,4.0,5,0,0,0,0,5,0.0,4.593,0.0692,0,0,0,0,4,3,3,5215,12364,1.6666666666666667,0,0,0,3,1,powershell_attack,EXECUTION
POWERSHELL_ATTACK-0011,WIN-ARGUS-011,2,10,3,3,4,1,1,4.0,4,0,0,0,0,4,0.0,4.4982500000000005,0.051000000000000004,0,0,0,0,3,2,2,6818,7277,3.5,0,0,0,3,1,powershell_attack,EXECUTION
POWERSHELL_ATTACK-0011,WIN-ARGUS-011,3,11,3,3,5,1,1,4.0,4,0,0,0,0,4,0.0,5.13,0.044,0,0,0,0,4,3,2,8741,7535,3.6666666666666665,0,0,0,3,1,powershell_attack,EXECUTION
POWERSHELL_ATTACK-0011,WIN-ARGUS-011,4,10,3,3,5,1,1,4.0,3,0,0,0,0,3,0.0,4.040666666666667,0.06333333333333334,0,0,0,0,4,2,3,9825,8552,3.0,0,0,0,3,1,powershell_attack,EXECUTION
POWERSHELL_ATTACK-0011,WIN-ARGUS-011,5,10,3,3,3,1,1,4.0,5,0,0,0,0,5,0.0,4.758,0.062,0,0,0,0,2,1,2,7651,5895,11.0,0,0,0,3,1,powershell_attack,EXECUTION
POWERSHELL_ATTACK-0012,WIN-ARGUS-012,0,11,3,3,4,1,1,4.0,5,0,0,0,0,5,0.0,4.2132,0.075,0,0,0,0,3,2,2,6299,12602,2.0,0,0,0,3,1,powershell_attack,EXECUTION
POWERSHELL_ATTACK-0012,WIN-ARGUS-012,1,10,3,3,4,1,1,4.0,4,0,0,0,0,4,0.0,4.49275,0.07475,0,0,0,0,3,2,2,8333,10389,8.5,0,0,0,3,1,powershell_attack,EXECUTION
POWERSHELL_ATTACK-0012,WIN-ARGUS-012,2,12,3,3,6,1,1,4.0,4,0,0,0,0,4,0.0,5.51725,0.05225,0,0,0,0,5,3,3,12097,12564,5.333333333333333,0,0,0,3,1,powershell_attack,EXECUTION
POWERSHELL_ATTACK-0012,WIN-ARGUS-012,3,9,3,3,5,1,1,4.0,2,0,0,0,0,2,0.0,4.8535,0.0655,0,0,0,0,4,2,3,9754,7720,6.5,0,0,0,3,1,powershell_attack,EXECUTION
POWERSHELL_ATTACK-0012,WIN-ARGUS-012,4,10,3,3,5,1,1,4.0,3,0,0,0,0,3,0.0,5.474666666666667,0.13566666666666669,0,0,0,0,4,3,2,13515,6781,5.0,0,0,0,3,1,powershell_attack,EXECUTION
POWERSHELL_ATTACK-0012,WIN-ARGUS-012,5,12,3,3,5,1,1,4.0,5,0,0,0,0,5,0.0,4.5974,0.08180000000000001,0,0,0,0,4,3,1,16719,5543,4.666666666666667,0,0,0,3,1,powershell_attack,EXECUTION
POWERSHELL_ATTACK-0013,WIN-ARGUS-013,0,9,3,3,5,1,1,4.0,2,0,0,0,0,2,0.0,5.2059999999999995,0.0605,0,0,0,0,4,3,3,10404,7521,4.666666666666667,0,0,0,3,1,powershell_attack,EXECUTION
POWERSHELL_ATTACK-0013,WIN-ARGUS-013,1,10,3,3,5,1,1,4.0,3,0,0,0,0,3,0.0,4.844,0.06566666666666666,0,0,0,0,4,3,3,11898,9718,6.0,0,0,0,3,1,powershell_attack,EXECUTION
POWERSHELL_ATTACK-0013,WIN-ARGUS-013,2,11,3,3,5,1,1,4.0,4,0,0,0,0,4,0.0,5.55125,0.07,0,0,0,0,4,3,3,13264,7230,4.333333333333333,0,0,0,3,1,powershell_attack,EXECUTION
POWERSHELL_ATTACK-0013,WIN-ARGUS-013,3,10,3,3,4,1,1,4.0,4,0,0,0,0,4,0.0,4.75475,0.071,0,0,0,0,3,2,2,7992,6350,4.5,0,0,0,3,1,powershell_attack,EXECUTION
POWERSHELL_ATTACK-0013,WIN-ARGUS-013,4,10,3,3,3,1,1,4.0,5,0,0,0,0,5,0.0,4.989,0.09340000000000001,0,0,0,0,2,2,2,4813,6012,6.0,0,0,0,3,1,powershell_attack,EXECUTION
POWERSHELL_ATTACK-0013,WIN-ARGUS-013,5,12,3,3,5,1,1,4.0,5,0,0,0,0,5,0.0,4.7276,0.09040000000000001,0,0,0,0,4,1,3,5550,8833,5.5,0,0,0,3,1,powershell_attack,EXECUTION
POWERSHELL_ATTACK-0014,WIN-ARGUS-014,0,9,3,3,3,1,1,4.0,4,0,0,0,0,4,0.0,4.6165,0.0775,0,0,0,0,2,1,2,5970,3931,12.0,0,0,0,3,1,powershell_attack,EXECUTION
POWERSHELL_ATTACK-0014,WIN-ARGUS-014,1,9,3,3,4,1,1,4.0,3,0,0,0,0,3,0.0,4.582999999999999,0.082,0,0,0,0,3,3,2,7645,6203,6.5,0,0,0,3,1,powershell_attack,EXECUTION
POWERSHELL_ATTACK-0014,WIN-ARGUS-014,2,12,3,3,6,1,1,4.0,4,0,0,0,0,4,0.0,5.5385,0.10250000000000001,0,0,0,0,5,3,3,11139,11781,3.75,0,0,0,3,1,powershell_attack,EXECUTION
POWERSHELL_ATTACK-0014,WIN-ARGUS-014,3,11,3,3,5,1,1,4.0,4,0,0,0,0,4,0.0,4.76825,0.06525,0,0,0,0,4,3,3,11273,12320,2.3333333333333335,0,0,0,3,1,powershell_attack,EXECUTION
POWERSHELL_ATTACK-0014,WIN-ARGUS-014,4,10,3,3,6,1,1,4.0,2,0,0,0,0,2,0.0,5.316000000000001,0.0815,0,0,0,0,5,3,3,6928,15010,4.75,0,0,0,3,1,powershell_attack,EXECUTION
POWERSHELL_ATTACK-0014,WIN-ARGUS-014,5,10,3,3,6,1,1,4.0,2,0,0,0,0,2,0.0,4.849,0.0875,0,0,0,0,5,2,3,15318,13055,4.666666666666667,0,0,0,3,1,powershell_attack,EXECUTION
POWERSHELL_ATTACK-0015,WIN-ARGUS-015,0,8,3,3,3,1,1,4.0,3,0,0,0,0,3,0.0,5.176666666666667,0.08033333333333333,0,0,0,0,2,1,2,6484,6219,4.0,0,0,0,3,1,powershell_attack,EXECUTION
POWERSHELL_ATTACK-0015,WIN-ARGUS-015,1,11,3,3,4,1,1,4.0,5,0,0,0,0,5,0.0,4.9378,0.0466,0,0,0,0,3,3,2,8472,4454,2.0,0,0,0,3,1,powershell_attack,EXECUTION
POWERSHELL_ATTACK-0015,WIN-ARGUS-015,2,10,3,3,4,1,1,4.0,4,0,0,0,0,4,0.0,5.829,0.058499999999999996,0,0,0,0,3,2,3,6785,6281,1.5,0,0,0,3,1,powershell_attack,EXECUTION
POWERSHELL_ATTACK-0015,WIN-ARGUS-015,3,11,3,3,6,1,1,4.0,3,0,0,0,0,3,0.0,3.9760000000000004,0.08700000000000001,0,0,0,0,5,3,2,14841,5493,4.0,0,0,0,3,1,powershell_attack,EXECUTION
POWERSHELL_ATTACK-0015,WIN-ARGUS-015,4,7,3,3,3,1,1,4.0,2,0,0,0,0,2,0.0,4.9704999999999995,0.1145,0,0,0,0,2,1,2,5296,6325,2.0,0,0,0,3,1,powershell_attack,EXECUTION
POWERSHELL_ATTACK-0015,WIN-ARGUS-015,5,9,3,3,4,1,1,4.0,3,0,0,0,0,3,0.0,4.939333333333333,0.121,0,0,0,0,3,2,2,6250,9138,3.5,0,0,0,3,1,powershell_attack,EXECUTION
POWERSHELL_ATTACK-0016,WIN-ARGUS-016,0,8,3,3,4,1,1,4.0,2,0,0,0,0,2,0.0,5.106999999999999,0.11150000000000002,0,0,0,0,3,2,2,9274,7312,3.0,0,0,0,3,1,powershell_attack,EXECUTION
POWERSHELL_ATTACK-0016,WIN-ARGUS-016,1,9,3,3,4,1,1,4.0,3,0,0,0,0,3,0.0,4.771,0.09833333333333334,0,0,0,0,3,2,2,11418,3558,6.0,0,0,0,3,1,powershell_attack,EXECUTION
POWERSHELL_ATTACK-0016,WIN-ARGUS-016,2,12,3,3,5,1,1,4.0,5,0,0,0,0,5,0.0,5.1622,0.0876,0,0,0,0,4,3,2,11200,9888,3.6666666666666665,0,0,0,3,1,powershell_attack,EXECUTION
POWERSHELL_ATTACK-0016,WIN-ARGUS-016,3,11,3,3,4,1,1,4.0,5,0,0,0,0,5,0.0,4.9814,0.07339999999999999,0,0,0,0,3,2,1,10069,9547,4.5,0,0,0,3,1,powershell_attack,EXECUTION
POWERSHELL_ATTACK-0016,WIN-ARGUS-016,4,11,3,3,4,1,1,4.0,5,0,0,0,0,5,0.0,4.189,0.077,0,0,0,0,3,2,2,10378,11374,2.0,0,0,0,3,1,powershell_attack,EXECUTION
POWERSHELL_ATTACK-0016,WIN-ARGUS-016,5,11,3,3,5,1,1,4.0,4,0,0,0,0,4,0.0,4.64625,0.09925,0,0,0,0,4,3,2,10191,9201,5.666666666666667,0,0,0,3,1,powershell_attack,EXECUTION
POWERSHELL_ATTACK-0017,WIN-ARGUS-017,0,9,3,3,3,1,1,4.0,4,0,0,0,0,4,0.0,4.85375,0.07075000000000001,0,0,0,0,2,2,2,6635,2883,0.0,0,0,0,3,1,powershell_attack,EXECUTION
POWERSHELL_ATTACK-0017,WIN-ARGUS-017,1,12,3,3,6,1,1,4.0,4,0,0,0,0,4,0.0,4.598,0.095,0,0,0,0,5,3,3,15421,12661,3.75,0,0,0,3,1,powershell_attack,EXECUTION
POWERSHELL_ATTACK-0017,WIN-ARGUS-017,2,9,3,3,5,1,1,4.0,2,0,0,0,0,2,0.0,3.7615,0.0675,0,0,0,0,4,2,3,3712,7564,3.6666666666666665,0,0,0,3,1,powershell_attack,EXECUTION
POWERSHELL_ATTACK-0017,WIN-ARGUS-017,3,8,3,3,3,1,1,4.0,3,0,0,0,0,3,0.0,4.062,0.085,0,0,0,0,2,2,2,1238,2509,1.0,0,0,0,3,1,powershell_attack,EXECUTION
POWERSHELL_ATTACK-0017,WIN-ARGUS-017,4,10,3,3,6,1,1,4.0,2,0,0,0,0,2,0.0,4.7865,0.08299999999999999,0,0,0,0,5,2,3,13225,10781,4.5,0,0,0,3,1,powershell_attack,EXECUTION
POWERSHELL_ATTACK-0017,WIN-ARGUS-017,5,12,3,3,6,1,1,4.0,4,0,0,0,0,4,0.0,5.90575,0.10375000000000001,0,0,0,0,5,3,3,10268,16112,4.25,0,0,0,3,1,powershell_attack,EXECUTION
POWERSHELL_ATTACK-0018,WIN-ARGUS-018,0,11,3,3,6,1,1,4.0,3,0,0,0,0,3,0.0,4.9223333333333334,0.06133333333333333,0,0,0,0,5,2,3,11096,16166,3.6666666666666665,0,0,0,3,1,powershell_attack,EXECUTION
POWERSHELL_ATTACK-0018,WIN-ARGUS-018,1,12,3,3,6,1,1,4.0,4,0,0,0,0,4,0.0,5.39525,0.0915,0,0,0,0,5,2,2,14009,10178,7.5,0,0,0,3,1,powershell_attack,EXECUTION
POWERSHELL_ATTACK-0018,WIN-ARGUS-018,2,9,3,3,5,1,1,4.0,2,0,0,0,0,2,0.0,3.8470000000000004,0.093,0,0,0,0,4,2,3,9077,13058,5.0,0,0,0,3,1,powershell_attack,EXECUTION
POWERSHELL_ATTACK-0018,WIN-ARGUS-018,3,8,3,3,3,1,1,4.0,3,0,0,0,0,3,0.0,5.314333333333333,0.04700000000000001,0,0,0,0,2,2,1,5480,7070,1.0,0,0,0,3,1,powershell_attack,EXECUTION
POWERSHELL_ATTACK-0018,WIN-ARGUS-018,4,8,3,3,4,1,1,4.0,2,0,0,0,0,2,0.0,4.4399999999999995,0.085,0,0,0,0,3,2,2,8567,11123,5.0,0,0,0,3,1,powershell_attack,EXECUTION
POWERSHELL_ATTACK-0018,WIN-ARGUS-018,5,11,3,3,5,1,1,4.0,4,0,0,0,0,4,0.0,4.50875,0.09050000000000001,0,0,0,0,4,2,3,12277,13059,4.0,0,0,0,3,1,powershell_attack,EXECUTION
POWERSHELL_ATTACK-0019,WIN-ARGUS-019,0,11,3,3,5,1,1,4.0,4,0,0,0,0,4,0.0,5.08775,0.09175,0,0,0,0,4,3,2,10928,10133,5.666666666666667,0,0,0,3,1,powershell_attack,EXECUTION
POWERSHELL_ATTACK-0019,WIN-ARGUS-019,1,11,3,3,4,1,1,4.0,5,0,0,0,0,5,0.0,5.466,0.10980000000000001,0,0,0,0,3,1,3,10636,4946,2.0,0,0,0,3,1,powershell_attack,EXECUTION
POWERSHELL_ATTACK-0019,WIN-ARGUS-019,2,7,3,3,3,1,1,4.0,2,0,0,0,0,2,0.0,4.7524999999999995,0.1295,0,0,0,0,2,1,2,6186,3541,2.0,0,0,0,3,1,powershell_attack,EXECUTION
POWERSHELL_ATTACK-0019,WIN-ARGUS-019,3,12,3,3,5,1,1,4.0,5,0,0,0,0,5,0.0,4.3788,0.0756,0,0,0,0,4,2,2,11745,12643,6.0,0,0,0,3,1,powershell_attack,EXECUTION
POWERSHELL_ATTACK-0019,WIN-ARGUS-019,4,10,3,3,4,1,1,4.0,4,0,0,0,0,4,0.0,5.4575,0.0495,0,0,0,0,3,2,2,7269,5514,2.0,0,0,0,3,1,powershell_attack,EXECUTION
POWERSHELL_ATTACK-0019,WIN-ARGUS-019,5,9,3,3,5,1,1,4.0,2,0,0,0,0,2,0.0,5.411,0.0925,0,0,0,0,4,3,3,5300,8243,4.666666666666667,0,0,0,3,1,powershell_attack,EXECUTION
POWERSHELL_ATTACK-0020,WIN-ARGUS-020,0,13,3,3,6,1,1,4.0,5,0,0,0,0,5,0.0,5.1606000000000005,0.0916,0,0,0,0,5,3,3,14629,15226,2.0,0,0,0,3,1,powershell_attack,EXECUTION
POWERSHELL_ATTACK-0020,WIN-ARGUS-020,1,12,3,3,6,1,1,4.0,4,0,0,0,0,4,0.0,4.823,0.09700000000000002,0,0,0,0,5,2,2,12254,10603,2.0,0,0,0,3,1,powershell_attack,EXECUTION
POWERSHELL_ATTACK-0020,WIN-ARGUS-020,2,7,3,3,3,1,1,4.0,2,0,0,0,0,2,0.0,4.9325,0.10250000000000001,0,0,0,0,2,2,2,8357,5684,2.0,0,0,0,3,1,powershell_attack,EXECUTION
POWERSHELL_ATTACK-0020,WIN-ARGUS-020,3,12,3,3,5,1,1,4.0,5,0,0,0,0,5,0.0,5.2248,0.0618,0,0,0,0,4,3,1,8970,13260,5.333333333333333,0,0,0,3,1,powershell_attack,EXECUTION
POWERSHELL_ATTACK-0020,WIN-ARGUS-020,4,10,3,3,6,1,1,4.0,2,0,0,0,0,2,0.0,4.336,0.0445,0,0,0,0,5,2,3,11961,15631,4.0,0,0,0,3,1,powershell_attack,EXECUTION
POWERSHELL_ATTACK-0020,WIN-ARGUS-020,5,12,3,3,5,1,1,4.0,5,0,0,0,0,5,0.0,4.727200000000001,0.0622,0,0,0,0,4,2,2,7622,12112,3.3333333333333335,0,0,0,3,1,powershell_attack,EXECUTION
POWERSHELL_ATTACK-0021,WIN-ARGUS-021,0,9,3,3,5,1,1,4.0,2,0,0,0,0,2,0.0,5.0184999999999995,0.0475,0,0,0,0,4,2,2,11768,14205,4.0,0,0,0,3,1,powershell_attack,EXECUTION
POWERSHELL_ATTACK-0021,WIN-ARGUS-021,1,10,3,3,3,1,1,4.0,5,0,0,0,0,5,0.0,4.8426,0.091,0,0,0,0,2,2,2,4470,4051,3.0,0,0,0,3,1,powershell_attack,EXECUTION
POWERSHELL_ATTACK-0021,WIN-ARGUS-021,2,8,3,3,4,1,1,4.0,2,0,0,0,0,2,0.0,5.4125,0.064,0,0,0,0,3,3,2,12419,12172,7.5,0,0,0,3,1,powershell_attack,EXECUTION
POWERSHELL_ATTACK-0021,WIN-ARGUS-021,3,12,3,3,5,1,1,4.0,5,0,0,0,0,5,0.0,5.5808,0.0702,0,0,0,0,4,3,3,12102,6284,6.333333333333333,0,0,0,3,1,powershell_attack,EXECUTION
POWERSHELL_ATTACK-0021,WIN-ARGUS-021,4,11,3,3,6,1,1,4.0,3,0,0,0,0,3,0.0,4.698666666666667,0.07300000000000001,0,0,0,0,5,3,3,12518,11839,4.5,0,0,0,3,1,powershell_attack,EXECUTION
POWERSHELL_ATTACK-0021,WIN-ARGUS-021,5,7,3,3,3,1,1,4.0,2,0,0,0,0,2,0.0,4.814,0.14100000000000001,0,0,0,0,2,2,2,4762,6213,2.0,0,0,0,3,1,powershell_attack,EXECUTION
POWERSHELL_ATTACK-0022,WIN-ARGUS-022,0,12,3,3,5,1,1,4.0,5,0,0,0,0,5,0.0,4.6171999999999995,0.0762,0,0,0,0,4,2,3,16483,9865,9.5,0,0,0,3,1,powershell_attack,EXECUTION
POWERSHELL_ATTACK-0022,WIN-ARGUS-022,1,11,3,3,6,1,1,4.0,3,0,0,0,0,3,0.0,4.760333333333333,0.03366666666666667,0,0,0,0,5,3,3,13887,15348,4.5,0,0,0,3,1,powershell_attack,EXECUTION
POWERSHELL_ATTACK-0022,WIN-ARGUS-022,2,8,3,3,4,1,1,4.0,2,0,0,0,0,2,0.0,5.2625,0.10250000000000001,0,0,0,0,3,2,2,8192,9465,8.0,0,0,0,3,1,powershell_attack,EXECUTION
POWERSHELL_ATTACK-0022,WIN-ARGUS-022,3,9,3,3,4,1,1,4.0,3,0,0,0,0,3,0.0,5.187333333333333,0.09800000000000002,0,0,0,0,3,3,3,7066,6354,7.5,0,0,0,3,1,powershell_attack,EXECUTION
POWERSHELL_ATTACK-0022,WIN-ARGUS-022,4,11,3,3,5,1,1,4.0,4,0,0,0,0,4,0.0,5.048,0.067,0,0,0,0,4,3,3,5876,6839,3.6666666666666665,0,0,0,3,1,powershell_attack,EXECUTION
POWERSHELL_ATTACK-0022,WIN-ARGUS-022,5,8,3,3,4,1,1,4.0,2,0,0,0,0,2,0.0,5.062,0.094,0,0,0,0,3,3,2,3150,7835,9.0,0,0,0,3,1,powershell_attack,EXECUTION
POWERSHELL_ATTACK-0023,WIN-ARGUS-023,0,8,3,3,4,1,1,4.0,2,0,0,0,0,2,0.0,4.6195,0.036000000000000004,0,0,0,0,3,2,1,8847,10214,5.5,0,0,0,3,1,powershell_attack,EXECUTION
POWERSHELL_ATTACK-0023,WIN-ARGUS-023,1,9,3,3,4,1,1,4.0,3,0,0,0,0,3,0.0,5.391666666666667,0.09266666666666667,0,0,0,0,3,2,2,7693,11942,4.5,0,0,0,3,1,powershell_attack,EXECUTION
POWERSHELL_ATTACK-0023,WIN-ARGUS-023,2,9,3,3,3,1,1,4.0,4,0,0,0,0,4,0.0,5.5302500000000006,0.10475000000000001,0,0,0,0,2,2,2,2861,5971,5.0,0,0,0,3,1,powershell_attack,EXECUTION
POWERSHELL_ATTACK-0023,WIN-ARGUS-023,3,10,3,3,4,1,1,4.0,4,0,0,0,0,4,0.0,4.3475,0.09575,0,0,0,0,3,3,2,5343,9223,9.5,0,0,0,3,1,powershell_attack,EXECUTION
POWERSHELL_ATTACK-0023,WIN-ARGUS-023,4,11,3,3,5,1,1,4.0,4,0,0,0,0,4,0.0,4.3785,0.018250000000000002,0,0,0,0,4,2,2,9810,6132,5.333333333333333,0,0,0,3,1,powershell_attack,EXECUTION
POWERSHELL_ATTACK-0023,WIN-ARGUS-023,5,12,3,3,6,1,1,4.0,4,0,0,0,0,4,0.0,5.04725,0.041,0,0,0,0,5,2,2,10851,13019,4.25,0,0,0,3,1,powershell_attack,EXECUTION
POWERSHELL_ATTACK-0024,WIN-ARGUS-024,0,8,3,3,3,1,1,4.0,3,0,0,0,0,3,0.0,4.059,0.08700000000000001,0,0,0,0,2,2,2,4716,4439,2.0,0,0,0,3,1,powershell_attack,EXECUTION
POWERSHELL_ATTACK-0024,WIN-ARGUS-024,1,10,3,3,5,1,1,4.0,3,0,0,0,0,3,0.0,5.280333333333333,0.11266666666666668,0,0,0,0,4,2,2,8999,7866,4.5,0,0,0,3,1,powershell_attack,EXECUTION
POWERSHELL_ATTACK-0024,WIN-ARGUS-024,2,9,3,3,5,1,1,4.0,2,0,0,0,0,2,0.0,4.622,0.08249999999999999,0,0,0,0,4,2,2,14172,13291,6.333333333333333,0,0,0,3,1,powershell_attack,EXECUTION
POWERSHELL_ATTACK-0024,WIN-ARGUS-024,3,12,3,3,6,1,1,4.0,4,0,0,0,0,4,0.0,5.7105,0.0405,0,0,0,0,5,2,3,10144,11433,1.5,0,0,0,3,1,powershell_attack,EXECUTION
POWERSHELL_ATTACK-0024,WIN-ARGUS-024,4,13,3,3,6,1,1,4.0,5,0,0,0,0,5,0.0,4.8218000000000005,0.084,0,0,0,0,5,3,3,10902,7866,5.666666666666667,0,0,0,3,1,powershell_attack,EXECUTION
POWERSHELL_ATTACK-0024,WIN-ARGUS-024,5,10,3,3,6,1,1,4.0,2,0,0,0,0,2,0.0,5.4855,0.07700000000000001,0,0,0,0,5,2,2,15716,16167,6.333333333333333,0,0,0,3,1,powershell_attack,EXECUTION
POWERSHELL_ATTACK-0025,WIN-ARGUS-025,0,9,3,3,5,1,1,4.0,2,0,0,0,0,2,0.0,4.9085,0.04,0,0,0,0,4,3,1,5870,9779,3.3333333333333335,0,0,0,3,1,powershell_attack,EXECUTION
POWERSHELL_ATTACK-0025,WIN-ARGUS-025,1,11,3,3,6,1,1,4.0,3,0,0,0,0,3,0.0,5.315666666666666,0.09000000000000001,0,0,0,0,5,2,3,18351,12406,2.75,0,0,0,3,1,powershell_attack,EXECUTION
POWERSHELL_ATTACK-0025,WIN-ARGUS-025,2,9,3,3,5,1,1,4.0,2,0,0,0,0,2,0.0,3.9285,0.06,0,0,0,0,4,2,3,7217,13008,5.0,0,0,0,3,1,powershell_attack,EXECUTION
POWERSHELL_ATTACK-0025,WIN-ARGUS-025,3,11,3,3,6,1,1,4.0,3,0,0,0,0,3,0.0,4.273666666666666,0.09533333333333334,0,0,0,0,5,3,2,10635,11615,3.5,0,0,0,3,1,powershell_attack,EXECUTION
POWERSHELL_ATTACK-0025,WIN-ARGUS-025,4,12,3,3,6,1,1,4.0,4,0,0,0,0,4,0.0,5.02525,0.051250000000000004,0,0,0,0,5,2,3,12281,8807,3.0,0,0,0,3,1,powershell_attack,EXECUTION
POWERSHELL_ATTACK-0025,WIN-ARGUS-025,5,10,3,3,6,1,1,4.0,2,0,0,0,0,2,0.0,4.9795,0.07150000000000001,0,0,0,0,5,3,3,8315,13951,3.0,0,0,0,3,1,powershell_attack,EXECUTION
POWERSHELL_ATTACK-0026,WIN-ARGUS-026,0,11,3,3,4,1,1,4.0,5,0,0,0,0,5,0.0,5.5982,0.0898,0,0,0,0,3,2,2,8287,10434,8.0,0,0,0,3,1,powershell_attack,EXECUTION
POWERSHELL_ATTACK-0026,WIN-ARGUS-026,1,10,3,3,4,1,1,4.0,4,0,0,0,0,4,0.0,4.79675,0.07825,0,0,0,0,3,2,2,5641,6628,3.5,0,0,0,3,1,powershell_attack,EXECUTION
POWERSHELL_ATTACK-0026,WIN-ARGUS-026,2,8,3,3,3,1,1,4.0,3,0,0,0,0,3,0.0,5.142666666666667,0.057666666666666665,0,0,0,0,2,2,1,4579,4264,11.0,0,0,0,3,1,powershell_attack,EXECUTION
POWERSHELL_ATTACK-0026,WIN-ARGUS-026,3,11,3,3,5,1,1,4.0,4,0,0,0,0,4,0.0,4.84975,0.09025,0,0,0,0,4,3,3,13510,11882,6.333333333333333,0,0,0,3,1,powershell_attack,EXECUTION
POWERSHELL_ATTACK-0026,WIN-ARGUS-026,4,7,3,3,3,1,1,4.0,2,0,0,0,0,2,0.0,4.555,0.092,0,0,0,0,2,1,1,6502,3196,16.0,0,0,0,3,1,powershell_attack,EXECUTION
POWERSHELL_ATTACK-0026,WIN-ARGUS-026,5,10,3,3,4,1,1,4.0,4,0,0,0,0,4,0.0,4.7945,0.12575,0,0,0,0,3,2,2,7419,5801,4.5,0,0,0,3,1,powershell_attack,EXECUTION
POWERSHELL_ATTACK-0027,WIN-ARGUS-027,0,11,3,3,5,1,1,4.0,4,0,0,0,0,4,0.0,5.01275,0.06575,0,0,0,0,4,3,2,14554,10946,5.666666666666667,0,0,0,3,1,powershell_attack,EXECUTION
POWERSHELL_ATTACK-0027,WIN-ARGUS-027,1,11,3,3,6,1,1,4.0,3,0,0,0,0,3,0.0,4.046666666666667,0.05266666666666667,0,0,0,0,5,3,3,11775,13575,2.75,0,0,0,3,1,powershell_attack,EXECUTION
POWERSHELL_ATTACK-0027,WIN-ARGUS-027,2,8,3,3,3,1,1,4.0,3,0,0,0,0,3,0.0,5.382000000000001,0.04766666666666667,0,0,0,0,2,2,2,3934,3528,16.0,0,0,0,3,1,powershell_attack,EXECUTION
POWERSHELL_ATTACK-0027,WIN-ARGUS-027,3,10,3,3,4,1,1,4.0,4,0,0,0,0,4,0.0,3.98025,0.0885,0,0,0,0,3,2,3,5691,7313,6.0,0,0,0,3,1,powershell_attack,EXECUTION
POWERSHELL_ATTACK-0027,WIN-ARGUS-027,4,9,3,3,5,1,1,4.0,2,0,0,0,0,2,0.0,5.2265,0.1355,0,0,0,0,4,3,2,11342,12291,4.666666666666667,0,0,0,3,1,powershell_attack,EXECUTION
POWERSHELL_ATTACK-0027,WIN-ARGUS-027,5,9,3,3,5,1,1,4.0,2,0,0,0,0,2,0.0,5.431,0.0445,0,0,0,0,4,3,2,12095,7187,9.5,0,0,0,3,1,powershell_attack,EXECUTION
POWERSHELL_ATTACK-0028,WIN-ARGUS-028,0,8,3,3,3,1,1,4.0,3,0,0,0,0,3,0.0,4.695666666666667,0.076,0,0,0,0,2,2,2,8006,2205,11.0,0,0,0,3,1,powershell_attack,EXECUTION
POWERSHELL_ATTACK-0028,WIN-ARGUS-028,1,9,3,3,4,1,1,4.0,3,0,0,0,0,3,0.0,5.483,0.10100000000000002,0,0,0,0,3,2,3,3351,6984,4.5,0,0,0,3,1,powershell_attack,EXECUTION
POWERSHELL_ATTACK-0028,WIN-ARGUS-028,2,11,3,3,6,1,1,4.0,3,0,0,0,0,3,0.0,5.179333333333333,0.09133333333333334,0,0,0,0,5,3,3,13984,13875,1.0,0,0,0,3,1,powershell_attack,EXECUTION
POWERSHELL_ATTACK-0028,WIN-ARGUS-028,3,7,3,3,3,1,1,4.0,2,0,0,0,0,2,0.0,5.225,0.08249999999999999,0,0,0,0,2,2,1,4683,2619,3.0,0,0,0,3,1,powershell_attack,EXECUTION
POWERSHELL_ATTACK-0028,WIN-ARGUS-028,4,10,3,3,5,1,1,4.0,3,0,0,0,0,3,0.0,4.217333333333333,0.08966666666666667,0,0,0,0,4,2,2,11982,10764,2.3333333333333335,0,0,0,3,1,powershell_attack,EXECUTION
POWERSHELL_ATTACK-0028,WIN-ARGUS-028,5,7,3,3,3,1,1,4.0,2,0,0,0,0,2,0.0,6.0969999999999995,0.0485,0,0,0,0,2,2,2,7917,2042,7.0,0,0,0,3,1,powershell_attack,EXECUTION
POWERSHELL_ATTACK-0029,WIN-ARGUS-029,0,9,3,3,5,1,1,4.0,2,0,0,0,0,2,0.0,4.4805,0.134,0,0,0,0,4,3,3,11244,9199,3.0,0,0,0,3,1,powershell_attack,EXECUTION
POWERSHELL_ATTACK-0029,WIN-ARGUS-029,1,10,3,3,4,1,1,4.0,4,0,0,0,0,4,0.0,4.60375,0.0885,0,0,0,0,3,2,1,7060,7811,4.5,0,0,0,3,1,powershell_attack,EXECUTION
POWERSHELL_ATTACK-0029,WIN-ARGUS-029,2,12,3,3,6,1,1,4.0,4,0,0,0,0,4,0.0,5.19825,0.07050000000000001,0,0,0,0,5,3,2,8788,16231,3.75,0,0,0,3,1,powershell_attack,EXECUTION
POWERSHELL_ATTACK-0029,WIN-ARGUS-029,3,10,3,3,5,1,1,4.0,3,0,0,0,0,3,0.0,4.496,0.02766666666666667,0,0,0,0,4,3,2,13611,13986,3.3333333333333335,0,0,0,3,1,powershell_attack,EXECUTION
POWERSHELL_ATTACK-0029,WIN-ARGUS-029,4,9,3,3,5,1,1,4.0,2,0,0,0,0,2,0.0,4.9205,0.1245,0,0,0,0,4,3,2,12162,13940,4.666666666666667,0,0,0,3,1,powershell_attack,EXECUTION
POWERSHELL_ATTACK-0029,WIN-ARGUS-029,5,9,3,3,4,1,1,4.0,3,0,0,0,0,3,0.0,4.791666666666667,0.08900000000000001,0,0,0,0,3,2,2,4940,7003,4.5,0,0,0,3,1,powershell_attack,EXECUTION
POWERSHELL_ATTACK-0030,WIN-ARGUS-030,0,10,3,3,3,1,1,4.0,5,0,0,0,0,5,0.0,4.58,0.09040000000000001,0,0,0,0,2,2,2,1012,5162,12.0,0,0,0,3,1,powershell_attack,EXECUTION
POWERSHELL_ATTACK-0030,WIN-ARGUS-030,1,8,3,3,4,1,1,4.0,2,0,0,0,0,2,0.0,4.3945,0.063,0,0,0,0,3,2,2,6400,5896,9.0,0,0,0,3,1,powershell_attack,EXECUTION
POWERSHELL_ATTACK-0030,WIN-ARGUS-030,2,9,3,3,3,1,1,4.0,4,0,0,0,0,4,0.0,5.15275,0.13225,0,0,0,0,2,2,2,4422,4537,11.0,0,0,0,3,1,powershell_attack,EXECUTION
POWERSHELL_ATTACK-0030,WIN-ARGUS-030,3,10,3,3,3,1,1,4.0,5,0,0,0,0,5,0.0,5.0348,0.0796,0,0,0,0,2,2,1,6931,6146,19.0,0,0,0,3,1,powershell_attack,EXECUTION
POWERSHELL_ATTACK-0030,WIN-ARGUS-030,4,10,3,3,4,1,1,4.0,4,0,0,0,0,4,0.0,4.6285,0.06525,0,0,0,0,3,3,1,7717,9181,8.5,0,0,0,3,1,powershell_attack,EXECUTION
POWERSHELL_ATTACK-0030,WIN-ARGUS-030,5,8,3,3,3,1,1,4.0,3,0,0,0,0,3,0.0,4.555,0.06,0,0,0,0,2,2,2,6460,2713,16.0,0,0,0,3,1,powershell_attack,EXECUTION
POWERSHELL_ATTACK-0031,WIN-ARGUS-031,0,9,3,3,4,1,1,4.0,3,0,0,0,0,3,0.0,4.435666666666666,0.05399999999999999,0,0,0,0,3,2,2,2936,10838,7.0,0,0,0,3,1,powershell_attack,EXECUTION
POWERSHELL_ATTACK-0031,WIN-ARGUS-031,1,10,3,3,4,1,1,4.0,4,0,0,0,0,4,0.0,5.164,0.08825,0,0,0,0,3,2,2,6234,4278,6.0,0,0,0,3,1,powershell_attack,EXECUTION
POWERSHELL_ATTACK-0031,WIN-ARGUS-031,2,11,3,3,4,1,1,4.0,5,0,0,0,0,5,0.0,4.0868,0.06760000000000001,0,0,0,0,3,2,2,7122,6607,5.5,0,0,0,3,1,powershell_attack,EXECUTION
POWERSHELL_ATTACK-0031,WIN-ARGUS-031,3,9,3,3,4,1,1,4.0,3,0,0,0,0,3,0.0,4.346,0.08,0,0,0,0,3,2,2,10369,3728,8.5,0,0,0,3,1,powershell_attack,EXECUTION
POWERSHELL_ATTACK-0031,WIN-ARGUS-031,4,10,3,3,4,1,1,4.0,4,0,0,0,0,4,0.0,4.3795,0.07200000000000001,0,0,0,0,3,1,2,8084,4222,5.5,0,0,0,3,1,powershell_attack,EXECUTION
POWERSHELL_ATTACK-0031,WIN-ARGUS-031,5,10,3,3,6,1,1,4.0,2,0,0,0,0,2,0.0,5.545999999999999,0.10200000000000001,0,0,0,0,5,3,3,13536,16382,5.0,0,0,0,3,1,powershell_attack,EXECUTION
POWERSHELL_ATTACK-0032,WIN-ARGUS-032,0,13,3,3,6,1,1,4.0,5,0,0,0,0,5,0.0,5.2387999999999995,0.08680000000000002,0,0,0,0,5,3,3,11572,14902,3.25,0,0,0,3,1,powershell_attack,EXECUTION
POWERSHELL_ATTACK-0032,WIN-ARGUS-032,1,12,3,3,6,1,1,4.0,4,0,0,0,0,4,0.0,4.8795,0.09275,0,0,0,0,5,3,3,13708,11809,3.5,0,0,0,3,1,powershell_attack,EXECUTION
POWERSHELL_ATTACK-0032,WIN-ARGUS-032,2,10,3,3,5,1,1,4.0,3,0,0,0,0,3,0.0,5.073333333333333,0.07433333333333335,0,0,0,0,4,2,3,9927,12275,5.333333333333333,0,0,0,3,1,powershell_attack,EXECUTION
POWERSHELL_ATTACK-0032,WIN-ARGUS-032,3,9,3,3,5,1,1,4.0,2,0,0,0,0,2,0.0,4.952,0.0885,0,0,0,0,4,3,2,8502,15478,4.0,0,0,0,3,1,powershell_attack,EXECUTION
POWERSHELL_ATTACK-0032,WIN-ARGUS-032,4,9,3,3,3,1,1,4.0,4,0,0,0,0,4,0.0,5.1525,0.07250000000000001,0,0,0,0,2,2,2,4781,1226,9.0,0,0,0,3,1,powershell_attack,EXECUTION
POWERSHELL_ATTACK-0032,WIN-ARGUS-032,5,11,3,3,6,1,1,4.0,3,0,0,0,0,3,0.0,4.673666666666667,0.11533333333333333,0,0,0,0,5,3,3,11744,9739,3.5,0,0,0,3,1,powershell_attack,EXECUTION
POWERSHELL_ATTACK-0033,WIN-ARGUS-033,0,8,3,3,3,1,1,4.0,3,0,0,0,0,3,0.0,4.9510000000000005,0.09466666666666668,0,0,0,0,2,2,2,1393,1291,14.0,0,0,0,3,1,powershell_attack,EXECUTION
POWERSHELL_ATTACK-0033,WIN-ARGUS-033,1,7,3,3,3,1,1,4.0,2,0,0,0,0,2,0.0,5.9075,0.0405,0,0,0,0,2,2,1,3948,6320,7.0,0,0,0,3,1,powershell_attack,EXECUTION
POWERSHELL_ATTACK-0033,WIN-ARGUS-033,2,7,3,3,3,1,1,4.0,2,0,0,0,0,2,0.0,4.845000000000001,0.037000000000000005,0,0,0,0,2,2,2,5085,5231,7.0,0,0,0,3,1,powershell_attack,EXECUTION
POWERSHELL_ATTACK-0033,WIN-ARGUS-033,3,12,3,3,5,1,1,4.0,5,0,0,0,0,5,0.0,4.396,0.0998,0,0,0,0,4,2,3,11747,10371,5.333333333333333,0,0,0,3,1,powershell_attack,EXECUTION
POWERSHELL_ATTACK-0033,WIN-ARGUS-033,4,7,3,3,3,1,1,4.0,2,0,0,0,0,2,0.0,3.8005,0.082,0,0,0,0,2,1,2,4922,5638,4.0,0,0,0,3,1,powershell_attack,EXECUTION
POWERSHELL_ATTACK-0033,WIN-ARGUS-033,5,10,3,3,4,1,1,4.0,4,0,0,0,0,4,0.0,4.69625,0.081,0,0,0,0,3,1,2,6055,11307,7.5,0,0,0,3,1,powershell_attack,EXECUTION
POWERSHELL_ATTACK-0034,WIN-ARGUS-034,0,9,3,3,3,1,1,4.0,4,0,0,0,0,4,0.0,4.80375,0.0525,0,0,0,0,2,2,1,7869,5982,10.0,0,0,0,3,1,powershell_attack,EXECUTION
POWERSHELL_ATTACK-0034,WIN-ARGUS-034,1,9,3,3,4,1,1,4.0,3,0,0,0,0,3,0.0,5.187666666666666,0.059,0,0,0,0,3,1,2,10562,11055,9.0,0,0,0,3,1,powershell_attack,EXECUTION
POWERSHELL_ATTACK-0034,WIN-ARGUS-034,2,11,3,3,6,1,1,4.0,3,0,0,0,0,3,0.0,4.9799999999999995,0.07066666666666667,0,0,0,0,5,3,3,18892,13421,4.0,0,0,0,3,1,powershell_attack,EXECUTION
POWERSHELL_ATTACK-0034,WIN-ARGUS-034,3,7,3,3,3,1,1,4.0,2,0,0,0,0,2,0.0,4.246,0.037000000000000005,0,0,0,0,2,2,1,4337,7496,5.0,0,0,0,3,1,powershell_attack,EXECUTION
POWERSHELL_ATTACK-0034,WIN-ARGUS-034,4,8,3,3,4,1,1,4.0,2,0,0,0,0,2,0.0,4.9265,0.0875,0,0,0,0,3,2,2,6738,8246,2.0,0,0,0,3,1,powershell_attack,EXECUTION
POWERSHELL_ATTACK-0034,WIN-ARGUS-034,5,10,3,3,4,1,1,4.0,4,0,0,0,0,4,0.0,4.632,0.08225,0,0,0,0,3,2,2,4877,6389,8.0,0,0,0,3,1,powershell_attack,EXECUTION
POWERSHELL_ATTACK-0035,WIN-ARGUS-035,0,8,3,3,3,1,1,4.0,3,0,0,0,0,3,0.0,4.557,0.07133333333333333,0,0,0,0,2,2,1,4680,5706,3.0,0,0,0,3,1,powershell_attack,EXECUTION
POWERSHELL_ATTACK-0035,WIN-ARGUS-035,1,8,3,3,3,1,1,4.0,3,0,0,0,0,3,0.0,5.000666666666667,0.09500000000000001,0,0,0,0,2,2,2,3012,6502,4.0,0,0,0,3,1,powershell_attack,EXECUTION
POWERSHELL_ATTACK-0035,WIN-ARGUS-035,2,9,3,3,3,1,1,4.0,4,0,0,0,0,4,0.0,4.6965,0.05625,0,0,0,0,2,1,2,3076,1404,7.0,0,0,0,3,1,powershell_attack,EXECUTION
POWERSHELL_ATTACK-0035,WIN-ARGUS-035,3,11,3,3,6,1,1,4.0,3,0,0,0,0,3,0.0,5.374666666666666,0.07733333333333334,0,0,0,0,5,3,3,11594,13355,4.25,0,0,0,3,1,powershell_attack,EXECUTION
POWERSHELL_ATTACK-0035,WIN-ARGUS-035,4,7,3,3,3,1,1,4.0,2,0,0,0,0,2,0.0,4.9384999999999994,0.057999999999999996,0,0,0,0,2,1,2,3799,6753,13.0,0,0,0,3,1,powershell_attack,EXECUTION
POWERSHELL_ATTACK-0035,WIN-ARGUS-035,5,13,3,3,6,1,1,4.0,5,0,0,0,0,5,0.0,5.118399999999999,0.0872,0,0,0,0,5,3,3,18657,6334,3.5,0,0,0,3,1,powershell_attack,EXECUTION
POWERSHELL_ATTACK-0036,WIN-ARGUS-036,0,9,3,3,5,1,1,4.0,2,0,0,0,0,2,0.0,5.4695,0.0985,0,0,0,0,4,2,2,10901,12140,3.6666666666666665,0,0,0,3,1,powershell_attack,EXECUTION
POWERSHELL_ATTACK-0036,WIN-ARGUS-036,1,10,3,3,3,1,1,4.0,5,0,0,0,0,5,0.0,5.2882,0.076,0,0,0,0,2,2,2,9132,9501,2.0,0,0,0,3,1,powershell_attack,EXECUTION
POWERSHELL_ATTACK-0036,WIN-ARGUS-036,2,9,3,3,4,1,1,4.0,3,0,0,0,0,3,0.0,5.2620000000000005,0.10099999999999999,0,0,0,0,3,3,2,7151,5387,7.5,0,0,0,3,1,powershell_attack,EXECUTION
POWERSHELL_ATTACK-0036,WIN-ARGUS-036,3,9,3,3,3,1,1,4.0,4,0,0,0,0,4,0.0,4.933,0.05175,0,0,0,0,2,1,1,5579,2677,9.0,0,0,0,3,1,powershell_attack,EXECUTION
POWERSHELL_ATTACK-0036,WIN-ARGUS-036,4,12,3,3,5,1,1,4.0,5,0,0,0,0,5,0.0,4.4916,0.05740000000000001,0,0,0,0,4,3,3,11437,14481,4.5,0,0,0,3,1,powershell_attack,EXECUTION
POWERSHELL_ATTACK-0036,WIN-ARGUS-036,5,9,3,3,5,1,1,4.0,2,0,0,0,0,2,0.0,4.75,0.0655,0,0,0,0,4,3,3,10706,8880,1.6666666666666667,0,0,0,3,1,powershell_attack,EXECUTION
POWERSHELL_ATTACK-0037,WIN-ARGUS-037,0,9,3,3,3,1,1,4.0,4,0,0,0,0,4,0.0,4.69975,0.07450000000000001,0,0,0,0,2,2,2,5580,4317,5.0,0,0,0,3,1,powershell_attack,EXECUTION
POWERSHELL_ATTACK-0037,WIN-ARGUS-037,1,11,3,3,6,1,1,4.0,3,0,0,0,0,3,0.0,5.073666666666667,0.067,0,0,0,0,5,3,3,10380,12699,3.25,0,0,0,3,1,powershell_attack,EXECUTION
POWERSHELL_ATTACK-0037,WIN-ARGUS-037,2,10,3,3,4,1,1,4.0,4,0,0,0,0,4,0.0,4.686,0.09375000000000001,0,0,0,0,3,2,2,4918,6774,8.5,0,0,0,3,1,powershell_attack,EXECUTION
POWERSHELL_ATTACK-0037,WIN-ARGUS-037,3,11,3,3,6,1,1,4.0,3,0,0,0,0,3,0.0,5.203333333333333,0.07200000000000001,0,0,0,0,5,3,3,11308,17392,3.25,0,0,0,3,1,powershell_attack,EXECUTION
POWERSHELL_ATTACK-0037,WIN-ARGUS-037,4,11,3,3,6,1,1,4.0,3,0,0,0,0,3,0.0,4.089666666666667,0.037,0,0,0,0,5,3,3,14367,14090,3.0,0,0,0,3,1,powershell_attack,EXECUTION
POWERSHELL_ATTACK-0037,WIN-ARGUS-037,5,11,3,3,5,1,1,4.0,4,0,0,0,0,4,0.0,4.2215,0.04375,0,0,0,0,4,3,2,13099,7639,4.333333333333333,0,0,0,3,1,powershell_attack,EXECUTION
POWERSHELL_ATTACK-0038,WIN-ARGUS-038,0,10,3,3,3,1,1,4.0,5,0,0,0,0,5,0.0,5.2934,0.09540000000000001,0,0,0,0,2,2,2,5762,7726,7.0,0,0,0,3,1,powershell_attack,EXECUTION
POWERSHELL_ATTACK-0038,WIN-ARGUS-038,1,12,3,3,6,1,1,4.0,4,0,0,0,0,4,0.0,4.59925,0.0765,0,0,0,0,5,2,3,11118,15105,6.0,0,0,0,3,1,powershell_attack,EXECUTION
POWERSHELL_ATTACK-0038,WIN-ARGUS-038,2,11,3,3,4,1,1,4.0,5,0,0,0,0,5,0.0,4.7862,0.0984,0,0,0,0,3,2,2,7357,11356,7.0,0,0,0,3,1,powershell_attack,EXECUTION
POWERSHELL_ATTACK-0038,WIN-ARGUS-038,3,10,3,3,4,1,1,4.0,4,0,0,0,0,4,0.0,4.701,0.07625,0,0,0,0,3,2,2,5920,5647,3.5,0,0,0,3,1,powershell_attack,EXECUTION
POWERSHELL_ATTACK-0038,WIN-ARGUS-038,4,12,3,3,6,1,1,4.0,4,0,0,0,0,4,0.0,4.892250000000001,0.10025,0,0,0,0,5,2,3,16056,6951,4.0,0,0,0,3,1,powershell_attack,EXECUTION
POWERSHELL_ATTACK-0038,WIN-ARGUS-038,5,7,3,3,3,1,1,4.0,2,0,0,0,0,2,0.0,4.916,0.0895,0,0,0,0,2,2,2,4778,4644,2.0,0,0,0,3,1,powershell_attack,EXECUTION
POWERSHELL_ATTACK-0039,WIN-ARGUS-039,0,11,3,3,6,1,1,4.0,3,0,0,0,0,3,0.0,5.340333333333334,0.059666666666666666,0,0,0,0,5,3,3,13953,11702,3.0,0,0,0,3,1,powershell_attack,EXECUTION
POWERSHELL_ATTACK-0039,WIN-ARGUS-039,1,10,3,3,4,1,1,4.0,4,0,0,0,0,4,0.0,5.55325,0.0685,0,0,0,0,3,2,3,7715,6881,2.0,0,0,0,3,1,powershell_attack,EXECUTION
POWERSHELL_ATTACK-0039,WIN-ARGUS-039,2,10,3,3,3,1,1,4.0,5,0,0,0,0,5,0.0,5.0448,0.0742,0,0,0,0,2,2,1,5404,595,1.0,0,0,0,3,1,powershell_attack,EXECUTION
POWERSHELL_ATTACK-0039,WIN-ARGUS-039,3,11,3,3,5,1,1,4.0,4,0,0,0,0,4,0.0,5.1225000000000005,0.07325000000000001,0,0,0,0,4,3,3,9274,16256,3.6666666666666665,0,0,0,3,1,powershell_attack,EXECUTION
POWERSHELL_ATTACK-0039,WIN-ARGUS-039,4,11,3,3,5,1,1,4.0,4,0,0,0,0,4,0.0,4.6217500000000005,0.06325,0,0,0,0,4,2,3,9521,13202,6.0,0,0,0,3,1,powershell_attack,EXECUTION
POWERSHELL_ATTACK-0039,WIN-ARGUS-039,5,9,3,3,4,1,1,4.0,3,0,0,0,0,3,0.0,5.230333333333333,0.05333333333333334,0,0,0,0,3,3,2,6816,3890,9.0,0,0,0,3,1,powershell_attack,EXECUTION
POWERSHELL_ATTACK-0040,WIN-ARGUS-040,0,12,3,3,5,1,1,4.0,5,0,0,0,0,5,0.0,4.7408,0.095,0,0,0,0,4,3,2,3876,11154,5.333333333333333,0,0,0,3,1,powershell_attack,EXECUTION
POWERSHELL_ATTACK-0040,WIN-ARGUS-040,1,10,3,3,5,1,1,4.0,3,0,0,0,0,3,0.0,4.126666666666666,0.08166666666666667,0,0,0,0,4,2,2,11184,11724,3.0,0,0,0,3,1,powershell_attack,EXECUTION
POWERSHELL_ATTACK-0040,WIN-ARGUS-040,2,10,3,3,5,1,1,4.0,3,0,0,0,0,3,0.0,5.046333333333333,0.078,0,0,0,0,4,2,3,8078,5383,4.5,0,0,0,3,1,powershell_attack,EXECUTION
POWERSHELL_ATTACK-0040,WIN-ARGUS-040,3,13,3,3,6,1,1,4.0,5,0,0,0,0,5,0.0,4.6446,0.1044,0,0,0,0,5,3,2,15041,14714,3.25,0,0,0,3,1,powershell_attack,EXECUTION
POWERSHELL_ATTACK-0040,WIN-ARGUS-040,4,10,3,3,5,1,1,4.0,3,0,0,0,0,3,0.0,4.903666666666666,0.08133333333333333,0,0,0,0,4,3,2,8157,11592,4.666666666666667,0,0,0,3,1,powershell_attack,EXECUTION
POWERSHELL_ATTACK-0040,WIN-ARGUS-040,5,8,3,3,3,1,1,4.0,3,0,0,0,0,3,0.0,4.766666666666667,0.08066666666666666,0,0,0,0,2,1,2,4558,7382,7.0,0,0,0,3,1,powershell_attack,EXECUTION
POWERSHELL_ATTACK-0041,WIN-ARGUS-041,0,11,3,3,4,1,1,4.0,5,0,0,0,0,5,0.0,4.4986,0.0784,0,0,0,0,3,2,2,6138,10001,9.0,0,0,0,3,1,powershell_attack,EXECUTION
POWERSHELL_ATTACK-0041,WIN-ARGUS-041,1,12,3,3,6,1,1,4.0,4,0,0,0,0,4,0.0,5.277,0.0585,0,0,0,0,5,2,3,13294,7691,3.0,0,0,0,3,1,powershell_attack,EXECUTION
POWERSHELL_ATTACK-0041,WIN-ARGUS-041,2,11,3,3,6,1,1,4.0,3,0,0,0,0,3,0.0,5.3676666666666675,0.03,0,0,0,0,5,2,3,14017,10866,6.5,0,0,0,3,1,powershell_attack,EXECUTION
POWERSHELL_ATTACK-0041,WIN-ARGUS-041,3,9,3,3,5,1,1,4.0,2,0,0,0,0,2,0.0,4.787,0.026000000000000002,0,0,0,0,4,2,3,10453,10588,2.3333333333333335,0,0,0,3,1,powershell_attack,EXECUTION
POWERSHELL_ATTACK-0041,WIN-ARGUS-041,4,11,3,3,4,1,1,4.0,5,0,0,0,0,5,0.0,4.1622,0.081,0,0,0,0,3,2,2,5433,4253,9.0,0,0,0,3,1,powershell_attack,EXECUTION
POWERSHELL_ATTACK-0041,WIN-ARGUS-041,5,10,3,3,3,1,1,4.0,5,0,0,0,0,5,0.0,4.9444,0.1032,0,0,0,0,2,2,1,6398,5011,7.0,0,0,0,3,1,powershell_attack,EXECUTION
POWERSHELL_ATTACK-0042,WIN-ARGUS-042,0,10,3,3,5,1,1,4.0,3,0,0,0,0,3,0.0,4.924666666666667,0.057,0,0,0,0,4,2,3,7146,9342,5.0,0,0,0,3,1,powershell_attack,EXECUTION
POWERSHELL_ATTACK-0042,WIN-ARGUS-042,1,9,3,3,3,1,1,4.0,4,0,0,0,0,4,0.0,5.01675,0.06,0,0,0,0,2,2,2,2165,4680,2.0,0,0,0,3,1,powershell_attack,EXECUTION
POWERSHELL_ATTACK-0042,WIN-ARGUS-042,2,7,3,3,3,1,1,4.0,2,0,0,0,0,2,0.0,4.2215,0.092,0,0,0,0,2,2,2,6531,5059,2.0,0,0,0,3,1,powershell_attack,EXECUTION
POWERSHELL_ATTACK-0042,WIN-ARGUS-042,3,7,3,3,3,1,1,4.0,2,0,0,0,0,2,0.0,4.3740000000000006,0.0925,0,0,0,0,2,1,2,7369,4714,3.0,0,0,0,3,1,powershell_attack,EXECUTION
POWERSHELL_ATTACK-0042,WIN-ARGUS-042,4,9,3,3,3,1,1,4.0,4,0,0,0,0,4,0.0,5.0280000000000005,0.10625000000000001,0,0,0,0,2,1,1,5537,4835,4.0,0,0,0,3,1,powershell_attack,EXECUTION
POWERSHELL_ATTACK-0042,WIN-ARGUS-042,5,10,3,3,6,1,1,4.0,2,0,0,0,0,2,0.0,4.9855,0.048,0,0,0,0,5,3,3,10844,13571,5.666666666666667,0,0,0,3,1,powershell_attack,EXECUTION
POWERSHELL_ATTACK-0043,WIN-ARGUS-043,0,9,3,3,3,1,1,4.0,4,0,0,0,0,4,0.0,5.217,0.07425000000000001,0,0,0,0,2,1,2,5400,5301,3.0,0,0,0,3,1,powershell_attack,EXECUTION
POWERSHELL_ATTACK-0043,WIN-ARGUS-043,1,12,3,3,6,1,1,4.0,4,0,0,0,0,4,0.0,4.92075,0.05425,0,0,0,0,5,3,2,15050,16600,4.0,0,0,0,3,1,powershell_attack,EXECUTION
POWERSHELL_ATTACK-0043,WIN-ARGUS-043,2,7,3,3,3,1,1,4.0,2,0,0,0,0,2,0.0,4.6055,0.048,0,0,0,0,2,2,2,7739,5865,5.0,0,0,0,3,1,powershell_attack,EXECUTION
POWERSHELL_ATTACK-0043,WIN-ARGUS-043,3,10,3,3,3,1,1,4.0,5,0,0,0,0,5,0.0,5.1218,0.09040000000000001,0,0,0,0,2,2,1,5963,4354,0.0,0,0,0,3,1,powershell_attack,EXECUTION
POWERSHELL_ATTACK-0043,WIN-ARGUS-043,4,9,3,3,3,1,1,4.0,4,0,0,0,0,4,0.0,5.30375,0.07825,0,0,0,0,2,1,2,4133,3762,4.0,0,0,0,3,1,powershell_attack,EXECUTION
POWERSHELL_ATTACK-0043,WIN-ARGUS-043,5,10,3,3,4,1,1,4.0,4,0,0,0,0,4,0.0,4.58675,0.08125,0,0,0,0,3,3,2,3225,6605,6.5,0,0,0,3,1,powershell_attack,EXECUTION
POWERSHELL_ATTACK-0044,WIN-ARGUS-044,0,10,3,3,4,1,1,4.0,4,0,0,0,0,4,0.0,4.64675,0.09675,0,0,0,0,3,3,1,5348,8174,4.0,0,0,0,3,1,powershell_attack,EXECUTION
POWERSHELL_ATTACK-0044,WIN-ARGUS-044,1,10,3,3,6,1,1,4.0,2,0,0,0,0,2,0.0,3.609,0.047,0,0,0,0,5,3,3,10706,7641,2.6666666666666665,0,0,0,3,1,powershell_attack,EXECUTION
POWERSHELL_ATTACK-0044,WIN-ARGUS-044,2,11,3,3,4,1,1,4.0,5,0,0,0,0,5,0.0,4.694599999999999,0.0626,0,0,0,0,3,2,3,5886,9258,5.5,0,0,0,3,1,powershell_attack,EXECUTION
POWERSHELL_ATTACK-0044,WIN-ARGUS-044,3,9,3,3,4,1,1,4.0,3,0,0,0,0,3,0.0,5.381,0.10533333333333333,0,0,0,0,3,3,3,6774,7897,6.0,0,0,0,3,1,powershell_attack,EXECUTION
POWERSHELL_ATTACK-0044,WIN-ARGUS-044,4,10,3,3,3,1,1,4.0,5,0,0,0,0,5,0.0,4.784000000000001,0.0834,0,0,0,0,2,2,1,1631,2747,4.0,0,0,0,3,1,powershell_attack,EXECUTION
POWERSHELL_ATTACK-0044,WIN-ARGUS-044,5,8,3,3,3,1,1,4.0,3,0,0,0,0,3,0.0,4.144,0.064,0,0,0,0,2,2,1,3880,3578,15.0,0,0,0,3,1,powershell_attack,EXECUTION
POWERSHELL_ATTACK-0045,WIN-ARGUS-045,0,12,3,3,6,1,1,4.0,4,0,0,0,0,4,0.0,5.293,0.07125000000000001,0,0,0,0,5,2,2,12067,10866,3.25,0,0,0,3,1,powershell_attack,EXECUTION
POWERSHELL_ATTACK-0045,WIN-ARGUS-045,1,10,3,3,4,1,1,4.0,4,0,0,0,0,4,0.0,4.2775,0.062,0,0,0,0,3,3,2,8546,8580,8.0,0,0,0,3,1,powershell_attack,EXECUTION
POWERSHELL_ATTACK-0045,WIN-ARGUS-045,2,11,3,3,5,1,1,4.0,4,0,0,0,0,4,0.0,5.41175,0.076,0,0,0,0,4,3,3,14525,10121,5.0,0,0,0,3,1,powershell_attack,EXECUTION
POWERSHELL_ATTACK-0045,WIN-ARGUS-045,3,8,3,3,4,1,1,4.0,2,0,0,0,0,2,0.0,4.444000000000001,0.10750000000000001,0,0,0,0,3,1,2,5127,9509,4.5,0,0,0,3,1,powershell_attack,EXECUTION
POWERSHELL_ATTACK-0045,WIN-ARGUS-045,4,11,3,3,6,1,1,4.0,3,0,0,0,0,3,0.0,5.0873333333333335,0.07033333333333334,0,0,0,0,5,2,3,15211,12582,5.5,0,0,0,3,1,powershell_attack,EXECUTION
POWERSHELL_ATTACK-0045,WIN-ARGUS-045,5,12,3,3,5,1,1,4.0,5,0,0,0,0,5,0.0,4.7976,0.0746,0,0,0,0,4,2,2,11722,11272,5.0,0,0,0,3,1,powershell_attack,EXECUTION
POWERSHELL_ATTACK-0046,WIN-ARGUS-046,0,9,3,3,3,1,1,4.0,4,0,0,0,0,4,0.0,5.07425,0.08575,0,0,0,0,2,2,1,2342,5830,3.0,0,0,0,3,1,powershell_attack,EXECUTION
POWERSHELL_ATTACK-0046,WIN-ARGUS-046,1,12,3,3,6,1,1,4.0,4,0,0,0,0,4,0.0,4.72175,0.1135,0,0,0,0,5,3,3,15809,13463,4.25,0,0,0,3,1,powershell_attack,EXECUTION
POWERSHELL_ATTACK-0046,WIN-ARGUS-046,2,10,3,3,4,1,1,4.0,4,0,0,0,0,4,0.0,5.0435,0.08474999999999999,0,0,0,0,3,3,3,11473,7357,6.0,0,0,0,3,1,powershell_attack,EXECUTION
POWERSHELL_ATTACK-0046,WIN-ARGUS-046,3,8,3,3,4,1,1,4.0,2,0,0,0,0,2,0.0,3.8575,0.071,0,0,0,0,3,3,2,8749,7471,5.0,0,0,0,3,1,powershell_attack,EXECUTION
POWERSHELL_ATTACK-0046,WIN-ARGUS-046,4,7,3,3,3,1,1,4.0,2,0,0,0,0,2,0.0,5.3580000000000005,0.1155,0,0,0,0,2,2,1,1737,4445,17.0,0,0,0,3,1,powershell_attack,EXECUTION
POWERSHELL_ATTACK-0046,WIN-ARGUS-046,5,8,3,3,4,1,1,4.0,2,0,0,0,0,2,0.0,5.4565,0.0395,0,0,0,0,3,2,2,8425,7445,12.0,0,0,0,3,1,powershell_attack,EXECUTION
POWERSHELL_ATTACK-0047,WIN-ARGUS-047,0,9,3,3,3,1,1,4.0,4,0,0,0,0,4,0.0,5.3955,0.10225000000000001,0,0,0,0,2,2,2,3946,5468,2.0,0,0,0,3,1,powershell_attack,EXECUTION
POWERSHELL_ATTACK-0047,WIN-ARGUS-047,1,10,3,3,4,1,1,4.0,4,0,0,0,0,4,0.0,4.64775,0.08925,0,0,0,0,3,3,3,9135,4797,3.5,0,0,0,3,1,powershell_attack,EXECUTION
POWERSHELL_ATTACK-0047,WIN-ARGUS-047,2,11,3,3,5,1,1,4.0,4,0,0,0,0,4,0.0,5.051,0.0965,0,0,0,0,4,2,3,8871,10236,4.666666666666667,0,0,0,3,1,powershell_attack,EXECUTION
POWERSHELL_ATTACK-0047,WIN-ARGUS-047,3,10,3,3,3,1,1,4.0,5,0,0,0,0,5,0.0,4.5062,0.081,0,0,0,0,2,2,2,1821,3198,6.0,0,0,0,3,1,powershell_attack,EXECUTION
POWERSHELL_ATTACK-0047,WIN-ARGUS-047,4,11,3,3,5,1,1,4.0,4,0,0,0,0,4,0.0,4.6907499999999995,0.0825,0,0,0,0,4,3,2,15382,8886,5.0,0,0,0,3,1,powershell_attack,EXECUTION
POWERSHELL_ATTACK-0047,WIN-ARGUS-047,5,9,3,3,5,1,1,4.0,2,0,0,0,0,2,0.0,4.4215,0.0575,0,0,0,0,4,3,3,7035,8486,7.0,0,0,0,3,1,powershell_attack,EXECUTION
POWERSHELL_ATTACK-0048,WIN-ARGUS-048,0,13,3,3,6,1,1,4.0,5,0,0,0,0,5,0.0,4.5998,0.08360000000000001,0,0,0,0,5,2,3,11122,9994,3.6666666666666665,0,0,0,3,1,powershell_attack,EXECUTION
POWERSHELL_ATTACK-0048,WIN-ARGUS-048,1,9,3,3,5,1,1,4.0,2,0,0,0,0,2,0.0,4.242,0.0915,0,0,0,0,4,3,3,9839,13428,5.0,0,0,0,3,1,powershell_attack,EXECUTION
POWERSHELL_ATTACK-0048,WIN-ARGUS-048,2,12,3,3,5,1,1,4.0,5,0,0,0,0,5,0.0,5.0682,0.044,0,0,0,0,4,3,3,13600,11197,3.6666666666666665,0,0,0,3,1,powershell_attack,EXECUTION
POWERSHELL_ATTACK-0048,WIN-ARGUS-048,3,10,3,3,5,1,1,4.0,3,0,0,0,0,3,0.0,4.774333333333334,0.05366666666666667,0,0,0,0,4,2,2,8573,11386,2.0,0,0,0,3,1,powershell_attack,EXECUTION
POWERSHELL_ATTACK-0048,WIN-ARGUS-048,4,7,3,3,3,1,1,4.0,2,0,0,0,0,2,0.0,4.218999999999999,0.0935,0,0,0,0,2,2,1,4939,4326,9.0,0,0,0,3,1,powershell_attack,EXECUTION
POWERSHELL_ATTACK-0048,WIN-ARGUS-048,5,10,3,3,3,1,1,4.0,5,0,0,0,0,5,0.0,5.0268,0.1008,0,0,0,0,2,2,2,3770,2866,6.0,0,0,0,3,1,powershell_attack,EXECUTION
POWERSHELL_ATTACK-0049,WIN-ARGUS-049,0,9,3,3,5,1,1,4.0,2,0,0,0,0,2,0.0,4.335,0.12000000000000001,0,0,0,0,4,2,2,8704,12808,3.3333333333333335,0,0,0,3,1,powershell_attack,EXECUTION
POWERSHELL_ATTACK-0049,WIN-ARGUS-049,1,9,3,3,4,1,1,4.0,3,0,0,0,0,3,0.0,5.159,0.066,0,0,0,0,3,2,1,9139,5849,5.0,0,0,0,3,1,powershell_attack,EXECUTION
POWERSHELL_ATTACK-0049,WIN-ARGUS-049,2,8,3,3,3,1,1,4.0,3,0,0,0,0,3,0.0,4.582333333333334,0.05833333333333334,0,0,0,0,2,2,2,3161,2261,13.0,0,0,0,3,1,powershell_attack,EXECUTION
POWERSHELL_ATTACK-0049,WIN-ARGUS-049,3,12,3,3,5,1,1,4.0,5,0,0,0,0,5,0.0,4.921,0.09519999999999999,0,0,0,0,4,1,2,11555,4442,2.3333333333333335,0,0,0,3,1,powershell_attack,EXECUTION
POWERSHELL_ATTACK-0049,WIN-ARGUS-049,4,12,3,3,6,1,1,4.0,4,0,0,0,0,4,0.0,4.411,0.09925,0,0,0,0,5,3,2,13494,15842,3.25,0,0,0,3,1,powershell_attack,EXECUTION
POWERSHELL_ATTACK-0049,WIN-ARGUS-049,5,10,3,3,6,1,1,4.0,2,0,0,0,0,2,0.0,5.2330000000000005,0.1095,0,0,0,0,5,2,3,19845,10351,4.75,0,0,0,3,1,powershell_attack,EXECUTION
POWERSHELL_ATTACK-0050,WIN-ARGUS-050,0,11,3,3,5,1,1,4.0,4,0,0,0,0,4,0.0,4.6282499999999995,0.09625,0,0,0,0,4,2,2,10471,6663,7.0,0,0,0,3,1,powershell_attack,EXECUTION
POWERSHELL_ATTACK-0050,WIN-ARGUS-050,1,11,3,3,4,1,1,4.0,5,0,0,0,0,5,0.0,4.5332,0.0732,0,0,0,0,3,1,2,3927,10506,5.5,0,0,0,3,1,powershell_attack,EXECUTION
POWERSHELL_ATTACK-0050,WIN-ARGUS-050,2,13,3,3,6,1,1,4.0,5,0,0,0,0,5,0.0,4.925,0.0936,0,0,0,0,5,2,2,16556,10969,6.333333333333333,0,0,0,3,1,powershell_attack,EXECUTION
POWERSHELL_ATTACK-0050,WIN-ARGUS-050,3,12,3,3,5,1,1,4.0,5,0,0,0,0,5,0.0,5.1858,0.0754,0,0,0,0,4,2,3,16009,9512,2.3333333333333335,0,0,0,3,1,powershell_attack,EXECUTION
POWERSHELL_ATTACK-0050,WIN-ARGUS-050,4,10,3,3,5,1,1,4.0,3,0,0,0,0,3,0.0,3.9296666666666664,0.08233333333333333,0,0,0,0,4,3,2,6717,13000,5.0,0,0,0,3,1,powershell_attack,EXECUTION
POWERSHELL_ATTACK-0050,WIN-ARGUS-050,5,9,3,3,5,1,1,4.0,2,0,0,0,0,2,0.0,3.7275,0.075,0,0,0,0,4,2,3,7874,6535,5.333333333333333,0,0,0,3,1,powershell_attack,EXECUTION
POWERSHELL_ATTACK-0051,WIN-ARGUS-051,0,12,3,3,5,1,1,4.0,5,0,0,0,0,5,0.0,5.2106,0.0772,0,0,0,0,4,3,2,13128,15049,4.5,0,0,0,3,1,powershell_attack,EXECUTION
POWERSHELL_ATTACK-0051,WIN-ARGUS-051,1,11,3,3,4,1,1,4.0,5,0,0,0,0,5,0.0,3.972,0.088,0,0,0,0,3,2,3,12044,9435,2.5,0,0,0,3,1,powershell_attack,EXECUTION
POWERSHELL_ATTACK-0051,WIN-ARGUS-051,2,11,3,3,6,1,1,4.0,3,0,0,0,0,3,0.0,4.859,0.08133333333333333,0,0,0,0,5,3,3,12546,10379,4.75,0,0,0,3,1,powershell_attack,EXECUTION
POWERSHELL_ATTACK-0051,WIN-ARGUS-051,3,7,3,3,3,1,1,4.0,2,0,0,0,0,2,0.0,5.4265,0.0695,0,0,0,0,2,2,2,6294,1768,13.0,0,0,0,3,1,powershell_attack,EXECUTION
POWERSHELL_ATTACK-0051,WIN-ARGUS-051,4,12,3,3,6,1,1,4.0,4,0,0,0,0,4,0.0,4.88725,0.09275,0,0,0,0,5,3,3,17279,12464,4.0,0,0,0,3,1,powershell_attack,EXECUTION
POWERSHELL_ATTACK-0051,WIN-ARGUS-051,5,11,3,3,5,1,1,4.0,4,0,0,0,0,4,0.0,4.1785,0.09125,0,0,0,0,4,2,3,12875,8415,5.333333333333333,0,0,0,3,1,powershell_attack,EXECUTION
POWERSHELL_ATTACK-0052,WIN-ARGUS-052,0,10,3,3,3,1,1,4.0,5,0,0,0,0,5,0.0,4.5872,0.0738,0,0,0,0,2,1,2,2626,6122,13.0,0,0,0,3,1,powershell_attack,EXECUTION
POWERSHELL_ATTACK-0052,WIN-ARGUS-052,1,12,3,3,6,1,1,4.0,4,0,0,0,0,4,0.0,5.64875,0.0575,0,0,0,0,5,2,2,14746,11661,2.75,0,0,0,3,1,powershell_attack,EXECUTION
POWERSHELL_ATTACK-0052,WIN-ARGUS-052,2,10,3,3,6,1,1,4.0,2,0,0,0,0,2,0.0,5.208,0.08750000000000001,0,0,0,0,5,3,3,8598,7430,5.666666666666667,0,0,0,3,1,powershell_attack,EXECUTION
POWERSHELL_ATTACK-0052,WIN-ARGUS-052,3,9,3,3,5,1,1,4.0,2,0,0,0,0,2,0.0,5.0815,0.118,0,0,0,0,4,2,2,10502,14474,4.0,0,0,0,3,1,powershell_attack,EXECUTION
POWERSHELL_ATTACK-0052,WIN-ARGUS-052,4,9,3,3,4,1,1,4.0,3,0,0,0,0,3,0.0,4.437666666666666,0.045000000000000005,0,0,0,0,3,2,2,7879,3236,3.5,0,0,0,3,1,powershell_attack,EXECUTION
POWERSHELL_ATTACK-0052,WIN-ARGUS-052,5,10,3,3,5,1,1,4.0,3,0,0,0,0,3,0.0,4.442,0.06433333333333334,0,0,0,0,4,2,3,15668,13839,5.0,0,0,0,3,1,powershell_attack,EXECUTION
POWERSHELL_ATTACK-0053,WIN-ARGUS-053,0,10,3,3,6,1,1,4.0,2,0,0,0,0,2,0.0,5.4765,0.0975,0,0,0,0,5,3,3,13594,19643,4.0,0,0,0,3,1,powershell_attack,EXECUTION
POWERSHELL_ATTACK-0053,WIN-ARGUS-053,1,9,3,3,3,1,1,4.0,4,0,0,0,0,4,0.0,4.2705,0.08750000000000001,0,0,0,0,2,1,2,2776,5488,8.0,0,0,0,3,1,powershell_attack,EXECUTION
POWERSHELL_ATTACK-0053,WIN-ARGUS-053,2,8,3,3,3,1,1,4.0,3,0,0,0,0,3,0.0,5.530666666666666,0.06866666666666667,0,0,0,0,2,1,1,8842,4561,2.0,0,0,0,3,1,powershell_attack,EXECUTION
POWERSHELL_ATTACK-0053,WIN-ARGUS-053,3,13,3,3,6,1,1,4.0,5,0,0,0,0,5,0.0,5.2606,0.057999999999999996,0,0,0,0,5,3,2,19884,10474,2.5,0,0,0,3,1,powershell_attack,EXECUTION
POWERSHELL_ATTACK-0053,WIN-ARGUS-053,4,8,3,3,3,1,1,4.0,3,0,0,0,0,3,0.0,4.661333333333333,0.07066666666666667,0,0,0,0,2,1,2,3166,7412,11.0,0,0,0,3,1,powershell_attack,EXECUTION
POWERSHELL_ATTACK-0053,WIN-ARGUS-053,5,11,3,3,5,1,1,4.0,4,0,0,0,0,4,0.0,4.93175,0.09125,0,0,0,0,4,2,3,10776,12216,3.3333333333333335,0,0,0,3,1,powershell_attack,EXECUTION
POWERSHELL_ATTACK-0054,WIN-ARGUS-054,0,12,3,3,6,1,1,4.0,4,0,0,0,0,4,0.0,5.3395,0.111,0,0,0,0,5,3,2,9768,17564,5.666666666666667,0,0,0,3,1,powershell_attack,EXECUTION
POWERSHELL_ATTACK-0054,WIN-ARGUS-054,1,10,3,3,3,1,1,4.0,5,0,0,0,0,5,0.0,5.606,0.07120000000000001,0,0,0,0,2,2,2,1806,7342,0.0,0,0,0,3,1,powershell_attack,EXECUTION
POWERSHELL_ATTACK-0054,WIN-ARGUS-054,2,13,3,3,6,1,1,4.0,5,0,0,0,0,5,0.0,4.6234,0.0996,0,0,0,0,5,3,3,12658,15200,4.75,0,0,0,3,1,powershell_attack,EXECUTION
POWERSHELL_ATTACK-0054,WIN-ARGUS-054,3,9,3,3,5,1,1,4.0,2,0,0,0,0,2,0.0,6.009,0.0985,0,0,0,0,4,2,2,11245,8132,5.0,0,0,0,3,1,powershell_attack,EXECUTION
POWERSHELL_ATTACK-0054,WIN-ARGUS-054,4,8,3,3,3,1,1,4.0,3,0,0,0,0,3,0.0,5.067,0.12433333333333334,0,0,0,0,2,1,2,2485,2606,4.0,0,0,0,3,1,powershell_attack,EXECUTION
POWERSHELL_ATTACK-0054,WIN-ARGUS-054,5,10,3,3,3,1,1,4.0,5,0,0,0,0,5,0.0,4.5822,0.0764,0,0,0,0,2,1,2,6881,6261,5.0,0,0,0,3,1,powershell_attack,EXECUTION
POWERSHELL_ATTACK-0055,WIN-ARGUS-055,0,10,3,3,3,1,1,4.0,5,0,0,0,0,5,0.0,4.868399999999999,0.06520000000000001,0,0,0,0,2,2,2,2268,6794,5.0,0,0,0,3,1,powershell_attack,EXECUTION
POWERSHELL_ATTACK-0055,WIN-ARGUS-055,1,7,3,3,3,1,1,4.0,2,0,0,0,0,2,0.0,5.6530000000000005,0.124,0,0,0,0,2,2,1,5749,527,7.0,0,0,0,3,1,powershell_attack,EXECUTION
POWERSHELL_ATTACK-0055,WIN-ARGUS-055,2,8,3,3,4,1,1,4.0,2,0,0,0,0,2,0.0,4.5024999999999995,0.07350000000000001,0,0,0,0,3,2,1,8336,5077,8.5,0,0,0,3,1,powershell_attack,EXECUTION
POWERSHELL_ATTACK-0055,WIN-ARGUS-055,3,13,3,3,6,1,1,4.0,5,0,0,0,0,5,0.0,4.733,0.083,0,0,0,0,5,3,2,11857,10680,1.5,0,0,0,3,1,powershell_attack,EXECUTION
POWERSHELL_ATTACK-0055,WIN-ARGUS-055,4,12,3,3,5,1,1,4.0,5,0,0,0,0,5,0.0,4.8264,0.0936,0,0,0,0,4,3,2,7134,11720,6.0,0,0,0,3,1,powershell_attack,EXECUTION
POWERSHELL_ATTACK-0055,WIN-ARGUS-055,5,8,3,3,3,1,1,4.0,3,0,0,0,0,3,0.0,4.578,0.06933333333333334,0,0,0,0,2,1,1,8308,7235,11.0,0,0,0,3,1,powershell_attack,EXECUTION
POWERSHELL_ATTACK-0056,WIN-ARGUS-056,0,12,3,3,5,1,1,4.0,5,0,0,0,0,5,0.0,4.3826,0.1206,0,0,0,0,4,3,1,13242,10425,8.0,0,0,0,3,1,powershell_attack,EXECUTION
POWERSHELL_ATTACK-0056,WIN-ARGUS-056,1,9,3,3,4,1,1,4.0,3,0,0,0,0,3,0.0,6.119,0.085,0,0,0,0,3,2,3,6996,11041,5.0,0,0,0,3,1,powershell_attack,EXECUTION
POWERSHELL_ATTACK-0056,WIN-ARGUS-056,2,12,3,3,6,1,1,4.0,4,0,0,0,0,4,0.0,4.27025,0.1275,0,0,0,0,5,2,2,10409,15936,4.5,0,0,0,3,1,powershell_attack,EXECUTION
POWERSHELL_ATTACK-0056,WIN-ARGUS-056,3,10,3,3,6,1,1,4.0,2,0,0,0,0,2,0.0,4.8294999999999995,0.0835,0,0,0,0,5,3,2,18364,12847,7.0,0,0,0,3,1,powershell_attack,EXECUTION
POWERSHELL_ATTACK-0056,WIN-ARGUS-056,4,8,3,3,3,1,1,4.0,3,0,0,0,0,3,0.0,4.024333333333334,0.08900000000000001,0,0,0,0,2,2,1,5259,2401,12.0,0,0,0,3,1,powershell_attack,EXECUTION
POWERSHELL_ATTACK-0056,WIN-ARGUS-056,5,10,3,3,5,1,1,4.0,3,0,0,0,0,3,0.0,5.1113333333333335,0.061,0,0,0,0,4,2,2,4244,10322,5.333333333333333,0,0,0,3,1,powershell_attack,EXECUTION
POWERSHELL_ATTACK-0057,WIN-ARGUS-057,0,12,3,3,5,1,1,4.0,5,0,0,0,0,5,0.0,5.1776,0.084,0,0,0,0,4,2,3,13256,9991,5.0,0,0,0,3,1,powershell_attack,EXECUTION
POWERSHELL_ATTACK-0057,WIN-ARGUS-057,1,11,3,3,5,1,1,4.0,4,0,0,0,0,4,0.0,4.713,0.08225,0,0,0,0,4,2,3,8994,12960,3.6666666666666665,0,0,0,3,1,powershell_attack,EXECUTION
POWERSHELL_ATTACK-0057,WIN-ARGUS-057,2,10,3,3,5,1,1,4.0,3,0,0,0,0,3,0.0,5.359333333333333,0.08633333333333333,0,0,0,0,4,2,2,6679,8227,7.0,0,0,0,3,1,powershell_attack,EXECUTION
POWERSHELL_ATTACK-0057,WIN-ARGUS-057,3,12,3,3,6,1,1,4.0,4,0,0,0,0,4,0.0,4.741,0.03775,0,0,0,0,5,2,3,7097,10457,5.5,0,0,0,3,1,powershell_attack,EXECUTION
POWERSHELL_ATTACK-0057,WIN-ARGUS-057,4,13,3,3,6,1,1,4.0,5,0,0,0,0,5,0.0,5.017799999999999,0.0882,0,0,0,0,5,2,3,8928,15915,4.5,0,0,0,3,1,powershell_attack,EXECUTION
POWERSHELL_ATTACK-0057,WIN-ARGUS-057,5,8,3,3,4,1,1,4.0,2,0,0,0,0,2,0.0,4.261,0.017,0,0,0,0,3,2,2,12075,8511,4.5,0,0,0,3,1,powershell_attack,EXECUTION
POWERSHELL_ATTACK-0058,WIN-ARGUS-058,0,11,3,3,5,1,1,4.0,4,0,0,0,0,4,0.0,5.5885,0.07400000000000001,0,0,0,0,4,2,2,11861,15660,4.666666666666667,0,0,0,3,1,powershell_attack,EXECUTION
POWERSHELL_ATTACK-0058,WIN-ARGUS-058,1,11,3,3,4,1,1,4.0,5,0,0,0,0,5,0.0,5.0402000000000005,0.0522,0,0,0,0,3,3,3,8016,8541,3.0,0,0,0,3,1,powershell_attack,EXECUTION
POWERSHELL_ATTACK-0058,WIN-ARGUS-058,2,8,3,3,4,1,1,4.0,2,0,0,0,0,2,0.0,4.8685,0.0655,0,0,0,0,3,3,2,13237,7151,5.5,0,0,0,3,1,powershell_attack,EXECUTION
POWERSHELL_ATTACK-0058,WIN-ARGUS-058,3,9,3,3,5,1,1,4.0,2,0,0,0,0,2,0.0,5.283,0.065,0,0,0,0,4,3,2,12351,5945,5.0,0,0,0,3,1,powershell_attack,EXECUTION
POWERSHELL_ATTACK-0058,WIN-ARGUS-058,4,8,3,3,4,1,1,4.0,2,0,0,0,0,2,0.0,3.7605,0.10250000000000001,0,0,0,0,3,1,2,6314,13132,5.0,0,0,0,3,1,powershell_attack,EXECUTION
POWERSHELL_ATTACK-0058,WIN-ARGUS-058,5,9,3,3,5,1,1,4.0,2,0,0,0,0,2,0.0,4.324,0.0595,0,0,0,0,4,2,2,14751,11619,8.0,0,0,0,3,1,powershell_attack,EXECUTION
POWERSHELL_ATTACK-0059,WIN-ARGUS-059,0,8,3,3,3,1,1,4.0,3,0,0,0,0,3,0.0,4.363,0.07066666666666667,0,0,0,0,2,1,1,5857,6041,2.0,0,0,0,3,1,powershell_attack,EXECUTION
POWERSHELL_ATTACK-0059,WIN-ARGUS-059,1,7,3,3,3,1,1,4.0,2,0,0,0,0,2,0.0,4.9625,0.051000000000000004,0,0,0,0,2,2,2,8857,4655,16.0,0,0,0,3,1,powershell_attack,EXECUTION
POWERSHELL_ATTACK-0059,WIN-ARGUS-059,2,7,3,3,3,1,1,4.0,2,0,0,0,0,2,0.0,4.82,0.047,0,0,0,0,2,1,2,6032,6650,13.0,0,0,0,3,1,powershell_attack,EXECUTION
POWERSHELL_ATTACK-0059,WIN-ARGUS-059,3,9,3,3,5,1,1,4.0,2,0,0,0,0,2,0.0,5.140499999999999,0.1235,0,0,0,0,4,3,2,9128,5557,2.5,0,0,0,3,1,powershell_attack,EXECUTION
POWERSHELL_ATTACK-0059,WIN-ARGUS-059,4,9,3,3,5,1,1,4.0,2,0,0,0,0,2,0.0,4.8215,0.113,0,0,0,0,4,2,3,9996,5524,2.6666666666666665,0,0,0,3,1,powershell_attack,EXECUTION
POWERSHELL_ATTACK-0059,WIN-ARGUS-059,5,9,3,3,5,1,1,4.0,2,0,0,0,0,2,0.0,5.356,0.0395,0,0,0,0,4,3,2,15041,13202,3.3333333333333335,0,0,0,3,1,powershell_attack,EXECUTION
POWERSHELL_ATTACK-0060,WIN-ARGUS-060,0,12,3,3,6,1,1,4.0,4,0,0,0,0,4,0.0,5.1885,0.060250000000000005,0,0,0,0,5,3,2,18603,15916,3.0,0,0,0,3,1,powershell_attack,EXECUTION
POWERSHELL_ATTACK-0060,WIN-ARGUS-060,1,9,3,3,3,1,1,4.0,4,0,0,0,0,4,0.0,4.8255,0.076,0,0,0,0,2,2,2,6311,5534,5.0,0,0,0,3,1,powershell_attack,EXECUTION
POWERSHELL_ATTACK-0060,WIN-ARGUS-060,2,11,3,3,6,1,1,4.0,3,0,0,0,0,3,0.0,5.003,0.10033333333333334,0,0,0,0,5,3,3,7979,17275,2.5,0,0,0,3,1,powershell_attack,EXECUTION
POWERSHELL_ATTACK-0060,WIN-ARGUS-060,3,9,3,3,3,1,1,4.0,4,0,0,0,0,4,0.0,5.205500000000001,0.10225000000000001,0,0,0,0,2,1,1,5185,4018,17.0,0,0,0,3,1,powershell_attack,EXECUTION
POWERSHELL_ATTACK-0060,WIN-ARGUS-060,4,11,3,3,6,1,1,4.0,3,0,0,0,0,3,0.0,5.848333333333334,0.085,0,0,0,0,5,3,3,13264,10887,4.333333333333333,0,0,0,3,1,powershell_attack,EXECUTION
POWERSHELL_ATTACK-0060,WIN-ARGUS-060,5,8,3,3,4,1,1,4.0,2,0,0,0,0,2,0.0,5.9544999999999995,0.0785,0,0,0,0,3,2,3,6645,7680,5.5,0,0,0,3,1,powershell_attack,EXECUTION
RANSOMWARE_LIKE-0001,WIN-ARGUS-001,0,89,1,1,0,0,0,2.0,0,29,30,0,24,83,0.9666666666666667,6.972108433734939,2.153746987951807,23,0,0,0,5,3,3,8057,6555,4.5,0,0,0,3,1,ransomware_like,IMPACT
RANSOMWARE_LIKE-0001,WIN-ARGUS-001,1,102,1,1,0,0,0,2.0,0,23,38,0,36,97,0.7666666666666667,7.235144329896907,2.360556701030928,23,0,0,0,4,3,2,9749,15061,5.0,0,0,0,3,1,ransomware_like,IMPACT
RANSOMWARE_LIKE-0001,WIN-ARGUS-001,2,94,1,1,0,0,0,2.0,0,27,28,0,33,88,0.9,7.1872727272727275,2.273784090909091,21,0,0,0,5,2,3,9675,12957,5.0,0,0,0,3,1,ransomware_like,IMPACT
RANSOMWARE_LIKE-0001,WIN-ARGUS-001,3,104,1,1,0,0,0,2.0,0,42,25,0,33,100,1.4,7.0310500000000005,2.23847,35,0,0,0,3,3,2,9377,4454,11.0,0,0,0,3,1,ransomware_like,IMPACT
RANSOMWARE_LIKE-0001,WIN-ARGUS-001,4,102,1,1,0,0,0,2.0,0,27,41,0,30,98,0.9,6.9661224489795925,2.201877551020408,23,0,0,0,3,2,2,7489,9491,7.0,0,0,0,3,1,ransomware_like,IMPACT
RANSOMWARE_LIKE-0001,WIN-ARGUS-001,5,95,1,1,0,0,0,2.0,0,23,36,0,30,89,0.7666666666666667,7.165303370786517,2.180629213483146,19,0,0,0,5,3,3,8915,17358,4.333333333333333,0,0,0,3,1,ransomware_like,IMPACT
RANSOMWARE_LIKE-0002,WIN-ARGUS-002,0,85,1,1,0,0,0,2.0,0,32,23,0,25,80,1.0666666666666667,6.9779375,2.2384125,27,0,0,0,4,2,2,9658,13779,7.0,0,0,0,3,1,ransomware_like,IMPACT
RANSOMWARE_LIKE-0002,WIN-ARGUS-002,1,94,1,1,0,0,0,2.0,0,31,32,0,28,91,1.0333333333333334,7.264835164835165,2.460241758241758,26,0,0,0,2,1,2,6078,4699,4.0,0,0,0,3,1,ransomware_like,IMPACT
RANSOMWARE_LIKE-0002,WIN-ARGUS-002,2,97,1,1,0,0,0,2.0,0,29,28,0,34,91,0.9666666666666667,6.917868131868131,2.061857142857143,25,0,0,0,5,3,2,11807,9668,8.0,0,0,0,3,1,ransomware_like,IMPACT
RANSOMWARE_LIKE-0002,WIN-ARGUS-002,3,76,1,1,0,0,0,2.0,0,27,26,0,18,71,0.9,7.2325633802816895,2.2088028169014082,22,0,0,0,4,3,3,6440,9418,6.666666666666667,0,0,0,3,1,ransomware_like,IMPACT
RANSOMWARE_LIKE-0002,WIN-ARGUS-002,4,93,1,1,0,0,0,2.0,0,35,30,0,22,87,1.1666666666666667,6.971103448275862,2.1627011494252875,28,0,0,0,5,3,3,10348,8022,3.25,0,0,0,3,1,ransomware_like,IMPACT
RANSOMWARE_LIKE-0002,WIN-ARGUS-002,5,90,1,1,0,0,0,2.0,0,27,34,0,26,87,0.9,6.992011494252873,2.2250344827586206,24,0,0,0,2,1,2,5639,5498,1.0,0,0,0,3,1,ransomware_like,IMPACT
RANSOMWARE_LIKE-0003,WIN-ARGUS-003,0,89,1,1,0,0,0,2.0,0,28,23,0,33,84,0.9333333333333333,7.048916666666667,2.3034880952380954,23,0,0,0,4,2,3,10244,9157,6.0,0,0,0,3,1,ransomware_like,IMPACT
RANSOMWARE_LIKE-0003,WIN-ARGUS-003,1,96,1,1,0,0,0,2.0,0,27,34,0,31,92,0.9,6.930934782608695,2.133978260869565,19,0,0,0,3,2,2,10271,9587,10.0,0,0,0,3,1,ransomware_like,IMPACT
RANSOMWARE_LIKE-0003,WIN-ARGUS-003,2,104,1,1,0,0,0,2.0,0,32,34,0,32,98,1.0666666666666667,7.249367346938776,2.3401224489795918,29,0,0,0,5,3,2,13431,15286,5.0,0,0,0,3,1,ransomware_like,IMPACT
RANSOMWARE_LIKE-0003,WIN-ARGUS-003,3,90,1,1,0,0,0,2.0,0,30,28,0,26,84,1.0,7.040285714285714,2.260702380952381,29,0,0,0,5,3,3,13015,13982,4.333333333333333,0,0,0,3,1,ransomware_like,IMPACT
RANSOMWARE_LIKE-0003,WIN-ARGUS-003,4,98,1,1,0,0,0,2.0,0,25,35,0,34,94,0.8333333333333334,7.014606382978724,2.1265106382978725,20,0,0,0,3,2,2,3616,7520,9.5,0,0,0,3,1,ransomware_like,IMPACT
RANSOMWARE_LIKE-0003,WIN-ARGUS-003,5,76,1,1,0,0,0,2.0,0,21,25,0,25,71,0.7,7.117408450704225,2.295816901408451,18,0,0,0,4,3,3,11737,5997,7.333333333333333,0,0,0,3,1,ransomware_like,IMPACT
RANSOMWARE_LIKE-0004,WIN-ARGUS-004,0,112,1,1,0,0,0,2.0,0,26,43,0,40,109,0.8666666666666667,7.234394495412844,2.2568532110091746,23,0,0,0,2,1,2,5436,5557,9.0,0,0,0,3,1,ransomware_like,IMPACT
RANSOMWARE_LIKE-0004,WIN-ARGUS-004,1,93,1,1,0,0,0,2.0,0,34,23,0,32,89,1.1333333333333333,7.223741573033708,2.3086516853932584,29,0,0,0,3,2,2,5135,9986,8.0,0,0,0,3,1,ransomware_like,IMPACT
RANSOMWARE_LIKE-0004,WIN-ARGUS-004,2,115,1,1,0,0,0,2.0,0,31,41,0,38,110,1.0333333333333334,6.925627272727272,2.2280545454545457,26,0,0,0,4,2,2,11076,9847,6.5,0,0,0,3,1,ransomware_like,IMPACT
RANSOMWARE_LIKE-0004,WIN-ARGUS-004,3,90,1,1,0,0,0,2.0,0,25,28,0,32,85,0.8333333333333334,6.935670588235294,2.027729411764706,16,0,0,0,4,3,3,12566,11366,6.0,0,0,0,3,1,ransomware_like,IMPACT
RANSOMWARE_LIKE-0004,WIN-ARGUS-004,4,92,1,1,0,0,0,2.0,0,35,26,0,25,86,1.1666666666666667,7.145651162790697,2.3806395348837213,31,0,0,0,5,2,3,18030,14370,4.75,0,0,0,3,1,ransomware_like,IMPACT
RANSOMWARE_LIKE-0004,WIN-ARGUS-004,5,99,1,1,0,0,0,2.0,0,40,33,0,22,95,1.3333333333333333,7.111557894736841,2.3405473684210527,35,0,0,0,3,2,2,12206,4832,11.5,0,0,0,3,1,ransomware_like,IMPACT
RANSOMWARE_LIKE-0005,WIN-ARGUS-005,0,112,1,1,0,0,0,2.0,0,30,42,0,37,109,1.0,6.961064220183486,2.127623853211009,28,0,0,0,2,1,2,6543,5452,11.0,0,0,0,3,1,ransomware_like,IMPACT
RANSOMWARE_LIKE-0005,WIN-ARGUS-005,1,107,1,1,0,0,0,2.0,0,34,31,0,36,101,1.1333333333333333,7.389564356435644,2.4465346534653465,30,0,0,0,5,2,3,13902,13182,6.25,0,0,0,3,1,ransomware_like,IMPACT
RANSOMWARE_LIKE-0005,WIN-ARGUS-005,2,109,1,1,0,0,0,2.0,0,36,34,0,34,104,1.2,7.3569038461538465,2.362826923076923,34,0,0,0,4,2,2,13758,13096,10.5,0,0,0,3,1,ransomware_like,IMPACT
RANSOMWARE_LIKE-0005,WIN-ARGUS-005,3,104,1,1,0,0,0,2.0,0,30,33,0,35,98,1.0,7.258224489795919,2.3534795918367344,21,0,0,0,5,2,3,10181,11810,4.0,0,0,0,3,1,ransomware_like,IMPACT
RANSOMWARE_LIKE-0005,WIN-ARGUS-005,4,81,1,1,0,0,0,2.0,0,31,23,0,24,78,1.0333333333333334,7.20552564102564,2.2297051282051283,26,0,0,0,2,1,1,4398,8284,11.0,0,0,0,3,1,ransomware_like,IMPACT
RANSOMWARE_LIKE-0005,WIN-ARGUS-005,5,91,1,1,0,0,0,2.0,0,26,25,0,36,87,0.8666666666666667,7.144735632183908,2.3505977011494252,21,0,0,0,3,2,2,9617,7296,11.5,0,0,0,3,1,ransomware_like,IMPACT
RANSOMWARE_LIKE-0006,WIN-ARGUS-006,0,94,1,1,0,0,0,2.0,0,22,30,0,39,91,0.7333333333333333,6.928010989010988,2.1006043956043956,19,0,0,0,2,1,2,1541,2574,9.0,0,0,0,3,1,ransomware_like,IMPACT
RANSOMWARE_LIKE-0006,WIN-ARGUS-006,1,103,1,1,0,0,0,2.0,0,30,32,0,38,100,1.0,7.134779999999999,2.21654,25,0,0,0,2,2,1,3734,4225,23.0,0,0,0,3,1,ransomware_like,IMPACT
RANSOMWARE_LIKE-0006,WIN-ARGUS-006,2,113,1,1,0,0,0,2.0,0,33,28,0,46,107,1.1,7.0696822429906545,2.2318785046728973,28,0,0,0,5,3,3,15984,14070,4.75,0,0,0,3,1,ransomware_like,IMPACT
RANSOMWARE_LIKE-0006,WIN-ARGUS-006,3,82,1,1,0,0,0,2.0,0,18,32,0,26,76,0.6,6.65896052631579,2.018092105263158,14,0,0,0,5,3,2,20016,16334,2.5,0,0,0,3,1,ransomware_like,IMPACT
RANSOMWARE_LIKE-0006,WIN-ARGUS-006,4,108,1,1,0,0,0,2.0,0,29,28,0,46,103,0.9666666666666667,7.092504854368932,2.2480485436893205,26,0,0,0,4,3,3,11043,9008,7.666666666666667,0,0,0,3,1,ransomware_like,IMPACT
RANSOMWARE_LIKE-0006,WIN-ARGUS-006,5,88,1,1,0,0,0,2.0,0,27,27,0,31,85,0.9,6.960270588235295,2.2486117647058825,24,0,0,0,2,2,2,5375,2922,14.0,0,0,0,3,1,ransomware_like,IMPACT
RANSOMWARE_LIKE-0007,WIN-ARGUS-007,0,83,1,1,0,0,0,2.0,0,30,19,0,29,78,1.0,6.874410256410256,2.0806153846153848,27,0,0,0,4,3,2,11991,12829,5.0,0,0,0,3,1,ransomware_like,IMPACT
RANSOMWARE_LIKE-0007,WIN-ARGUS-007,1,83,1,1,0,0,0,2.0,0,19,25,0,36,80,0.6333333333333333,7.069137499999999,2.23185,15,0,0,0,2,2,1,5472,5463,4.0,0,0,0,3,1,ransomware_like,IMPACT
RANSOMWARE_LIKE-0007,WIN-ARGUS-007,2,76,1,1,0,0,0,2.0,0,20,22,0,28,70,0.6666666666666666,7.168642857142857,2.3670857142857145,20,0,0,0,5,2,3,13490,14823,4.5,0,0,0,3,1,ransomware_like,IMPACT
RANSOMWARE_LIKE-0007,WIN-ARGUS-007,3,114,1,1,0,0,0,2.0,0,38,38,0,33,109,1.2666666666666666,7.23634862385321,2.3655321100917432,31,0,0,0,4,3,2,8385,7852,8.333333333333334,0,0,0,3,1,ransomware_like,IMPACT
RANSOMWARE_LIKE-0007,WIN-ARGUS-007,4,100,1,1,0,0,0,2.0,0,35,28,0,31,94,1.1666666666666667,6.924382978723405,2.085159574468085,30,0,0,0,5,2,3,15261,14246,3.75,0,0,0,3,1,ransomware_like,IMPACT
RANSOMWARE_LIKE-0007,WIN-ARGUS-007,5,110,1,1,0,0,0,2.0,0,28,34,0,43,105,0.9333333333333333,7.051666666666666,2.2020476190476193,25,0,0,0,4,2,3,9735,7952,2.0,0,0,0,3,1,ransomware_like,IMPACT
RANSOMWARE_LIKE-0008,WIN-ARGUS-008,0,109,1,1,0,0,0,2.0,0,36,44,0,25,105,1.2,7.030914285714285,2.2236380952380954,32,0,0,0,3,2,2,9799,10080,9.0,0,0,0,3,1,ransomware_like,IMPACT
RANSOMWARE_LIKE-0008,WIN-ARGUS-008,1,111,1,1,0,0,0,2.0,0,42,26,0,38,106,1.4,7.108047169811321,2.3064150943396227,36,0,0,0,4,3,1,14530,12347,8.0,0,0,0,3,1,ransomware_like,IMPACT
RANSOMWARE_LIKE-0008,WIN-ARGUS-008,2,74,1,1,0,0,0,2.0,0,19,25,0,27,71,0.6333333333333333,6.910422535211268,2.170577464788732,15,0,0,0,2,2,2,7831,3248,21.0,0,0,0,3,1,ransomware_like,IMPACT
RANSOMWARE_LIKE-0008,WIN-ARGUS-008,3,106,1,1,0,0,0,2.0,0,35,31,0,34,100,1.1666666666666667,7.04923,2.18422,25,0,0,0,5,2,3,13345,9573,4.0,0,0,0,3,1,ransomware_like,IMPACT
RANSOMWARE_LIKE-0008,WIN-ARGUS-008,4,107,1,1,0,0,0,2.0,0,28,36,0,39,103,0.9333333333333333,6.9423398058252435,2.045514563106796,24,0,0,0,3,2,2,12203,6050,3.5,0,0,0,3,1,ransomware_like,IMPACT
RANSOMWARE_LIKE-0008,WIN-ARGUS-008,5,104,1,1,0,0,0,2.0,0,26,42,0,33,101,0.8666666666666667,7.208990099009901,2.329673267326733,16,0,0,0,2,1,2,5566,3058,1.0,0,0,0,3,1,ransomware_like,IMPACT
RANSOMWARE_LIKE-0009,WIN-ARGUS-009,0,116,1,1,0,0,0,2.0,0,36,32,0,42,110,1.2,7.095899999999999,2.375827272727273,30,0,0,0,5,2,2,11224,9598,3.0,0,0,0,3,1,ransomware_like,IMPACT
RANSOMWARE_LIKE-0009,WIN-ARGUS-009,1,105,1,1,0,0,0,2.0,0,39,36,0,27,102,1.3,6.858352941176471,2.2416666666666667,33,0,0,0,2,2,2,4985,6106,10.0,0,0,0,3,1,ransomware_like,IMPACT
RANSOMWARE_LIKE-0009,WIN-ARGUS-009,2,93,1,1,0,0,0,2.0,0,26,26,0,36,88,0.8666666666666667,7.118306818181818,2.1758409090909088,22,0,0,0,4,2,3,12605,11216,10.5,0,0,0,3,1,ransomware_like,IMPACT
RANSOMWARE_LIKE-0009,WIN-ARGUS-009,3,91,1,1,0,0,0,2.0,0,27,25,0,33,85,0.9,6.872858823529412,2.0356705882352943,18,0,0,0,5,2,2,17649,12992,3.0,0,0,0,3,1,ransomware_like,IMPACT
RANSOMWARE_LIKE-0009,WIN-ARGUS-009,4,91,1,1,0,0,0,2.0,0,27,28,0,31,86,0.9,6.914151162790697,2.0522441860465115,21,0,0,0,4,3,2,9876,9680,4.666666666666667,0,0,0,3,1,ransomware_like,IMPACT
RANSOMWARE_LIKE-0009,WIN-ARGUS-009,5,101,1,1,0,0,0,2.0,0,34,36,0,28,98,1.1333333333333333,7.226173469387755,2.3306428571428572,31,0,0,0,2,2,1,2852,7107,4.0,0,0,0,3,1,ransomware_like,IMPACT
RANSOMWARE_LIKE-0010,WIN-ARGUS-010,0,112,1,1,0,0,0,2.0,0,40,43,0,25,108,1.3333333333333333,7.043240740740741,2.246074074074074,35,0,0,0,3,2,3,8649,7569,9.0,0,0,0,3,1,ransomware_like,IMPACT
RANSOMWARE_LIKE-0010,WIN-ARGUS-010,1,91,1,1,0,0,0,2.0,0,22,33,0,30,85,0.7333333333333333,7.154741176470589,2.3500117647058825,18,0,0,0,5,2,2,18637,21883,3.3333333333333335,0,0,0,3,1,ransomware_like,IMPACT
RANSOMWARE_LIKE-0010,WIN-ARGUS-010,2,76,1,1,0,0,0,2.0,0,15,29,0,26,70,0.5,7.186742857142857,2.3022571428571426,15,0,0,0,5,3,3,12790,20740,5.25,0,0,0,3,1,ransomware_like,IMPACT
RANSOMWARE_LIKE-0010,WIN-ARGUS-010,3,87,1,1,0,0,0,2.0,0,22,37,0,23,82,0.7333333333333333,7.075024390243903,2.3251463414634146,21,0,0,0,4,3,2,7511,13372,8.0,0,0,0,3,1,ransomware_like,IMPACT
RANSOMWARE_LIKE-0010,WIN-ARGUS-010,4,98,1,1,0,0,0,2.0,0,29,35,0,31,95,0.9666666666666667,6.837315789473684,2.065336842105263,25,0,0,0,2,2,2,8049,823,7.0,0,0,0,3,1,ransomware_like,IMPACT
RANSOMWARE_LIKE-0010,WIN-ARGUS-010,5,101,1,1,0,0,0,2.0,0,32,41,0,23,96,1.0666666666666667,6.9744375000000005,2.2669270833333335,26,0,0,0,4,2,3,9183,10543,2.6666666666666665,0,0,0,3,1,ransomware_like,IMPACT
RANSOMWARE_LIKE-0011,WIN-ARGUS-011,0,89,1,1,0,0,0,2.0,0,30,27,0,27,84,1.0,6.852285714285714,2.0361190476190476,19,0,0,0,4,2,3,6075,15396,7.0,0,0,0,3,1,ransomware_like,IMPACT
RANSOMWARE_LIKE-0011,WIN-ARGUS-011,1,87,1,1,0,0,0,2.0,0,38,23,0,22,83,1.2666666666666666,7.229048192771084,2.39166265060241,35,0,0,0,3,2,2,7488,7552,12.0,0,0,0,3,1,ransomware_like,IMPACT
RANSOMWARE_LIKE-0011,WIN-ARGUS-011,2,101,1,1,0,0,0,2.0,0,28,36,0,31,95,0.9333333333333333,6.962821052631578,2.083873684210526,25,0,0,0,5,2,3,17195,6917,4.0,0,0,0,3,1,ransomware_like,IMPACT
RANSOMWARE_LIKE-0011,WIN-ARGUS-011,3,95,1,1,0,0,0,2.0,0,37,32,0,21,90,1.2333333333333334,7.170977777777778,2.275088888888889,29,0,0,0,4,3,3,14433,9392,9.5,0,0,0,3,1,ransomware_like,IMPACT
RANSOMWARE_LIKE-0011,WIN-ARGUS-011,4,87,1,1,0,0,0,2.0,0,29,28,0,24,81,0.9666666666666667,7.153246913580247,2.2139876543209875,23,0,0,0,5,3,3,10785,14367,5.333333333333333,0,0,0,3,1,ransomware_like,IMPACT
RANSOMWARE_LIKE-0011,WIN-ARGUS-011,5,76,1,1,0,0,0,2.0,0,29,20,0,23,72,0.9666666666666667,6.814444444444444,2.028541666666667,24,0,0,0,3,1,3,7681,9114,7.5,0,0,0,3,1,ransomware_like,IMPACT
RANSOMWARE_LIKE-0012,WIN-ARGUS-012,0,85,1,1,0,0,0,2.0,0,25,24,0,31,80,0.8333333333333334,6.9437,2.1648,23,0,0,0,4,2,2,9502,11107,7.0,0,0,0,3,1,ransomware_like,IMPACT
RANSOMWARE_LIKE-0012,WIN-ARGUS-012,1,96,1,1,0,0,0,2.0,0,29,26,0,36,91,0.9666666666666667,7.161472527472527,2.307835164835165,25,0,0,0,4,2,3,9794,9800,8.0,0,0,0,3,1,ransomware_like,IMPACT
RANSOMWARE_LIKE-0012,WIN-ARGUS-012,2,87,1,1,0,0,0,2.0,0,28,24,0,29,81,0.9333333333333333,7.025876543209876,2.2673456790123456,23,0,0,0,5,2,2,12058,12192,4.5,0,0,0,3,1,ransomware_like,IMPACT
RANSOMWARE_LIKE-0012,WIN-ARGUS-012,3,87,1,1,0,0,0,2.0,0,30,26,0,25,81,1.0,6.96520987654321,2.0532716049382715,24,0,0,0,5,3,1,13307,14542,6.0,0,0,0,3,1,ransomware_like,IMPACT
RANSOMWARE_LIKE-0012,WIN-ARGUS-012,4,80,1,1,0,0,0,2.0,0,23,28,0,24,75,0.7666666666666667,6.864866666666667,2.1001733333333332,17,0,0,0,4,3,2,8735,13007,6.666666666666667,0,0,0,3,1,ransomware_like,IMPACT
RANSOMWARE_LIKE-0012,WIN-ARGUS-012,5,82,1,1,0,0,0,2.0,0,30,24,0,22,76,1.0,7.0057368421052635,2.237078947368421,24,0,0,0,5,2,3,9293,8123,5.5,0,0,0,3,1,ransomware_like,IMPACT
RANSOMWARE_LIKE-0013,WIN-ARGUS-013,0,88,1,1,0,0,0,2.0,0,30,33,0,21,84,1.0,6.977702380952381,2.176845238095238,23,0,0,0,3,2,2,6952,11726,7.5,0,0,0,3,1,ransomware_like,IMPACT
RANSOMWARE_LIKE-0013,WIN-ARGUS-013,1,80,1,1,0,0,0,2.0,0,21,17,0,36,74,0.7,7.1831216216216225,2.4407702702702703,16,0,0,0,5,3,3,12616,8821,4.75,0,0,0,3,1,ransomware_like,IMPACT
RANSOMWARE_LIKE-0013,WIN-ARGUS-013,2,105,1,1,0,0,0,2.0,0,39,35,0,26,100,1.3,7.18869,2.40707,37,0,0,0,4,2,2,10867,11762,4.666666666666667,0,0,0,3,1,ransomware_like,IMPACT
RANSOMWARE_LIKE-0013,WIN-ARGUS-013,3,109,1,1,0,0,0,2.0,0,35,35,0,36,106,1.1666666666666667,6.9267830188679245,2.093566037735849,29,0,0,0,2,1,2,4280,5887,6.0,0,0,0,3,1,ransomware_like,IMPACT
RANSOMWARE_LIKE-0013,WIN-ARGUS-013,4,108,1,1,0,0,0,2.0,0,36,34,0,32,102,1.2,7.026470588235295,2.218686274509804,32,0,0,0,5,3,3,12255,11977,7.666666666666667,0,0,0,3,1,ransomware_like,IMPACT
RANSOMWARE_LIKE-0013,WIN-ARGUS-013,5,110,1,1,0,0,0,2.0,0,30,38,0,39,107,1.0,6.927345794392523,2.217196261682243,24,0,0,0,2,2,2,6038,5329,15.0,0,0,0,3,1,ransomware_like,IMPACT
RANSOMWARE_LIKE-0014,WIN-ARGUS-014,0,113,1,1,0,0,0,2.0,0,40,36,0,34,110,1.3333333333333333,7.130972727272727,2.279627272727273,33,0,0,0,2,2,2,5125,7721,4.0,0,0,0,3,1,ransomware_like,IMPACT
RANSOMWARE_LIKE-0014,WIN-ARGUS-014,1,73,1,1,0,0,0,2.0,0,29,17,0,24,70,0.9666666666666667,7.005528571428571,2.160142857142857,22,0,0,0,2,2,2,1177,4758,3.0,0,0,0,3,1,ransomware_like,IMPACT
RANSOMWARE_LIKE-0014,WIN-ARGUS-014,2,75,1,1,0,0,0,2.0,0,29,23,0,19,71,0.9666666666666667,7.174112676056338,2.3147042253521124,25,0,0,0,3,2,2,10396,10028,1.0,0,0,0,3,1,ransomware_like,IMPACT
RANSOMWARE_LIKE-0014,WIN-ARGUS-014,3,98,1,1,0,0,0,2.0,0,36,29,0,28,93,1.2,6.972946236559141,2.223698924731183,34,0,0,0,4,2,2,9635,7410,3.6666666666666665,0,0,0,3,1,ransomware_like,IMPACT
RANSOMWARE_LIKE-0014,WIN-ARGUS-014,4,78,1,1,0,0,0,2.0,0,29,19,0,27,75,0.9666666666666667,7.134026666666667,2.262373333333333,26,0,0,0,2,2,2,4245,1594,12.0,0,0,0,3,1,ransomware_like,IMPACT
RANSOMWARE_LIKE-0014,WIN-ARGUS-014,5,78,1,1,0,0,0,2.0,0,29,23,0,23,75,0.9666666666666667,7.057519999999999,2.2036133333333336,23,0,0,0,2,2,2,4495,5905,11.0,0,0,0,3,1,ransomware_like,IMPACT
RANSOMWARE_LIKE-0015,WIN-ARGUS-015,0,77,1,1,0,0,0,2.0,0,30,21,0,23,74,1.0,7.017554054054054,2.3426486486486486,24,0,0,0,2,2,2,8764,4493,6.0,0,0,0,3,1,ransomware_like,IMPACT
RANSOMWARE_LIKE-0015,WIN-ARGUS-015,1,95,1,1,0,0,0,2.0,0,26,31,0,32,89,0.8666666666666667,7.250573033707866,2.4294269662921346,22,0,0,0,5,2,3,10045,18572,1.6666666666666667,0,0,0,3,1,ransomware_like,IMPACT
RANSOMWARE_LIKE-0015,WIN-ARGUS-015,2,97,1,1,0,0,0,2.0,0,39,32,0,23,94,1.3,7.040914893617021,2.086457446808511,34,0,0,0,2,1,2,3476,1492,3.0,0,0,0,3,1,ransomware_like,IMPACT
RANSOMWARE_LIKE-0015,WIN-ARGUS-015,3,107,1,1,0,0,0,2.0,0,38,28,0,37,103,1.2666666666666666,7.245048543689321,2.476,32,0,0,0,3,2,2,5038,3495,7.5,0,0,0,3,1,ransomware_like,IMPACT
RANSOMWARE_LIKE-0015,WIN-ARGUS-015,4,88,1,1,0,0,0,2.0,0,27,29,0,27,83,0.9,7.00687951807229,2.2480602409638553,25,0,0,0,4,2,2,10680,10908,7.666666666666667,0,0,0,3,1,ransomware_like,IMPACT
RANSOMWARE_LIKE-0015,WIN-ARGUS-015,5,97,1,1,0,0,0,2.0,0,20,38,0,36,94,0.6666666666666666,7.328712765957447,2.355404255319149,18,0,0,0,2,2,2,3562,6878,16.0,0,0,0,3,1,ransomware_like,IMPACT
RANSOMWARE_LIKE-0016,WIN-ARGUS-016,0,88,1,1,0,0,0,2.0,0,31,23,0,31,85,1.0333333333333334,6.946447058823529,2.2318117647058826,26,0,0,0,2,1,2,7433,4005,21.0,0,0,0,3,1,ransomware_like,IMPACT
RANSOMWARE_LIKE-0016,WIN-ARGUS-016,1,75,1,1,0,0,0,2.0,0,29,21,0,21,71,0.9666666666666667,6.907591549295775,2.290267605633803,27,0,0,0,3,2,2,8203,7255,5.5,0,0,0,3,1,ransomware_like,IMPACT
RANSOMWARE_LIKE-0016,WIN-ARGUS-016,2,92,1,1,0,0,0,2.0,0,32,31,0,26,89,1.0666666666666667,7.288213483146067,2.343258426966292,28,0,0,0,2,1,2,6782,1148,1.0,0,0,0,3,1,ransomware_like,IMPACT
RANSOMWARE_LIKE-0016,WIN-ARGUS-016,3,91,1,1,0,0,0,2.0,0,36,25,0,26,87,1.2,7.15564367816092,2.2817011494252877,29,0,0,0,3,1,3,8574,9277,9.5,0,0,0,3,1,ransomware_like,IMPACT
RANSOMWARE_LIKE-0016,WIN-ARGUS-016,4,98,1,1,0,0,0,2.0,0,28,33,0,34,95,0.9333333333333333,6.927021052631579,2.1018,26,0,0,0,2,1,1,4281,7336,2.0,0,0,0,3,1,ransomware_like,IMPACT
RANSOMWARE_LIKE-0016,WIN-ARGUS-016,5,107,1,1,0,0,0,2.0,0,31,38,0,32,101,1.0333333333333334,7.145851485148515,2.2974158415841583,28,0,0,0,5,3,3,14689,4632,6.0,0,0,0,3,1,ransomware_like,IMPACT
RANSOMWARE_LIKE-0017,WIN-ARGUS-017,0,100,1,1,0,0,0,2.0,0,25,34,0,38,97,0.8333333333333334,7.381463917525773,2.4076494845360825,22,0,0,0,2,1,2,7177,3165,6.0,0,0,0,3,1,ransomware_like,IMPACT
RANSOMWARE_LIKE-0017,WIN-ARGUS-017,1,76,1,1,0,0,0,2.0,0,27,25,0,21,73,0.9,7.255684931506849,2.3973287671232875,23,0,0,0,2,1,1,5147,7077,18.0,0,0,0,3,1,ransomware_like,IMPACT
RANSOMWARE_LIKE-0017,WIN-ARGUS-017,2,78,1,1,0,0,0,2.0,0,30,26,0,18,74,1.0,7.212202702702703,2.3350945945945947,27,0,0,0,3,2,3,6233,9602,5.5,0,0,0,3,1,ransomware_like,IMPACT
RANSOMWARE_LIKE-0017,WIN-ARGUS-017,3,98,1,1,0,0,0,2.0,0,23,34,0,35,92,0.7666666666666667,6.822554347826086,2.123521739130435,19,0,0,0,5,3,3,10196,12713,5.5,0,0,0,3,1,ransomware_like,IMPACT
RANSOMWARE_LIKE-0017,WIN-ARGUS-017,4,95,1,1,0,0,0,2.0,0,36,23,0,33,92,1.2,7.029858695652173,2.1484891304347826,31,0,0,0,2,2,2,3761,7433,14.0,0,0,0,3,1,ransomware_like,IMPACT
RANSOMWARE_LIKE-0017,WIN-ARGUS-017,5,80,1,1,0,0,0,2.0,0,24,27,0,26,77,0.8,7.2419740259740255,2.328883116883117,22,0,0,0,2,1,2,5921,4681,2.0,0,0,0,3,1,ransomware_like,IMPACT
RANSOMWARE_LIKE-0018,WIN-ARGUS-018,0,111,1,1,0,0,0,2.0,0,34,36,0,37,107,1.1333333333333333,7.1780093457943925,2.44392523364486,31,0,0,0,3,2,2,6511,5719,7.5,0,0,0,3,1,ransomware_like,IMPACT
RANSOMWARE_LIKE-0018,WIN-ARGUS-018,1,99,1,1,0,0,0,2.0,0,21,36,0,36,93,0.7,7.374021505376344,2.3611935483870967,19,0,0,0,5,2,3,9761,11978,4.333333333333333,0,0,0,3,1,ransomware_like,IMPACT
RANSOMWARE_LIKE-0018,WIN-ARGUS-018,2,113,1,1,0,0,0,2.0,0,37,31,0,42,110,1.2333333333333334,6.946272727272728,2.1286454545454547,28,0,0,0,2,2,2,2360,5984,25.0,0,0,0,3,1,ransomware_like,IMPACT
RANSOMWARE_LIKE-0018,WIN-ARGUS-018,3,83,1,1,0,0,0,2.0,0,26,26,0,26,78,0.8666666666666667,7.357525641025641,2.437320512820513,23,0,0,0,4,3,2,4866,13688,11.5,0,0,0,3,1,ransomware_like,IMPACT
RANSOMWARE_LIKE-0018,WIN-ARGUS-018,4,90,1,1,0,0,0,2.0,0,29,22,0,33,84,0.9666666666666667,7.090571428571428,2.2388690476190476,27,0,0,0,5,3,2,12894,18872,6.25,0,0,0,3,1,ransomware_like,IMPACT
RANSOMWARE_LIKE-0018,WIN-ARGUS-018,5,91,1,1,0,0,0,2.0,0,30,26,0,29,85,1.0,7.014223529411764,2.2960823529411765,27,0,0,0,5,3,3,12416,9198,4.5,0,0,0,3,1,ransomware_like,IMPACT
RANSOMWARE_LIKE-0019,WIN-ARGUS-019,0,107,1,1,0,0,0,2.0,0,26,40,0,36,102,0.8666666666666667,7.189754901960785,2.3573235294117647,24,0,0,0,4,3,2,14152,8481,7.0,0,0,0,3,1,ransomware_like,IMPACT
RANSOMWARE_LIKE-0019,WIN-ARGUS-019,1,104,1,1,0,0,0,2.0,0,30,37,0,34,101,1.0,7.288742574257426,2.4128415841584157,24,0,0,0,2,1,1,5619,2535,11.0,0,0,0,3,1,ransomware_like,IMPACT
RANSOMWARE_LIKE-0019,WIN-ARGUS-019,2,88,1,1,0,0,0,2.0,0,22,29,0,33,84,0.7333333333333333,7.161142857142858,2.335904761904762,22,0,0,0,3,2,1,12265,6823,8.5,0,0,0,3,1,ransomware_like,IMPACT
RANSOMWARE_LIKE-0019,WIN-ARGUS-019,3,87,1,1,0,0,0,2.0,0,32,28,0,24,84,1.0666666666666667,7.235202380952382,2.429047619047619,30,0,0,0,2,1,1,6272,7309,4.0,0,0,0,3,1,ransomware_like,IMPACT
RANSOMWARE_LIKE-0019,WIN-ARGUS-019,4,73,1,1,0,0,0,2.0,0,26,25,0,19,70,0.8666666666666667,7.503385714285714,2.501228571428572,24,0,0,0,2,1,2,6553,4229,4.0,0,0,0,3,1,ransomware_like,IMPACT
RANSOMWARE_LIKE-0019,WIN-ARGUS-019,5,114,1,1,0,0,0,2.0,0,33,33,0,42,108,1.1,7.0260648148148155,2.2057962962962963,26,0,0,0,5,3,2,9666,6545,3.25,0,0,0,3,1,ransomware_like,IMPACT
RANSOMWARE_LIKE-0020,WIN-ARGUS-020,0,79,1,1,0,0,0,2.0,0,31,22,0,23,76,1.0333333333333334,6.904355263157894,2.1386184210526316,28,0,0,0,2,1,2,4668,4978,2.0,0,0,0,3,1,ransomware_like,IMPACT
RANSOMWARE_LIKE-0020,WIN-ARGUS-020,1,99,1,1,0,0,0,2.0,0,29,39,0,25,93,0.9666666666666667,7.236301075268817,2.4255698924731184,28,0,0,0,5,3,2,12932,11674,5.0,0,0,0,3,1,ransomware_like,IMPACT
RANSOMWARE_LIKE-0020,WIN-ARGUS-020,2,98,1,1,0,0,0,2.0,0,35,29,0,30,94,1.1666666666666667,7.116755319148936,2.177755319148936,28,0,0,0,3,3,3,5338,9261,10.5,0,0,0,3,1,ransomware_like,IMPACT
RANSOMWARE_LIKE-0020,WIN-ARGUS-020,3,92,1,1,0,0,0,2.0,0,31,28,0,28,87,1.0333333333333334,7.238793103448276,2.414758620689655,27,0,0,0,4,2,2,12934,9946,4.666666666666667,0,0,0,3,1,ransomware_like,IMPACT
RANSOMWARE_LIKE-0020,WIN-ARGUS-020,4,98,1,1,0,0,0,2.0,0,28,29,0,35,92,0.9333333333333333,7.01595652173913,2.1691413043478263,27,0,0,0,5,3,2,10819,8838,3.25,0,0,0,3,1,ransomware_like,IMPACT
RANSOMWARE_LIKE-0020,WIN-ARGUS-020,5,103,1,1,0,0,0,2.0,0,25,37,0,35,97,0.8333333333333334,7.181154639175258,2.322639175257732,21,0,0,0,5,3,2,9821,12358,6.333333333333333,0,0,0,3,1,ransomware_like,IMPACT
RANSOMWARE_LIKE-0021,WIN-ARGUS-021,0,115,1,1,0,0,0,2.0,0,31,41,0,37,109,1.0333333333333334,7.118834862385321,2.3058715596330277,25,0,0,0,5,3,2,16096,11096,4.0,0,0,0,3,1,ransomware_like,IMPACT
RANSOMWARE_LIKE-0021,WIN-ARGUS-021,1,101,1,1,0,0,0,2.0,0,43,26,0,27,96,1.4333333333333333,7.231395833333334,2.2600000000000002,38,0,0,0,4,2,2,10081,9210,2.6666666666666665,0,0,0,3,1,ransomware_like,IMPACT
RANSOMWARE_LIKE-0021,WIN-ARGUS-021,2,103,1,1,0,0,0,2.0,0,26,40,0,33,99,0.8666666666666667,7.095474747474747,2.2177171717171715,22,0,0,0,3,2,3,7838,7284,8.5,0,0,0,3,1,ransomware_like,IMPACT
RANSOMWARE_LIKE-0021,WIN-ARGUS-021,3,79,1,1,0,0,0,2.0,0,30,20,0,23,73,1.0,6.979616438356165,2.17486301369863,26,0,0,0,5,2,3,7468,12493,7.0,0,0,0,3,1,ransomware_like,IMPACT
RANSOMWARE_LIKE-0021,WIN-ARGUS-021,4,76,1,1,0,0,0,2.0,0,20,30,0,23,73,0.6666666666666666,7.19917808219178,2.3427260273972603,19,0,0,0,2,2,1,4760,6033,17.0,0,0,0,3,1,ransomware_like,IMPACT
RANSOMWARE_LIKE-0021,WIN-ARGUS-021,5,86,1,1,0,0,0,2.0,0,30,22,0,30,82,1.0,7.227170731707318,2.2976341463414633,27,0,0,0,3,1,3,8337,8705,2.0,0,0,0,3,1,ransomware_like,IMPACT
RANSOMWARE_LIKE-0022,WIN-ARGUS-022,0,91,1,1,0,0,0,2.0,0,21,33,0,34,88,0.7,7.105806818181819,2.2546704545454546,19,0,0,0,2,2,2,7064,3900,2.0,0,0,0,3,1,ransomware_like,IMPACT
RANSOMWARE_LIKE-0022,WIN-ARGUS-022,1,78,1,1,0,0,0,2.0,0,32,19,0,22,73,1.0666666666666667,7.044657534246575,2.234904109589041,26,0,0,0,4,2,2,8193,14061,5.333333333333333,0,0,0,3,1,ransomware_like,IMPACT
RANSOMWARE_LIKE-0022,WIN-ARGUS-022,2,76,1,1,0,0,0,2.0,0,27,21,0,25,73,0.9,7.366945205479452,2.450191780821918,27,0,0,0,2,1,1,2140,1556,3.0,0,0,0,3,1,ransomware_like,IMPACT
RANSOMWARE_LIKE-0022,WIN-ARGUS-022,3,77,1,1,0,0,0,2.0,0,25,24,0,24,73,0.8333333333333334,6.913191780821918,2.2831506849315066,20,0,0,0,3,2,2,8253,6925,5.5,0,0,0,3,1,ransomware_like,IMPACT
RANSOMWARE_LIKE-0022,WIN-ARGUS-022,4,80,1,1,0,0,0,2.0,0,26,26,0,24,76,0.8666666666666667,6.820513157894737,2.030144736842105,23,0,0,0,3,1,2,6591,14227,10.5,0,0,0,3,1,ransomware_like,IMPACT
RANSOMWARE_LIKE-0022,WIN-ARGUS-022,5,73,1,1,0,0,0,2.0,0,17,27,0,26,70,0.5666666666666667,7.132671428571428,2.3169142857142857,15,0,0,0,2,2,1,7196,5621,6.0,0,0,0,3,1,ransomware_like,IMPACT
RANSOMWARE_LIKE-0023,WIN-ARGUS-023,0,106,1,1,0,0,0,2.0,0,36,31,0,36,103,1.2,7.114805825242719,2.2724757281553396,34,0,0,0,2,2,2,2576,9389,2.0,0,0,0,3,1,ransomware_like,IMPACT
RANSOMWARE_LIKE-0023,WIN-ARGUS-023,1,110,1,1,0,0,0,2.0,0,30,33,0,41,104,1.0,6.85826923076923,2.102701923076923,24,0,0,0,5,2,3,11145,8955,3.0,0,0,0,3,1,ransomware_like,IMPACT
RANSOMWARE_LIKE-0023,WIN-ARGUS-023,2,89,1,1,0,0,0,2.0,0,26,27,0,31,84,0.8666666666666667,7.294214285714286,2.470452380952381,24,0,0,0,4,2,2,5886,9979,6.0,0,0,0,3,1,ransomware_like,IMPACT
RANSOMWARE_LIKE-0023,WIN-ARGUS-023,3,104,1,1,0,0,0,2.0,0,46,25,0,30,101,1.5333333333333334,7.000059405940593,2.3436930693069304,40,0,0,0,2,2,1,4521,8854,1.0,0,0,0,3,1,ransomware_like,IMPACT
RANSOMWARE_LIKE-0023,WIN-ARGUS-023,4,91,1,1,0,0,0,2.0,0,32,24,0,31,87,1.0666666666666667,7.392839080459771,2.374448275862069,25,0,0,0,3,2,2,8081,11086,9.0,0,0,0,3,1,ransomware_like,IMPACT
RANSOMWARE_LIKE-0023,WIN-ARGUS-023,5,86,1,1,0,0,0,2.0,0,27,31,0,22,80,0.9,7.022799999999999,2.2793625,20,0,0,0,5,2,3,16663,13235,5.75,0,0,0,3,1,ransomware_like,IMPACT
RANSOMWARE_LIKE-0024,WIN-ARGUS-024,0,93,1,1,0,0,0,2.0,0,28,27,0,33,88,0.9333333333333333,7.044670454545455,2.226875,22,0,0,0,4,3,2,11284,7728,5.333333333333333,0,0,0,3,1,ransomware_like,IMPACT
RANSOMWARE_LIKE-0024,WIN-ARGUS-024,1,114,1,1,0,0,0,2.0,0,40,28,0,41,109,1.3333333333333333,7.338779816513762,2.4133302752293577,34,0,0,0,4,2,3,12049,10780,7.0,0,0,0,3,1,ransomware_like,IMPACT
RANSOMWARE_LIKE-0024,WIN-ARGUS-024,2,114,1,1,0,0,0,2.0,0,31,37,0,42,110,1.0333333333333334,6.909136363636364,2.0741181818181817,24,0,0,0,3,2,2,6782,1336,4.0,0,0,0,3,1,ransomware_like,IMPACT
RANSOMWARE_LIKE-0024,WIN-ARGUS-024,3,113,1,1,0,0,0,2.0,0,38,32,0,38,108,1.2666666666666666,7.318037037037037,2.3197962962962966,34,0,0,0,4,3,2,6460,7853,5.0,0,0,0,3,1,ransomware_like,IMPACT
RANSOMWARE_LIKE-0024,WIN-ARGUS-024,4,97,1,1,0,0,0,2.0,0,36,33,0,25,94,1.2,6.953574468085106,2.1627978723404255,35,0,0,0,2,2,2,5574,5344,11.0,0,0,0,3,1,ransomware_like,IMPACT
RANSOMWARE_LIKE-0024,WIN-ARGUS-024,5,109,1,1,0,0,0,2.0,0,37,30,0,38,105,1.2333333333333334,7.037580952380953,2.154495238095238,29,0,0,0,3,2,2,8317,11761,12.5,0,0,0,3,1,ransomware_like,IMPACT
RANSOMWARE_LIKE-0025,WIN-ARGUS-025,0,82,1,1,0,0,0,2.0,0,25,24,0,27,76,0.8333333333333334,7.008631578947368,2.2606973684210523,20,0,0,0,5,2,3,13300,11718,5.5,0,0,0,3,1,ransomware_like,IMPACT
RANSOMWARE_LIKE-0025,WIN-ARGUS-025,1,82,1,1,0,0,0,2.0,0,25,28,0,23,76,0.8333333333333334,6.9999473684210525,2.1212894736842105,22,0,0,0,5,2,2,9702,18015,5.333333333333333,0,0,0,3,1,ransomware_like,IMPACT
RANSOMWARE_LIKE-0025,WIN-ARGUS-025,2,102,1,1,0,0,0,2.0,0,31,34,0,31,96,1.0333333333333334,7.190697916666667,2.2376666666666667,25,0,0,0,5,1,3,14721,15399,4.0,0,0,0,3,1,ransomware_like,IMPACT
RANSOMWARE_LIKE-0025,WIN-ARGUS-025,3,110,1,1,0,0,0,2.0,0,44,28,0,34,106,1.4666666666666666,6.895566037735849,2.110235849056604,36,0,0,0,3,2,2,6743,7179,11.0,0,0,0,3,1,ransomware_like,IMPACT
RANSOMWARE_LIKE-0025,WIN-ARGUS-025,4,84,1,1,0,0,0,2.0,0,29,24,0,27,80,0.9666666666666667,7.362587499999999,2.4956125,28,0,0,0,3,3,2,4866,7356,11.0,0,0,0,3,1,ransomware_like,IMPACT
RANSOMWARE_LIKE-0025,WIN-ARGUS-025,5,78,1,1,0,0,0,2.0,0,27,19,0,28,74,0.9,7.111567567567567,2.3024189189189186,23,0,0,0,3,2,1,14292,7099,8.5,0,0,0,3,1,ransomware_like,IMPACT
RANSOMWARE_LIKE-0026,WIN-ARGUS-026,0,88,1,1,0,0,0,2.0,0,28,27,0,27,82,0.9333333333333333,7.24960975609756,2.324987804878049,22,0,0,0,5,3,2,15545,13324,6.5,0,0,0,3,1,ransomware_like,IMPACT
RANSOMWARE_LIKE-0026,WIN-ARGUS-026,1,79,1,1,0,0,0,2.0,0,29,16,0,30,75,0.9666666666666667,7.088866666666666,2.2141466666666667,22,0,0,0,3,1,2,6558,9020,4.0,0,0,0,3,1,ransomware_like,IMPACT
RANSOMWARE_LIKE-0026,WIN-ARGUS-026,2,77,1,1,0,0,0,2.0,0,25,25,0,23,73,0.8333333333333334,7.360068493150685,2.382643835616438,21,0,0,0,3,3,2,10752,4584,5.5,0,0,0,3,1,ransomware_like,IMPACT
RANSOMWARE_LIKE-0026,WIN-ARGUS-026,3,77,1,1,0,0,0,2.0,0,18,25,0,28,71,0.6,7.411422535211268,2.3918450704225354,13,0,0,0,5,3,2,13670,11025,6.333333333333333,0,0,0,3,1,ransomware_like,IMPACT
RANSOMWARE_LIKE-0026,WIN-ARGUS-026,4,109,1,1,0,0,0,2.0,0,30,33,0,40,103,1.0,7.110252427184466,2.148834951456311,26,0,0,0,5,2,2,13187,13759,3.25,0,0,0,3,1,ransomware_like,IMPACT
RANSOMWARE_LIKE-0026,WIN-ARGUS-026,5,109,1,1,0,0,0,2.0,0,26,41,0,39,106,0.8666666666666667,7.2085,2.377009433962264,21,0,0,0,2,1,2,3408,5085,4.0,0,0,0,3,1,ransomware_like,IMPACT
RANSOMWARE_LIKE-0027,WIN-ARGUS-027,0,105,1,1,0,0,0,2.0,0,28,39,0,33,100,0.9333333333333333,7.14519,2.3172800000000002,25,0,0,0,4,3,2,10354,8062,6.333333333333333,0,0,0,3,1,ransomware_like,IMPACT
RANSOMWARE_LIKE-0027,WIN-ARGUS-027,1,108,1,1,0,0,0,2.0,0,33,40,0,32,105,1.1,7.104104761904762,2.2539142857142855,29,0,0,0,2,1,2,8905,4695,4.0,0,0,0,3,1,ransomware_like,IMPACT
RANSOMWARE_LIKE-0027,WIN-ARGUS-027,2,78,1,1,0,0,0,2.0,0,19,21,0,34,74,0.6333333333333333,7.116094594594594,2.1404864864864868,15,0,0,0,3,2,2,4052,7382,6.5,0,0,0,3,1,ransomware_like,IMPACT
RANSOMWARE_LIKE-0027,WIN-ARGUS-027,3,89,1,1,0,0,0,2.0,0,26,31,0,27,84,0.8666666666666667,6.993738095238096,2.1430952380952384,24,0,0,0,4,3,3,12223,11225,7.0,0,0,0,3,1,ransomware_like,IMPACT
RANSOMWARE_LIKE-0027,WIN-ARGUS-027,4,109,1,1,0,0,0,2.0,0,33,39,0,33,105,1.1,7.024228571428571,2.2344,31,0,0,0,3,2,3,6175,7439,9.0,0,0,0,3,1,ransomware_like,IMPACT
RANSOMWARE_LIKE-0027,WIN-ARGUS-027,5,100,1,1,0,0,0,2.0,0,30,27,0,37,94,1.0,7.115659574468085,2.403829787234043,25,0,0,0,5,3,2,17051,14929,5.0,0,0,0,3,1,ransomware_like,IMPACT
RANSOMWARE_LIKE-0028,WIN-ARGUS-028,0,105,1,1,0,0,0,2.0,0,23,40,0,37,100,0.7666666666666667,6.92761,2.20166,20,0,0,0,4,2,2,12535,12606,5.0,0,0,0,3,1,ransomware_like,IMPACT
RANSOMWARE_LIKE-0028,WIN-ARGUS-028,1,78,1,1,0,0,0,2.0,0,19,30,0,24,73,0.6333333333333333,7.15227397260274,2.264931506849315,15,0,0,0,4,2,2,14222,10596,7.333333333333333,0,0,0,3,1,ransomware_like,IMPACT
RANSOMWARE_LIKE-0028,WIN-ARGUS-028,2,109,1,1,0,0,0,2.0,0,37,28,0,41,106,1.2333333333333334,7.091028301886793,2.2160849056603773,30,0,0,0,2,2,2,2662,2467,8.0,0,0,0,3,1,ransomware_like,IMPACT
RANSOMWARE_LIKE-0028,WIN-ARGUS-028,3,98,1,1,0,0,0,2.0,0,31,38,0,25,94,1.0333333333333334,7.446117021276597,2.4775106382978724,30,0,0,0,3,2,2,9282,7946,5.0,0,0,0,3,1,ransomware_like,IMPACT
RANSOMWARE_LIKE-0028,WIN-ARGUS-028,4,80,1,1,0,0,0,2.0,0,24,21,0,29,74,0.8,6.991391891891893,2.2549864864864864,19,0,0,0,5,2,2,18687,10281,6.0,0,0,0,3,1,ransomware_like,IMPACT
RANSOMWARE_LIKE-0028,WIN-ARGUS-028,5,77,1,1,0,0,0,2.0,0,33,21,0,20,74,1.1,7.253513513513513,2.3267702702702704,28,0,0,0,2,1,1,2807,5806,8.0,0,0,0,3,1,ransomware_like,IMPACT
RANSOMWARE_LIKE-0029,WIN-ARGUS-029,0,102,1,1,0,0,0,2.0,0,47,26,0,26,99,1.5666666666666667,7.211282828282829,2.288808080808081,40,0,0,0,2,2,2,7206,6918,2.0,0,0,0,3,1,ransomware_like,IMPACT
RANSOMWARE_LIKE-0029,WIN-ARGUS-029,1,92,1,1,0,0,0,2.0,0,33,28,0,28,89,1.1,7.079696629213482,2.2103932584269663,31,0,0,0,2,2,2,3721,4238,20.0,0,0,0,3,1,ransomware_like,IMPACT
RANSOMWARE_LIKE-0029,WIN-ARGUS-029,2,109,1,1,0,0,0,2.0,0,39,36,0,30,105,1.3,7.156942857142858,2.3210666666666664,33,0,0,0,3,1,3,5288,10544,4.5,0,0,0,3,1,ransomware_like,IMPACT
RANSOMWARE_LIKE-0029,WIN-ARGUS-029,3,95,1,1,0,0,0,2.0,0,30,41,0,21,92,1.0,7.214869565217391,2.3421847826086957,25,0,0,0,2,2,2,2548,2181,8.0,0,0,0,3,1,ransomware_like,IMPACT
RANSOMWARE_LIKE-0029,WIN-ARGUS-029,4,113,1,1,0,0,0,2.0,0,41,27,0,39,107,1.3666666666666667,6.92307476635514,2.12703738317757,36,0,0,0,5,3,2,9032,15088,5.75,0,0,0,3,1,ransomware_like,IMPACT
RANSOMWARE_LIKE-0029,WIN-ARGUS-029,5,113,1,1,0,0,0,2.0,0,35,33,0,40,108,1.1666666666666667,7.064425925925925,2.2588703703703703,32,0,0,0,4,2,3,6127,8349,7.666666666666667,0,0,0,3,1,ransomware_like,IMPACT
RANSOMWARE_LIKE-0030,WIN-ARGUS-030,0,111,1,1,0,0,0,2.0,0,38,29,0,38,105,1.2666666666666666,7.117504761904762,2.3458380952380953,33,0,0,0,5,1,3,10759,9196,12.0,0,0,0,3,1,ransomware_like,IMPACT
RANSOMWARE_LIKE-0030,WIN-ARGUS-030,1,92,1,1,0,0,0,2.0,0,22,31,0,35,88,0.7333333333333333,7.106386363636363,2.32875,21,0,0,0,3,2,2,7915,8007,6.0,0,0,0,3,1,ransomware_like,IMPACT
RANSOMWARE_LIKE-0030,WIN-ARGUS-030,2,114,1,1,0,0,0,2.0,0,36,34,0,40,109,1.2,7.032836363636363,2.1535272727272727,28,0,0,0,3,1,2,9982,7931,3.0,0,0,0,3,1,ransomware_like,IMPACT
RANSOMWARE_LIKE-0030,WIN-ARGUS-030,3,96,1,1,0,0,0,2.0,0,33,30,0,29,92,1.1,6.857467391304347,2.166945652173913,30,0,0,0,3,2,2,2642,6105,3.0,0,0,0,3,1,ransomware_like,IMPACT
RANSOMWARE_LIKE-0030,WIN-ARGUS-030,4,90,1,1,0,0,0,2.0,0,32,20,0,32,84,1.0666666666666667,7.225488095238096,2.305738095238095,26,0,0,0,5,3,3,12721,11157,6.0,0,0,0,3,1,ransomware_like,IMPACT
RANSOMWARE_LIKE-0030,WIN-ARGUS-030,5,110,1,1,0,0,0,2.0,0,28,37,0,41,106,0.9333333333333333,7.192707547169811,2.4284716981132077,25,0,0,0,3,2,3,7928,7233,2.5,0,0,0,3,1,ransomware_like,IMPACT
RANSOMWARE_LIKE-0031,WIN-ARGUS-031,0,103,1,1,0,0,0,2.0,0,37,35,0,27,99,1.2333333333333334,7.119222222222223,2.233373737373737,31,0,0,0,3,2,3,11383,5975,6.0,0,0,0,3,1,ransomware_like,IMPACT
RANSOMWARE_LIKE-0031,WIN-ARGUS-031,1,96,1,1,0,0,0,2.0,0,27,24,0,39,90,0.9,7.104988888888888,2.318611111111111,24,0,0,0,5,2,3,11903,13111,3.5,0,0,0,3,1,ransomware_like,IMPACT
RANSOMWARE_LIKE-0031,WIN-ARGUS-031,2,91,1,1,0,0,0,2.0,0,30,31,0,27,88,1.0,6.877965909090909,2.072,27,0,0,0,2,2,1,3286,4692,4.0,0,0,0,3,1,ransomware_like,IMPACT
RANSOMWARE_LIKE-0031,WIN-ARGUS-031,3,106,1,1,0,0,0,2.0,0,38,37,0,28,103,1.2666666666666666,7.010388349514564,2.1443398058252425,32,0,0,0,2,2,2,6427,7319,5.0,0,0,0,3,1,ransomware_like,IMPACT
RANSOMWARE_LIKE-0031,WIN-ARGUS-031,4,112,1,1,0,0,0,2.0,0,37,35,0,35,107,1.2333333333333334,6.8504859813084105,2.1901401869158876,34,0,0,0,4,3,3,16917,5856,11.5,0,0,0,3,1,ransomware_like,IMPACT
RANSOMWARE_LIKE-0031,WIN-ARGUS-031,5,105,1,1,0,0,0,2.0,0,30,31,0,39,100,1.0,7.196560000000001,2.2574899999999998,28,0,0,0,4,3,2,7082,10428,6.333333333333333,0,0,0,3,1,ransomware_like,IMPACT
RANSOMWARE_LIKE-0032,WIN-ARGUS-032,0,76,1,1,0,0,0,2.0,0,20,33,0,20,73,0.6666666666666666,7.18,2.3854931506849315,15,0,0,0,2,1,2,3868,3511,4.0,0,0,0,3,1,ransomware_like,IMPACT
RANSOMWARE_LIKE-0032,WIN-ARGUS-032,1,105,1,1,0,0,0,2.0,0,35,36,0,31,102,1.1666666666666667,7.3660098039215685,2.464343137254902,29,0,0,0,2,2,1,8220,4648,15.0,0,0,0,3,1,ransomware_like,IMPACT
RANSOMWARE_LIKE-0032,WIN-ARGUS-032,2,90,1,1,0,0,0,2.0,0,20,34,0,30,84,0.6666666666666666,7.145761904761905,2.2810357142857143,17,0,0,0,5,2,3,14278,13736,4.5,0,0,0,3,1,ransomware_like,IMPACT
RANSOMWARE_LIKE-0032,WIN-ARGUS-032,3,115,1,1,0,0,0,2.0,0,38,43,0,29,110,1.2666666666666666,6.965254545454545,2.2097818181818183,32,0,0,0,4,3,2,8237,12324,2.6666666666666665,0,0,0,3,1,ransomware_like,IMPACT
RANSOMWARE_LIKE-0032,WIN-ARGUS-032,4,82,1,1,0,0,0,2.0,0,21,24,0,33,78,0.7,7.229807692307692,2.4113205128205126,21,0,0,0,3,2,2,5474,4141,5.5,0,0,0,3,1,ransomware_like,IMPACT
RANSOMWARE_LIKE-0032,WIN-ARGUS-032,5,92,1,1,0,0,0,2.0,0,30,31,0,27,88,1.0,6.850215909090909,2.163443181818182,27,0,0,0,3,2,3,9900,9933,6.0,0,0,0,3,1,ransomware_like,IMPACT
RANSOMWARE_LIKE-0033,WIN-ARGUS-033,0,108,1,1,0,0,0,2.0,0,34,35,0,34,103,1.1333333333333333,7.247834951456311,2.301902912621359,27,0,0,0,4,3,2,9974,9370,7.666666666666667,0,0,0,3,1,ransomware_like,IMPACT
RANSOMWARE_LIKE-0033,WIN-ARGUS-033,1,75,1,1,0,0,0,2.0,0,23,23,0,26,72,0.7666666666666667,7.1667499999999995,2.3299305555555554,18,0,0,0,2,2,1,6890,7316,9.0,0,0,0,3,1,ransomware_like,IMPACT
RANSOMWARE_LIKE-0033,WIN-ARGUS-033,2,99,1,1,0,0,0,2.0,0,27,28,0,39,94,0.9,7.037191489361702,2.3227340425531913,26,0,0,0,4,3,2,7147,8783,5.0,0,0,0,3,1,ransomware_like,IMPACT
RANSOMWARE_LIKE-0033,WIN-ARGUS-033,3,99,1,1,0,0,0,2.0,0,36,33,0,27,96,1.2,7.103666666666666,2.2176875,30,0,0,0,2,2,2,3625,3763,1.0,0,0,0,3,1,ransomware_like,IMPACT
RANSOMWARE_LIKE-0033,WIN-ARGUS-033,4,103,1,1,0,0,0,2.0,0,36,28,0,34,98,1.2,7.037408163265306,2.2146836734693878,28,0,0,0,4,2,3,8266,15559,5.0,0,0,0,3,1,ransomware_like,IMPACT
RANSOMWARE_LIKE-0033,WIN-ARGUS-033,5,77,1,1,0,0,0,2.0,0,21,28,0,23,72,0.7,7.121861111111111,2.2141805555555556,19,0,0,0,4,2,3,11831,11042,6.0,0,0,0,3,1,ransomware_like,IMPACT
RANSOMWARE_LIKE-0034,WIN-ARGUS-034,0,77,1,1,0,0,0,2.0,0,24,25,0,23,72,0.8,7.124180555555556,2.371111111111111,24,0,0,0,4,3,2,13585,5988,6.666666666666667,0,0,0,3,1,ransomware_like,IMPACT
RANSOMWARE_LIKE-0034,WIN-ARGUS-034,1,83,1,1,0,0,0,2.0,0,29,25,0,26,80,0.9666666666666667,7.031149999999999,2.3145625,24,0,0,0,2,2,2,4733,7522,4.0,0,0,0,3,1,ransomware_like,IMPACT
RANSOMWARE_LIKE-0034,WIN-ARGUS-034,2,76,1,1,0,0,0,2.0,0,24,20,0,29,73,0.8,6.749986301369863,2.083452054794521,17,0,0,0,2,1,2,2206,4093,2.0,0,0,0,3,1,ransomware_like,IMPACT
RANSOMWARE_LIKE-0034,WIN-ARGUS-034,3,109,1,1,0,0,0,2.0,0,29,38,0,38,105,0.9666666666666667,6.897838095238096,2.1199333333333334,26,0,0,0,3,2,1,4739,3151,3.0,0,0,0,3,1,ransomware_like,IMPACT
RANSOMWARE_LIKE-0034,WIN-ARGUS-034,4,99,1,1,0,0,0,2.0,0,34,28,0,34,96,1.1333333333333333,7.07184375,2.1110520833333335,25,0,0,0,2,2,1,3505,4752,1.0,0,0,0,3,1,ransomware_like,IMPACT
RANSOMWARE_LIKE-0034,WIN-ARGUS-034,5,80,1,1,0,0,0,2.0,0,18,29,0,27,74,0.6,7.207445945945946,2.229445945945946,15,0,0,0,5,2,2,13549,6938,4.75,0,0,0,3,1,ransomware_like,IMPACT
RANSOMWARE_LIKE-0035,WIN-ARGUS-035,0,104,1,1,0,0,0,2.0,0,33,30,0,38,101,1.1,7.212762376237624,2.265881188118812,25,0,0,0,2,1,1,4950,6400,11.0,0,0,0,3,1,ransomware_like,IMPACT
RANSOMWARE_LIKE-0035,WIN-ARGUS-035,1,78,1,1,0,0,0,2.0,0,21,32,0,21,74,0.7,7.05545945945946,2.267054054054054,20,0,0,0,3,2,2,3357,10878,8.0,0,0,0,3,1,ransomware_like,IMPACT
RANSOMWARE_LIKE-0035,WIN-ARGUS-035,2,114,1,1,0,0,0,2.0,0,38,35,0,37,109,1.2666666666666666,7.144618181818182,2.2107636363636365,35,0,0,0,3,2,2,4425,11014,5.5,0,0,0,3,1,ransomware_like,IMPACT
RANSOMWARE_LIKE-0035,WIN-ARGUS-035,3,90,1,1,0,0,0,2.0,0,28,23,0,36,87,0.9333333333333333,7.21267816091954,2.3607471264367814,23,0,0,0,2,1,2,6666,5164,8.0,0,0,0,3,1,ransomware_like,IMPACT
RANSOMWARE_LIKE-0035,WIN-ARGUS-035,4,110,1,1,0,0,0,2.0,0,38,33,0,35,106,1.2666666666666666,7.043216981132075,2.1827830188679247,34,0,0,0,3,2,2,5454,5479,4.5,0,0,0,3,1,ransomware_like,IMPACT
RANSOMWARE_LIKE-0035,WIN-ARGUS-035,5,88,1,1,0,0,0,2.0,0,33,33,0,18,84,1.1,7.316214285714286,2.336059523809524,28,0,0,0,3,2,2,10328,6803,2.0,0,0,0,3,1,ransomware_like,IMPACT
RANSOMWARE_LIKE-0036,WIN-ARGUS-036,0,115,1,1,0,0,0,2.0,0,37,29,0,44,110,1.2333333333333334,7.225845454545454,2.3673363636363636,35,0,0,0,4,2,2,14201,3975,2.6666666666666665,0,0,0,3,1,ransomware_like,IMPACT
RANSOMWARE_LIKE-0036,WIN-ARGUS-036,1,83,1,1,0,0,0,2.0,0,18,29,0,32,79,0.6,7.089303797468354,2.189151898734177,11,0,0,0,3,2,3,9285,3650,21.0,0,0,0,3,1,ransomware_like,IMPACT
RANSOMWARE_LIKE-0036,WIN-ARGUS-036,2,84,1,1,0,0,0,2.0,0,28,25,0,27,80,0.9333333333333333,7.067987499999999,2.165575,19,0,0,0,3,2,2,5972,7134,6.0,0,0,0,3,1,ransomware_like,IMPACT
RANSOMWARE_LIKE-0036,WIN-ARGUS-036,3,76,1,1,0,0,0,2.0,0,25,17,0,29,71,0.8333333333333334,6.983492957746479,2.3086619718309858,21,0,0,0,4,2,3,8955,11248,6.666666666666667,0,0,0,3,1,ransomware_like,IMPACT
RANSOMWARE_LIKE-0036,WIN-ARGUS-036,4,94,1,1,0,0,0,2.0,0,30,25,0,34,89,1.0,6.998707865168539,2.042606741573034,24,0,0,0,4,2,2,9670,11330,6.666666666666667,0,0,0,3,1,ransomware_like,IMPACT
RANSOMWARE_LIKE-0036,WIN-ARGUS-036,5,110,1,1,0,0,0,2.0,0,35,33,0,37,105,1.1666666666666667,7.167780952380952,2.346057142857143,34,0,0,0,4,2,2,10616,13472,7.0,0,0,0,3,1,ransomware_like,IMPACT
RANSOMWARE_LIKE-0037,WIN-ARGUS-037,0,88,1,1,0,0,0,2.0,0,33,21,0,30,83,1.1,7.096178571428571,2.2215833333333332,26,0,0,0,3,2,2,6856,8176,6.0,0,0,0,3,1,ransomware_like,IMPACT
RANSOMWARE_LIKE-0037,WIN-ARGUS-037,1,81,1,1,0,0,0,2.0,0,29,23,0,23,75,0.9666666666666667,6.906466666666667,2.04476,23,0,0,0,5,3,3,12375,16106,3.6666666666666665,0,0,0,3,1,ransomware_like,IMPACT
RANSOMWARE_LIKE-0037,WIN-ARGUS-037,2,103,1,1,0,0,0,2.0,0,29,37,0,32,98,0.9666666666666667,7.236602040816327,2.3284183673469387,27,0,0,0,4,3,2,13816,7391,5.0,0,0,0,3,1,ransomware_like,IMPACT
RANSOMWARE_LIKE-0037,WIN-ARGUS-037,3,98,1,1,0,0,0,2.0,0,40,28,0,27,95,1.3333333333333333,7.199115789473685,2.299736842105263,33,0,0,0,2,2,2,3454,5264,9.0,0,0,0,3,1,ransomware_like,IMPACT
RANSOMWARE_LIKE-0037,WIN-ARGUS-037,4,99,1,1,0,0,0,2.0,0,36,33,0,25,94,1.2,7.035351063829787,2.259670212765957,32,0,0,0,4,3,3,6303,6503,6.0,0,0,0,3,1,ransomware_like,IMPACT
RANSOMWARE_LIKE-0037,WIN-ARGUS-037,5,102,1,1,0,0,0,2.0,0,32,33,0,33,98,1.0666666666666667,7.1891224489795915,2.4118979591836736,29,0,0,0,3,3,1,9995,6860,6.0,0,0,0,3,1,ransomware_like,IMPACT
RANSOMWARE_LIKE-0038,WIN-ARGUS-038,0,76,1,1,0,0,0,2.0,0,28,22,0,23,73,0.9333333333333333,7.1041780821917815,2.375945205479452,25,0,0,0,2,2,2,5789,3739,12.0,0,0,0,3,1,ransomware_like,IMPACT
RANSOMWARE_LIKE-0038,WIN-ARGUS-038,1,88,1,1,0,0,0,2.0,0,33,18,0,33,84,1.1,7.2453095238095235,2.3936190476190475,29,0,0,0,3,2,2,10503,10967,6.5,0,0,0,3,1,ransomware_like,IMPACT
RANSOMWARE_LIKE-0038,WIN-ARGUS-038,2,98,1,1,0,0,0,2.0,0,36,21,0,36,93,1.2,6.8859139784946235,2.0937741935483873,33,0,0,0,4,3,2,10704,8332,4.0,0,0,0,3,1,ransomware_like,IMPACT
RANSOMWARE_LIKE-0038,WIN-ARGUS-038,3,80,1,1,0,0,0,2.0,0,27,23,0,24,74,0.9,7.156445945945946,2.4046081081081083,21,0,0,0,5,2,2,14279,11318,3.5,0,0,0,3,1,ransomware_like,IMPACT
RANSOMWARE_LIKE-0038,WIN-ARGUS-038,4,99,1,1,0,0,0,2.0,0,31,32,0,30,93,1.0333333333333334,7.209784946236559,2.4122365591397847,28,0,0,0,5,2,3,13935,9745,3.0,0,0,0,3,1,ransomware_like,IMPACT
RANSOMWARE_LIKE-0038,WIN-ARGUS-038,5,93,1,1,0,0,0,2.0,0,34,29,0,25,88,1.1333333333333333,7.079840909090908,2.3978636363636365,27,0,0,0,4,2,3,10297,9527,6.666666666666667,0,0,0,3,1,ransomware_like,IMPACT
RANSOMWARE_LIKE-0039,WIN-ARGUS-039,0,102,1,1,0,0,0,2.0,0,28,37,0,32,97,0.9333333333333333,7.157701030927836,2.431237113402062,25,0,0,0,4,2,3,13864,11119,4.666666666666667,0,0,0,3,1,ransomware_like,IMPACT
RANSOMWARE_LIKE-0039,WIN-ARGUS-039,1,90,1,1,0,0,0,2.0,0,26,25,0,34,85,0.8666666666666667,7.2039294117647055,2.3623176470588234,24,0,0,0,4,3,2,8718,13739,4.666666666666667,0,0,0,3,1,ransomware_like,IMPACT
RANSOMWARE_LIKE-0039,WIN-ARGUS-039,2,89,1,1,0,0,0,2.0,0,22,29,0,32,83,0.7333333333333333,7.103674698795181,2.2428674698795183,18,0,0,0,5,3,3,14363,10650,5.5,0,0,0,3,1,ransomware_like,IMPACT
RANSOMWARE_LIKE-0039,WIN-ARGUS-039,3,109,1,1,0,0,0,2.0,0,40,34,0,29,103,1.3333333333333333,7.020572815533981,2.2550291262135924,37,0,0,0,5,3,3,15191,10276,4.666666666666667,0,0,0,3,1,ransomware_like,IMPACT
RANSOMWARE_LIKE-0039,WIN-ARGUS-039,4,76,1,1,0,0,0,2.0,0,17,22,0,31,70,0.5666666666666667,7.277357142857143,2.330714285714286,14,0,0,0,5,2,2,16455,8019,3.0,0,0,0,3,1,ransomware_like,IMPACT
RANSOMWARE_LIKE-0039,WIN-ARGUS-039,5,99,1,1,0,0,0,2.0,0,24,35,0,34,93,0.8,7.154655913978495,2.323247311827957,22,0,0,0,5,3,3,11277,15857,4.5,0,0,0,3,1,ransomware_like,IMPACT
RANSOMWARE_LIKE-0040,WIN-ARGUS-040,0,79,1,1,0,0,0,2.0,0,34,18,0,24,76,1.1333333333333333,7.10832894736842,2.2111184210526313,30,0,0,0,2,2,1,1669,4245,13.0,0,0,0,3,1,ransomware_like,IMPACT
RANSOMWARE_LIKE-0040,WIN-ARGUS-040,1,91,1,1,0,0,0,2.0,0,26,29,0,30,85,0.8666666666666667,7.190835294117647,2.268905882352941,23,0,0,0,5,3,2,13838,10861,4.5,0,0,0,3,1,ransomware_like,IMPACT
RANSOMWARE_LIKE-0040,WIN-ARGUS-040,2,101,1,1,0,0,0,2.0,0,24,40,0,32,96,0.8,7.041822916666667,2.2339479166666667,20,0,0,0,4,2,2,8991,11513,4.0,0,0,0,3,1,ransomware_like,IMPACT
RANSOMWARE_LIKE-0040,WIN-ARGUS-040,3,80,1,1,0,0,0,2.0,0,15,27,0,33,75,0.5,7.35736,2.3133066666666666,13,0,0,0,4,2,2,10237,11853,5.0,0,0,0,3,1,ransomware_like,IMPACT
RANSOMWARE_LIKE-0040,WIN-ARGUS-040,4,104,1,1,0,0,0,2.0,0,32,36,0,30,98,1.0666666666666667,7.157122448979592,2.2147244897959184,27,0,0,0,5,3,2,12484,6952,5.333333333333333,0,0,0,3,1,ransomware_like,IMPACT
RANSOMWARE_LIKE-0040,WIN-ARGUS-040,5,84,1,1,0,0,0,2.0,0,28,33,0,19,80,0.9333333333333333,6.966724999999999,2.2165500000000002,24,0,0,0,3,2,2,6662,6737,3.0,0,0,0,3,1,ransomware_like,IMPACT
RANSOMWARE_LIKE-0041,WIN-ARGUS-041,0,108,1,1,0,0,0,2.0,0,27,44,0,33,104,0.9,7.208951923076923,2.323826923076923,25,0,0,0,3,2,2,10254,6206,9.5,0,0,0,3,1,ransomware_like,IMPACT
RANSOMWARE_LIKE-0041,WIN-ARGUS-041,1,87,1,1,0,0,0,2.0,0,32,25,0,27,84,1.0666666666666667,7.135809523809524,2.1446309523809526,25,0,0,0,2,2,1,5373,4723,9.0,0,0,0,3,1,ransomware_like,IMPACT
RANSOMWARE_LIKE-0041,WIN-ARGUS-041,2,89,1,1,0,0,0,2.0,0,28,24,0,34,86,0.9333333333333333,7.09103488372093,2.1882093023255815,24,0,0,0,2,1,1,7575,4740,22.0,0,0,0,3,1,ransomware_like,IMPACT
RANSOMWARE_LIKE-0041,WIN-ARGUS-041,3,105,1,1,0,0,0,2.0,0,31,34,0,35,100,1.0333333333333334,7.19328,2.33256,27,0,0,0,4,2,3,7679,7277,9.0,0,0,0,3,1,ransomware_like,IMPACT
RANSOMWARE_LIKE-0041,WIN-ARGUS-041,4,88,1,1,0,0,0,2.0,0,32,21,0,29,82,1.0666666666666667,6.9557317073170735,2.180109756097561,27,0,0,0,5,3,3,20004,8615,4.0,0,0,0,3,1,ransomware_like,IMPACT
RANSOMWARE_LIKE-0041,WIN-ARGUS-041,5,115,1,1,0,0,0,2.0,0,30,40,0,39,109,1.0,7.278651376146789,2.378669724770642,24,0,0,0,5,2,3,11915,13118,3.75,0,0,0,3,1,ransomware_like,IMPACT
RANSOMWARE_LIKE-0042,WIN-ARGUS-042,0,92,1,1,0,0,0,2.0,0,28,19,0,40,87,0.9333333333333333,7.231333333333333,2.348344827586207,25,0,0,0,4,3,3,10879,14747,5.666666666666667,0,0,0,3,1,ransomware_like,IMPACT
RANSOMWARE_LIKE-0042,WIN-ARGUS-042,1,108,1,1,0,0,0,2.0,0,33,37,0,32,102,1.1,7.1467156862745105,2.2008333333333336,30,0,0,0,5,2,3,12492,11754,3.75,0,0,0,3,1,ransomware_like,IMPACT
RANSOMWARE_LIKE-0042,WIN-ARGUS-042,2,113,1,1,0,0,0,2.0,0,32,36,0,40,108,1.0666666666666667,7.006583333333333,2.188555555555556,28,0,0,0,4,2,2,9964,15010,9.5,0,0,0,3,1,ransomware_like,IMPACT
RANSOMWARE_LIKE-0042,WIN-ARGUS-042,3,95,1,1,0,0,0,2.0,0,27,33,0,31,90,0.9,7.222384615384615,2.382736263736264,27,0,0,0,3,2,2,5877,8839,7.0,0,0,0,3,1,ransomware_like,IMPACT
RANSOMWARE_LIKE-0042,WIN-ARGUS-042,4,93,1,1,0,0,0,2.0,0,28,32,0,28,88,0.9333333333333333,7.044545454545454,2.1863295454545453,23,0,0,0,4,3,1,11016,11798,6.0,0,0,0,3,1,ransomware_like,IMPACT
RANSOMWARE_LIKE-0042,WIN-ARGUS-042,5,94,1,1,0,0,0,2.0,0,35,29,0,26,89,1.1666666666666667,7.143666666666667,2.2974555555555556,32,0,0,0,3,3,2,4795,9477,7.0,0,0,0,3,1,ransomware_like,IMPACT
RANSOMWARE_LIKE-0043,WIN-ARGUS-043,0,86,1,1,0,0,0,2.0,0,18,34,0,30,82,0.6,7.177365853658537,2.16780487804878,14,0,0,0,3,3,2,5603,10703,7.0,0,0,0,3,1,ransomware_like,IMPACT
RANSOMWARE_LIKE-0043,WIN-ARGUS-043,1,112,1,1,0,0,0,2.0,0,37,40,0,31,108,1.2333333333333334,7.135935185185185,2.2347129629629627,33,0,0,0,3,3,1,5763,9413,10.5,0,0,0,3,1,ransomware_like,IMPACT
RANSOMWARE_LIKE-0043,WIN-ARGUS-043,2,107,1,1,0,0,0,2.0,0,30,40,0,34,104,1.0,7.260307692307692,2.3363365384615387,25,0,0,0,2,1,2,6332,7150,9.0,0,0,0,3,1,ransomware_like,IMPACT
RANSOMWARE_LIKE-0043,WIN-ARGUS-043,3,91,1,1,0,0,0,2.0,0,31,37,0,20,88,1.0333333333333334,7.125545454545454,2.1497045454545454,26,0,0,0,2,2,1,8228,5244,1.0,0,0,0,3,1,ransomware_like,IMPACT
RANSOMWARE_LIKE-0043,WIN-ARGUS-043,4,110,1,1,0,0,0,2.0,0,33,42,0,30,105,1.1,7.1151904761904765,2.301542857142857,28,0,0,0,4,2,2,14750,11015,6.0,0,0,0,3,1,ransomware_like,IMPACT
RANSOMWARE_LIKE-0043,WIN-ARGUS-043,5,80,1,1,0,0,0,2.0,0,31,30,0,16,77,1.0333333333333334,7.165000000000001,2.419025974025974,27,0,0,0,2,2,2,4690,5217,4.0,0,0,0,3,1,ransomware_like,IMPACT
RANSOMWARE_LIKE-0044,WIN-ARGUS-044,0,115,1,1,0,0,0,2.0,0,38,39,0,33,110,1.2666666666666666,7.236836363636364,2.373336363636364,35,0,0,0,4,2,3,12917,11656,6.333333333333333,0,0,0,3,1,ransomware_like,IMPACT
RANSOMWARE_LIKE-0044,WIN-ARGUS-044,1,102,1,1,0,0,0,2.0,0,35,33,0,30,98,1.1666666666666667,7.369448979591837,2.400357142857143,30,0,0,0,3,2,2,7541,2560,7.0,0,0,0,3,1,ransomware_like,IMPACT
RANSOMWARE_LIKE-0044,WIN-ARGUS-044,2,85,1,1,0,0,0,2.0,0,22,26,0,31,79,0.7333333333333333,7.243746835443037,2.432620253164557,17,0,0,0,5,3,2,13453,10569,5.75,0,0,0,3,1,ransomware_like,IMPACT
RANSOMWARE_LIKE-0044,WIN-ARGUS-044,3,114,1,1,0,0,0,2.0,0,39,34,0,36,109,1.3,7.036880733944954,2.2136513761467893,36,0,0,0,4,3,3,9977,8961,7.333333333333333,0,0,0,3,1,ransomware_like,IMPACT
RANSOMWARE_LIKE-0044,WIN-ARGUS-044,4,112,1,1,0,0,0,2.0,0,33,36,0,40,109,1.1,7.0179724770642204,2.1368990825688075,27,0,0,0,2,1,1,2787,8030,21.0,0,0,0,3,1,ransomware_like,IMPACT
RANSOMWARE_LIKE-0044,WIN-ARGUS-044,5,92,1,1,0,0,0,2.0,0,28,28,0,33,89,0.9333333333333333,7.232966292134832,2.2614831460674156,26,0,0,0,2,2,2,6804,5743,17.0,0,0,0,3,1,ransomware_like,IMPACT
RANSOMWARE_LIKE-0045,WIN-ARGUS-045,0,94,1,1,0,0,0,2.0,0,25,38,0,28,91,0.8333333333333334,7.107351648351648,2.258912087912088,20,0,0,0,2,2,2,5908,5017,4.0,0,0,0,3,1,ransomware_like,IMPACT
RANSOMWARE_LIKE-0045,WIN-ARGUS-045,1,84,1,1,0,0,0,2.0,0,35,18,0,26,79,1.1666666666666667,7.146810126582278,2.2044430379746838,30,0,0,0,4,2,3,6375,11718,5.333333333333333,0,0,0,3,1,ransomware_like,IMPACT
RANSOMWARE_LIKE-0045,WIN-ARGUS-045,2,109,1,1,0,0,0,2.0,0,26,35,0,45,106,0.8666666666666667,7.188216981132076,2.36688679245283,22,0,0,0,2,2,2,7193,3114,3.0,0,0,0,3,1,ransomware_like,IMPACT
RANSOMWARE_LIKE-0045,WIN-ARGUS-045,3,91,1,1,0,0,0,2.0,0,25,33,0,28,86,0.8333333333333334,7.046162790697675,2.297,21,0,0,0,4,2,2,4900,13185,6.0,0,0,0,3,1,ransomware_like,IMPACT
RANSOMWARE_LIKE-0045,WIN-ARGUS-045,4,88,1,1,0,0,0,2.0,0,24,31,0,27,82,0.8,7.020548780487804,2.2068658536585364,18,0,0,0,5,2,3,11769,10724,8.333333333333334,0,0,0,3,1,ransomware_like,IMPACT
RANSOMWARE_LIKE-0045,WIN-ARGUS-045,5,108,1,1,0,0,0,2.0,0,39,32,0,34,105,1.3,7.121371428571429,2.224952380952381,32,0,0,0,2,2,2,2907,5678,20.0,0,0,0,3,1,ransomware_like,IMPACT
RANSOMWARE_LIKE-0046,WIN-ARGUS-046,0,80,1,1,0,0,0,2.0,0,27,26,0,21,74,0.9,7.295851351351351,2.2212567567567567,22,0,0,0,5,3,2,10324,11667,5.333333333333333,0,0,0,3,1,ransomware_like,IMPACT
RANSOMWARE_LIKE-0046,WIN-ARGUS-046,1,97,1,1,0,0,0,2.0,0,39,22,0,33,94,1.3,7.208702127659575,2.2216595744680854,34,0,0,0,2,2,1,3549,1179,1.0,0,0,0,3,1,ransomware_like,IMPACT
RANSOMWARE_LIKE-0046,WIN-ARGUS-046,2,97,1,1,0,0,0,2.0,0,28,34,0,31,93,0.9333333333333333,7.170268817204302,2.2395913978494626,26,0,0,0,3,3,2,9658,8850,8.0,0,0,0,3,1,ransomware_like,IMPACT
RANSOMWARE_LIKE-0046,WIN-ARGUS-046,3,107,1,1,0,0,0,2.0,0,34,37,0,31,102,1.1333333333333333,7.1758235294117645,2.421519607843137,31,0,0,0,4,2,2,4704,4448,5.0,0,0,0,3,1,ransomware_like,IMPACT
RANSOMWARE_LIKE-0046,WIN-ARGUS-046,4,86,1,1,0,0,0,2.0,0,27,31,0,23,81,0.9,7.011864197530865,2.263938271604938,23,0,0,0,4,3,3,10449,10244,11.0,0,0,0,3,1,ransomware_like,IMPACT
RANSOMWARE_LIKE-0046,WIN-ARGUS-046,5,99,1,1,0,0,0,2.0,0,29,31,0,36,96,0.9666666666666667,7.119739583333334,2.3195520833333334,25,0,0,0,2,2,1,3259,6751,5.0,0,0,0,3,1,ransomware_like,IMPACT
RANSOMWARE_LIKE-0047,WIN-ARGUS-047,0,110,1,1,0,0,0,2.0,0,35,38,0,33,106,1.1666666666666667,7.037754716981132,2.2663490566037736,28,0,0,0,3,2,2,6375,10315,16.0,0,0,0,3,1,ransomware_like,IMPACT
RANSOMWARE_LIKE-0047,WIN-ARGUS-047,1,81,1,1,0,0,0,2.0,0,21,27,0,29,77,0.7,6.971077922077923,2.1295584415584417,19,0,0,0,3,2,2,8874,8984,1.0,0,0,0,3,1,ransomware_like,IMPACT
RANSOMWARE_LIKE-0047,WIN-ARGUS-047,2,100,1,1,0,0,0,2.0,0,34,27,0,36,97,1.1333333333333333,6.958896907216495,2.147123711340206,29,0,0,0,2,2,1,4736,3266,21.0,0,0,0,3,1,ransomware_like,IMPACT
RANSOMWARE_LIKE-0047,WIN-ARGUS-047,3,112,1,1,0,0,0,2.0,0,37,39,0,33,109,1.2333333333333334,6.858605504587156,2.100045871559633,32,0,0,0,2,2,1,2007,7883,6.0,0,0,0,3,1,ransomware_like,IMPACT
RANSOMWARE_LIKE-0047,WIN-ARGUS-047,4,106,1,1,0,0,0,2.0,0,38,24,0,40,102,1.2666666666666666,7.161647058823529,2.259313725490196,31,0,0,0,3,2,2,8508,6105,2.5,0,0,0,3,1,ransomware_like,IMPACT
RANSOMWARE_LIKE-0047,WIN-ARGUS-047,5,93,1,1,0,0,0,2.0,0,27,32,0,28,87,0.9,7.043149425287356,2.2654137931034484,25,0,0,0,5,3,3,10445,14233,6.0,0,0,0,3,1,ransomware_like,IMPACT
RANSOMWARE_LIKE-0048,WIN-ARGUS-048,0,81,1,1,0,0,0,2.0,0,27,26,0,22,75,0.9,7.487426666666667,2.4244266666666667,26,0,0,0,5,3,3,12560,4508,5.5,0,0,0,3,1,ransomware_like,IMPACT
RANSOMWARE_LIKE-0048,WIN-ARGUS-048,1,80,1,1,0,0,0,2.0,0,28,20,0,26,74,0.9333333333333333,7.353364864864865,2.5836486486486487,25,0,0,0,5,3,3,14396,15424,2.5,0,0,0,3,1,ransomware_like,IMPACT
RANSOMWARE_LIKE-0048,WIN-ARGUS-048,2,115,1,1,0,0,0,2.0,0,39,36,0,34,109,1.3,7.204587155963302,2.194651376146789,36,0,0,0,5,2,3,11236,17008,2.75,0,0,0,3,1,ransomware_like,IMPACT
RANSOMWARE_LIKE-0048,WIN-ARGUS-048,3,112,1,1,0,0,0,2.0,0,35,36,0,38,109,1.1666666666666667,7.029467889908257,2.069770642201835,31,0,0,0,2,1,2,2102,3268,8.0,0,0,0,3,1,ransomware_like,IMPACT
RANSOMWARE_LIKE-0048,WIN-ARGUS-048,4,99,1,1,0,0,0,2.0,0,35,26,0,33,93,1.1666666666666667,7.0405,2.1763404255319148,29,0,0,0,4,3,2,15344,14597,5.0,0,0,0,3,1,ransomware_like,IMPACT
RANSOMWARE_LIKE-0048,WIN-ARGUS-048,5,91,1,1,0,0,0,2.0,0,31,23,0,32,86,1.0333333333333334,7.365104651162791,2.448581395348837,27,0,0,0,4,2,2,10314,7350,3.0,0,0,0,3,1,ransomware_like,IMPACT
RANSOMWARE_LIKE-0049,WIN-ARGUS-049,0,99,1,1,0,0,0,2.0,0,28,33,0,33,94,0.9333333333333333,7.3333085106382985,2.3579574468085105,26,0,0,0,4,3,2,11217,15288,11.0,0,0,0,3,1,ransomware_like,IMPACT
RANSOMWARE_LIKE-0049,WIN-ARGUS-049,1,94,1,1,0,0,0,2.0,0,31,30,0,29,90,1.0333333333333334,6.987533333333333,2.1855555555555553,23,0,0,0,3,2,2,9352,8694,9.0,0,0,0,3,1,ransomware_like,IMPACT
RANSOMWARE_LIKE-0049,WIN-ARGUS-049,2,94,1,1,0,0,0,2.0,0,27,36,0,26,89,0.9,7.012674157303371,2.1999662921348313,22,0,0,0,4,3,3,11582,6252,6.5,0,0,0,3,1,ransomware_like,IMPACT
RANSOMWARE_LIKE-0049,WIN-ARGUS-049,3,91,1,1,0,0,0,2.0,0,23,31,0,31,85,0.7666666666666667,7.1605058823529415,2.2836235294117646,20,0,0,0,5,3,3,10007,12043,4.25,0,0,0,3,1,ransomware_like,IMPACT
RANSOMWARE_LIKE-0049,WIN-ARGUS-049,4,87,1,1,0,0,0,2.0,0,18,29,0,36,83,0.6,6.975373493975904,2.138831325301205,13,0,0,0,3,2,2,9163,6429,4.0,0,0,0,3,1,ransomware_like,IMPACT
RANSOMWARE_LIKE-0049,WIN-ARGUS-049,5,82,1,1,0,0,0,2.0,0,17,32,0,27,76,0.5666666666666667,7.05046052631579,2.2067763157894738,14,0,0,0,5,1,2,16582,13106,2.75,0,0,0,3,1,ransomware_like,IMPACT
RANSOMWARE_LIKE-0050,WIN-ARGUS-050,0,85,1,1,0,0,0,2.0,0,29,25,0,25,79,0.9666666666666667,7.094632911392405,2.1855949367088607,24,0,0,0,5,3,3,12165,16035,6.333333333333333,0,0,0,3,1,ransomware_like,IMPACT
RANSOMWARE_LIKE-0050,WIN-ARGUS-050,1,81,1,1,0,0,0,2.0,0,33,25,0,18,76,1.1,7.126,2.186118421052632,27,0,0,0,4,3,3,10474,11497,9.0,0,0,0,3,1,ransomware_like,IMPACT
RANSOMWARE_LIKE-0050,WIN-ARGUS-050,2,95,1,1,0,0,0,2.0,0,30,24,0,36,90,1.0,7.115166666666667,2.2911444444444444,25,0,0,0,4,2,3,9811,12170,5.666666666666667,0,0,0,3,1,ransomware_like,IMPACT
RANSOMWARE_LIKE-0050,WIN-ARGUS-050,3,112,1,1,0,0,0,2.0,0,34,33,0,39,106,1.1333333333333333,7.11845283018868,2.3637735849056605,30,0,0,0,5,3,3,11752,11421,4.5,0,0,0,3,1,ransomware_like,IMPACT
RANSOMWARE_LIKE-0050,WIN-ARGUS-050,4,108,1,1,0,0,0,2.0,0,38,33,0,32,103,1.2666666666666666,7.043689320388349,2.1668349514563108,35,0,0,0,4,2,2,12406,12061,4.0,0,0,0,3,1,ransomware_like,IMPACT
RANSOMWARE_LIKE-0050,WIN-ARGUS-050,5,91,1,1,0,0,0,2.0,0,27,27,0,31,85,0.9,7.287529411764707,2.3636823529411766,23,0,0,0,5,2,3,7119,14080,5.0,0,0,0,3,1,ransomware_like,IMPACT
RANSOMWARE_LIKE-0051,WIN-ARGUS-051,0,76,1,1,0,0,0,2.0,0,35,12,0,23,70,1.1666666666666667,6.990314285714286,2.1081857142857143,31,0,0,0,5,3,3,17192,16892,6.0,0,0,0,3,1,ransomware_like,IMPACT
RANSOMWARE_LIKE-0051,WIN-ARGUS-051,1,84,1,1,0,0,0,2.0,0,25,24,0,32,81,0.8333333333333334,7.063185185185186,2.2089382716049384,22,0,0,0,2,1,2,3992,2500,7.0,0,0,0,3,1,ransomware_like,IMPACT
RANSOMWARE_LIKE-0051,WIN-ARGUS-051,2,85,1,1,0,0,0,2.0,0,31,27,0,24,82,1.0333333333333334,6.9939634146341465,2.1014756097560974,23,0,0,0,2,1,2,7400,1207,11.0,0,0,0,3,1,ransomware_like,IMPACT
RANSOMWARE_LIKE-0051,WIN-ARGUS-051,3,108,1,1,0,0,0,2.0,0,36,32,0,36,104,1.2,7.207307692307693,2.3481634615384617,31,0,0,0,3,2,1,9328,9672,5.0,0,0,0,3,1,ransomware_like,IMPACT
RANSOMWARE_LIKE-0051,WIN-ARGUS-051,4,94,1,1,0,0,0,2.0,0,32,27,0,32,91,1.0666666666666667,7.078428571428571,2.236615384615385,25,0,0,0,2,1,2,6236,7278,5.0,0,0,0,3,1,ransomware_like,IMPACT
RANSOMWARE_LIKE-0051,WIN-ARGUS-051,5,102,1,1,0,0,0,2.0,0,38,31,0,28,97,1.2666666666666666,6.761432989690722,2.005639175257732,27,0,0,0,4,3,2,10731,13576,6.333333333333333,0,0,0,3,1,ransomware_like,IMPACT
RANSOMWARE_LIKE-0052,WIN-ARGUS-052,0,93,1,1,0,0,0,2.0,0,31,27,0,31,89,1.0333333333333334,6.864516853932584,2.111640449438202,25,0,0,0,3,2,2,6890,9134,4.5,0,0,0,3,1,ransomware_like,IMPACT
RANSOMWARE_LIKE-0052,WIN-ARGUS-052,1,82,1,1,0,0,0,2.0,0,23,25,0,31,79,0.7666666666666667,6.911949367088607,2.192658227848101,16,0,0,0,2,1,1,5867,6642,8.0,0,0,0,3,1,ransomware_like,IMPACT
RANSOMWARE_LIKE-0052,WIN-ARGUS-052,2,98,1,1,0,0,0,2.0,0,27,37,0,30,94,0.9,7.101904255319148,2.187563829787234,21,0,0,0,3,2,1,4879,11698,6.5,0,0,0,3,1,ransomware_like,IMPACT
RANSOMWARE_LIKE-0052,WIN-ARGUS-052,3,82,1,1,0,0,0,2.0,0,30,21,0,26,77,1.0,7.080246753246753,2.2053506493506494,30,0,0,0,4,2,3,8022,6371,6.0,0,0,0,3,1,ransomware_like,IMPACT
RANSOMWARE_LIKE-0052,WIN-ARGUS-052,4,111,1,1,0,0,0,2.0,0,32,34,0,40,106,1.0666666666666667,6.863867924528303,2.1600094339622644,26,0,0,0,4,2,3,7736,14096,7.0,0,0,0,3,1,ransomware_like,IMPACT
RANSOMWARE_LIKE-0052,WIN-ARGUS-052,5,85,1,1,0,0,0,2.0,0,31,15,0,35,81,1.0333333333333334,7.310555555555555,2.3364197530864197,28,0,0,0,3,2,2,9755,9049,6.5,0,0,0,3,1,ransomware_like,IMPACT
RANSOMWARE_LIKE-0053,WIN-ARGUS-053,0,88,1,1,0,0,0,2.0,0,25,35,0,22,82,0.8333333333333334,6.956951219512195,2.209719512195122,18,0,0,0,5,2,3,16151,15314,6.0,0,0,0,3,1,ransomware_like,IMPACT
RANSOMWARE_LIKE-0053,WIN-ARGUS-053,1,98,1,1,0,0,0,2.0,0,31,37,0,25,93,1.0333333333333334,7.198774193548387,2.349956989247312,28,0,0,0,4,2,3,13800,13157,7.0,0,0,0,3,1,ransomware_like,IMPACT
RANSOMWARE_LIKE-0053,WIN-ARGUS-053,2,79,1,1,0,0,0,2.0,0,22,25,0,27,74,0.7333333333333333,7.162283783783784,2.3679864864864864,20,0,0,0,4,2,2,11558,7124,3.6666666666666665,0,0,0,3,1,ransomware_like,IMPACT
RANSOMWARE_LIKE-0053,WIN-ARGUS-053,3,78,1,1,0,0,0,2.0,0,18,24,0,31,73,0.6,7.027479452054794,2.195287671232877,16,0,0,0,4,2,3,11553,16634,4.333333333333333,0,0,0,3,1,ransomware_like,IMPACT
RANSOMWARE_LIKE-0053,WIN-ARGUS-053,4,83,1,1,0,0,0,2.0,0,24,29,0,26,79,0.8,6.900050632911393,2.016253164556962,21,0,0,0,3,2,3,6484,11872,9.5,0,0,0,3,1,ransomware_like,IMPACT
RANSOMWARE_LIKE-0053,WIN-ARGUS-053,5,84,1,1,0,0,0,2.0,0,29,29,0,21,79,0.9666666666666667,7.153303797468355,2.2627341772151897,27,0,0,0,4,3,2,6009,9263,2.0,0,0,0,3,1,ransomware_like,IMPACT
RANSOMWARE_LIKE-0054,WIN-ARGUS-054,0,114,1,1,0,0,0,2.0,0,42,29,0,38,108,1.4,7.083247706422018,2.1766146788990826,35,0,0,0,4,2,2,6330,10719,4.666666666666667,0,0,0,3,1,ransomware_like,IMPACT
RANSOMWARE_LIKE-0054,WIN-ARGUS-054,1,103,1,1,0,0,0,2.0,0,32,30,0,35,97,1.0666666666666667,7.151371134020619,2.4050515463917526,31,0,0,0,5,3,3,16880,11399,3.3333333333333335,0,0,0,3,1,ransomware_like,IMPACT
RANSOMWARE_LIKE-0054,WIN-ARGUS-054,2,100,1,1,0,0,0,2.0,0,26,36,0,34,96,0.8666666666666667,7.243333333333333,2.363354166666667,24,0,0,0,3,3,2,4397,12274,7.5,0,0,0,3,1,ransomware_like,IMPACT
RANSOMWARE_LIKE-0054,WIN-ARGUS-054,3,114,1,1,0,0,0,2.0,0,33,31,0,46,110,1.1,6.962218181818182,2.0828363636363636,25,0,0,0,3,3,2,11784,9457,6.5,0,0,0,3,1,ransomware_like,IMPACT
RANSOMWARE_LIKE-0054,WIN-ARGUS-054,4,97,1,1,0,0,0,2.0,0,28,23,0,40,91,0.9333333333333333,6.904472527472528,2.1733406593406595,25,0,0,0,5,2,2,11895,15079,4.5,0,0,0,3,1,ransomware_like,IMPACT
RANSOMWARE_LIKE-0054,WIN-ARGUS-054,5,112,1,1,0,0,0,2.0,0,30,38,0,39,107,1.0,6.900915887850467,2.1079906542056075,24,0,0,0,4,2,2,10866,13666,8.666666666666666,0,0,0,3,1,ransomware_like,IMPACT
RANSOMWARE_LIKE-0055,WIN-ARGUS-055,0,93,1,1,0,0,0,2.0,0,21,30,0,38,89,0.7,7.074112359550562,2.2291573033707865,18,0,0,0,3,2,3,7745,3511,1.5,0,0,0,3,1,ransomware_like,IMPACT
RANSOMWARE_LIKE-0055,WIN-ARGUS-055,1,101,1,1,0,0,0,2.0,0,35,33,0,29,97,1.1666666666666667,6.920092783505154,2.1562474226804125,28,0,0,0,3,2,2,7503,8672,7.0,0,0,0,3,1,ransomware_like,IMPACT
RANSOMWARE_LIKE-0055,WIN-ARGUS-055,2,78,1,1,0,0,0,2.0,0,27,24,0,24,75,0.9,7.123359999999999,2.294493333333333,25,0,0,0,2,1,2,3415,1871,7.0,0,0,0,3,1,ransomware_like,IMPACT
RANSOMWARE_LIKE-0055,WIN-ARGUS-055,3,84,1,1,0,0,0,2.0,0,31,20,0,29,80,1.0333333333333334,7.077262500000001,2.2132875,27,0,0,0,3,2,2,8530,4098,5.0,0,0,0,3,1,ransomware_like,IMPACT
RANSOMWARE_LIKE-0055,WIN-ARGUS-055,4,77,1,1,0,0,0,2.0,0,23,21,0,29,73,0.7666666666666667,7.197054794520548,2.2623013698630134,23,0,0,0,3,2,2,7685,8021,7.5,0,0,0,3,1,ransomware_like,IMPACT
RANSOMWARE_LIKE-0055,WIN-ARGUS-055,5,76,1,1,0,0,0,2.0,0,24,21,0,26,71,0.8,7.112154929577465,2.243718309859155,20,0,0,0,4,2,3,13190,4838,2.6666666666666665,0,0,0,3,1,ransomware_like,IMPACT
RANSOMWARE_LIKE-0056,WIN-ARGUS-056,0,92,1,1,0,0,0,2.0,0,25,37,0,24,86,0.8333333333333334,6.880093023255814,2.0816279069767445,19,0,0,0,5,3,2,10461,4477,4.25,0,0,0,3,1,ransomware_like,IMPACT
RANSOMWARE_LIKE-0056,WIN-ARGUS-056,1,98,1,1,0,0,0,2.0,0,36,26,0,32,94,1.2,6.8003829787234045,1.9841489361702127,31,0,0,0,3,2,2,6864,5062,14.0,0,0,0,3,1,ransomware_like,IMPACT
RANSOMWARE_LIKE-0056,WIN-ARGUS-056,2,101,1,1,0,0,0,2.0,0,29,37,0,32,98,0.9666666666666667,7.136520408163266,2.3425714285714285,26,0,0,0,2,1,1,6217,8369,16.0,0,0,0,3,1,ransomware_like,IMPACT
RANSOMWARE_LIKE-0056,WIN-ARGUS-056,3,81,1,1,0,0,0,2.0,0,28,18,0,30,76,0.9333333333333333,7.007434210526316,2.261486842105263,26,0,0,0,4,2,2,10342,9654,6.0,0,0,0,3,1,ransomware_like,IMPACT
RANSOMWARE_LIKE-0056,WIN-ARGUS-056,4,77,1,1,0,0,0,2.0,0,24,17,0,30,71,0.8,7.17743661971831,2.3012957746478873,23,0,0,0,5,3,3,10854,12206,5.75,0,0,0,3,1,ransomware_like,IMPACT
RANSOMWARE_LIKE-0056,WIN-ARGUS-056,5,82,1,1,0,0,0,2.0,0,25,32,0,21,78,0.8333333333333334,6.960564102564102,2.0487435897435895,22,0,0,0,3,1,2,9631,10764,13.0,0,0,0,3,1,ransomware_like,IMPACT
RANSOMWARE_LIKE-0057,WIN-ARGUS-057,0,100,1,1,0,0,0,2.0,0,42,30,0,24,96,1.4,7.142864583333334,2.263520833333333,37,0,0,0,3,1,2,10020,9534,11.5,0,0,0,3,1,ransomware_like,IMPACT
RANSOMWARE_LIKE-0057,WIN-ARGUS-057,1,97,1,1,0,0,0,2.0,0,32,31,0,30,93,1.0666666666666667,7.064064516129032,2.1423763440860215,25,0,0,0,3,2,2,11474,8131,5.0,0,0,0,3,1,ransomware_like,IMPACT
RANSOMWARE_LIKE-0057,WIN-ARGUS-057,2,108,1,1,0,0,0,2.0,0,28,29,0,48,105,0.9333333333333333,6.828438095238095,2.0168857142857144,24,0,0,0,2,2,2,2279,2746,10.0,0,0,0,3,1,ransomware_like,IMPACT
RANSOMWARE_LIKE-0057,WIN-ARGUS-057,3,87,1,1,0,0,0,2.0,0,31,23,0,27,81,1.0333333333333334,7.082913580246914,2.2130493827160493,28,0,0,0,5,2,3,14513,16514,5.5,0,0,0,3,1,ransomware_like,IMPACT
RANSOMWARE_LIKE-0057,WIN-ARGUS-057,4,104,1,1,0,0,0,2.0,0,36,29,0,34,99,1.2,6.9948282828282835,2.1756060606060603,33,0,0,0,4,3,2,11709,11203,2.6666666666666665,0,0,0,3,1,ransomware_like,IMPACT
RANSOMWARE_LIKE-0057,WIN-ARGUS-057,5,80,1,1,0,0,0,2.0,0,26,28,0,20,74,0.8666666666666667,7.029743243243243,2.194,20,0,0,0,5,3,3,15541,15855,5.0,0,0,0,3,1,ransomware_like,IMPACT
RANSOMWARE_LIKE-0058,WIN-ARGUS-058,0,91,1,1,0,0,0,2.0,0,31,32,0,23,86,1.0333333333333334,7.199290697674419,2.374313953488372,28,0,0,0,4,2,2,11914,6169,4.666666666666667,0,0,0,3,1,ransomware_like,IMPACT
RANSOMWARE_LIKE-0058,WIN-ARGUS-058,1,103,1,1,0,0,0,2.0,0,33,29,0,36,98,1.1,7.055908163265307,2.1948775510204084,26,0,0,0,4,3,2,11963,11031,5.0,0,0,0,3,1,ransomware_like,IMPACT
RANSOMWARE_LIKE-0058,WIN-ARGUS-058,2,102,1,1,0,0,0,2.0,0,32,33,0,32,97,1.0666666666666667,6.928020618556701,2.084422680412371,27,0,0,0,4,2,2,13661,5082,7.666666666666667,0,0,0,3,1,ransomware_like,IMPACT
RANSOMWARE_LIKE-0058,WIN-ARGUS-058,3,112,1,1,0,0,0,2.0,0,32,44,0,31,107,1.0666666666666667,6.872897196261682,2.249065420560748,25,0,0,0,4,3,2,11908,8041,6.0,0,0,0,3,1,ransomware_like,IMPACT
RANSOMWARE_LIKE-0058,WIN-ARGUS-058,4,115,1,1,0,0,0,2.0,0,36,37,0,37,110,1.2,7.144954545454546,2.1951636363636364,30,0,0,0,4,2,2,9106,9803,6.0,0,0,0,3,1,ransomware_like,IMPACT
RANSOMWARE_LIKE-0058,WIN-ARGUS-058,5,105,1,1,0,0,0,2.0,0,34,39,0,28,101,1.1333333333333333,7.1503366336633665,2.3114653465346535,28,0,0,0,3,2,2,5772,7654,4.0,0,0,0,3,1,ransomware_like,IMPACT
RANSOMWARE_LIKE-0059,WIN-ARGUS-059,0,76,1,1,0,0,0,2.0,0,20,21,0,29,70,0.6666666666666666,7.0377285714285716,2.1533857142857142,14,0,0,0,5,2,3,14013,10514,4.0,0,0,0,3,1,ransomware_like,IMPACT
RANSOMWARE_LIKE-0059,WIN-ARGUS-059,1,87,1,1,0,0,0,2.0,0,20,27,0,34,81,0.6666666666666666,7.116432098765433,2.1936666666666667,15,0,0,0,5,3,3,20695,10326,6.0,0,0,0,3,1,ransomware_like,IMPACT
RANSOMWARE_LIKE-0059,WIN-ARGUS-059,2,89,1,1,0,0,0,2.0,0,21,32,0,31,84,0.7,7.0313333333333325,2.2785952380952383,20,0,0,0,4,3,2,11792,8375,5.5,0,0,0,3,1,ransomware_like,IMPACT
RANSOMWARE_LIKE-0059,WIN-ARGUS-059,3,92,1,1,0,0,0,2.0,0,25,35,0,28,88,0.8333333333333334,7.055943181818182,2.2067386363636365,24,0,0,0,3,2,2,7956,4209,8.0,0,0,0,3,1,ransomware_like,IMPACT
RANSOMWARE_LIKE-0059,WIN-ARGUS-059,4,96,1,1,0,0,0,2.0,0,29,30,0,32,91,0.9666666666666667,7.175736263736264,2.2611538461538463,23,0,0,0,4,3,3,15510,12470,7.0,0,0,0,3,1,ransomware_like,IMPACT
RANSOMWARE_LIKE-0059,WIN-ARGUS-059,5,78,1,1,0,0,0,2.0,0,19,21,0,32,72,0.6333333333333333,6.9832777777777775,2.431763888888889,15,0,0,0,5,3,3,16438,15934,5.5,0,0,0,3,1,ransomware_like,IMPACT
RANSOMWARE_LIKE-0060,WIN-ARGUS-060,0,81,1,1,0,0,0,2.0,0,24,21,0,33,78,0.8,7.26175641025641,2.3490256410256407,21,0,0,0,2,1,1,7540,5078,6.0,0,0,0,3,1,ransomware_like,IMPACT
RANSOMWARE_LIKE-0060,WIN-ARGUS-060,1,103,1,1,0,0,0,2.0,0,30,29,0,41,100,1.0,7.04255,2.24749,27,0,0,0,2,2,2,7682,3616,10.0,0,0,0,3,1,ransomware_like,IMPACT
RANSOMWARE_LIKE-0060,WIN-ARGUS-060,2,92,1,1,0,0,0,2.0,0,24,31,0,34,89,0.8,7.0170112359550565,2.3381573033707865,23,0,0,0,2,1,2,4901,1595,17.0,0,0,0,3,1,ransomware_like,IMPACT
RANSOMWARE_LIKE-0060,WIN-ARGUS-060,3,94,1,1,0,0,0,2.0,0,26,28,0,35,89,0.8666666666666667,7.123977528089887,2.2334044943820226,26,0,0,0,4,3,1,7754,7798,7.666666666666667,0,0,0,3,1,ransomware_like,IMPACT
RANSOMWARE_LIKE-0060,WIN-ARGUS-060,4,93,1,1,0,0,0,2.0,0,27,30,0,33,90,0.9,6.796222222222222,2.038788888888889,24,0,0,0,2,2,2,4410,1633,6.0,0,0,0,3,1,ransomware_like,IMPACT
RANSOMWARE_LIKE-0060,WIN-ARGUS-060,5,100,1,1,0,0,0,2.0,0,30,32,0,35,97,1.0,7.120072164948454,2.177257731958763,24,0,0,0,2,1,2,5890,2734,17.0,0,0,0,3,1,ransomware_like,IMPACT
